2026-07-30 20:43:05,934 [INFO] Starting — pulling FFmpeg binaries...
2026-07-30 20:43:05,934 [DEBUG] Attempting to acquire lock 1950437191952 on F:\Githubrepostotest\Dragon Diffusion Video Prep\venv\Lib\site-packages\static_ffmpeg\lock.file
2026-07-30 20:43:05,934 [DEBUG] Lock 1950437191952 acquired on F:\Githubrepostotest\Dragon Diffusion Video Prep\venv\Lib\site-packages\static_ffmpeg\lock.file
2026-07-30 20:43:05,934 [DEBUG] Attempting to release lock 1950437191952 on F:\Githubrepostotest\Dragon Diffusion Video Prep\venv\Lib\site-packages\static_ffmpeg\lock.file
2026-07-30 20:43:05,934 [DEBUG] Lock 1950437191952 released on F:\Githubrepostotest\Dragon Diffusion Video Prep\venv\Lib\site-packages\static_ffmpeg\lock.file
2026-07-30 20:43:05,934 [INFO] FFmpeg ready.
2026-07-30 20:43:05,934 [INFO] Input  folder: F:\Githubrepostotest\Dragon Diffusion Video Prep\input
2026-07-30 20:43:05,934 [INFO] Output folder: F:\Githubrepostotest\Dragon Diffusion Video Prep\output
2026-07-30 20:43:05,936 [DEBUG] Using proactor: IocpProactor
2026-07-30 20:43:05,936 [DEBUG] Using proactor: IocpProactor
2026-07-30 20:43:05,936 [DEBUG] Using proactor: IocpProactor
2026-07-30 20:43:05,936 [DEBUG] Using proactor: IocpProactor
2026-07-30 20:43:05,990 [DEBUG] Using proactor: IocpProactor
2026-07-30 20:43:05,992 [DEBUG] Using proactor: IocpProactor
2026-07-30 20:43:06,018 [DEBUG] Using proactor: IocpProactor
2026-07-30 20:43:06,018 [DEBUG] Using proactor: IocpProactor
2026-07-30 20:43:06,055 [DEBUG] Using proactor: IocpProactor
2026-07-30 20:43:06,068 [DEBUG] connect_tcp.started host='api.gradio.app' port=443 local_address=None timeout=3 socket_options=None
2026-07-30 20:43:06,070 [DEBUG] connect_tcp.started host='huggingface.co' port=443 local_address=None timeout=None socket_options=None
2026-07-30 20:43:06,100 [DEBUG] connect_tcp.complete return_value=<httpcore._backends.sync.SyncStream object at 0x000001C61FA0B140>
2026-07-30 20:43:06,100 [DEBUG] start_tls.started ssl_context=<ssl.SSLContext object at 0x000001C61F5470D0> server_hostname='huggingface.co' timeout=None
2026-07-30 20:43:06,113 [DEBUG] start_tls.complete return_value=<httpcore._backends.sync.SyncStream object at 0x000001C61F841D00>
2026-07-30 20:43:06,113 [DEBUG] send_request_headers.started request=<Request [b'HEAD']>
2026-07-30 20:43:06,113 [DEBUG] send_request_headers.complete
2026-07-30 20:43:06,114 [DEBUG] send_request_body.started request=<Request [b'HEAD']>
2026-07-30 20:43:06,114 [DEBUG] send_request_body.complete
2026-07-30 20:43:06,114 [DEBUG] receive_response_headers.started request=<Request [b'HEAD']>
2026-07-30 20:43:06,174 [DEBUG] connect_tcp.started host='127.0.0.1' port=7860 local_address=None timeout=None socket_options=None
2026-07-30 20:43:06,174 [DEBUG] connect_tcp.complete return_value=<httpcore._backends.sync.SyncStream object at 0x000001C61FA0B890>
2026-07-30 20:43:06,174 [DEBUG] send_request_headers.started request=<Request [b'GET']>
2026-07-30 20:43:06,174 [DEBUG] send_request_headers.complete
2026-07-30 20:43:06,182 [DEBUG] send_request_body.started request=<Request [b'GET']>
2026-07-30 20:43:06,187 [DEBUG] send_request_body.complete
2026-07-30 20:43:06,187 [DEBUG] receive_response_headers.started request=<Request [b'GET']>
2026-07-30 20:43:06,187 [DEBUG] receive_response_headers.complete return_value=(b'HTTP/1.1', 200, b'OK', [(b'date', b'Thu, 30 Jul 2026 19:43:06 GMT'), (b'server', b'uvicorn'), (b'content-length', b'4'), (b'content-type', b'application/json')])
2026-07-30 20:43:06,188 [INFO] HTTP Request: GET http://127.0.0.1:7860/gradio_api/startup-events "HTTP/1.1 200 OK"
2026-07-30 20:43:06,188 [DEBUG] receive_response_body.started request=<Request [b'GET']>
2026-07-30 20:43:06,188 [DEBUG] receive_response_body.complete
2026-07-30 20:43:06,188 [DEBUG] response_closed.started
2026-07-30 20:43:06,188 [DEBUG] response_closed.complete
2026-07-30 20:43:06,188 [DEBUG] close.started
2026-07-30 20:43:06,188 [DEBUG] close.complete
2026-07-30 20:43:06,190 [DEBUG] connect_tcp.started host='127.0.0.1' port=7860 local_address=None timeout=3 socket_options=None
2026-07-30 20:43:06,211 [DEBUG] connect_tcp.complete return_value=<httpcore._backends.sync.SyncStream object at 0x000001C61FA7E480>
2026-07-30 20:43:06,211 [DEBUG] send_request_headers.started request=<Request [b'HEAD']>
2026-07-30 20:43:06,211 [DEBUG] send_request_headers.complete
2026-07-30 20:43:06,211 [DEBUG] receive_response_headers.complete return_value=(b'HTTP/1.1', 200, b'OK', [(b'Content-Type', b'text/plain; charset=utf-8'), (b'Content-Length', b'2'), (b'Connection', b'keep-alive'), (b'Date', b'Thu, 30 Jul 2026 19:43:04 GMT'), (b'ETag', b'W/"2-nOO9QiTIwXgNtWtBJezz8kv3SLc"'), (b'X-Powered-By', b'huggingface-moon'), (b'X-Request-Id', b'Root=1-6a6ba948-4f3bacb71368e2863152d51c;5b30417c-c231-4355-a7b8-223fc4e4c6f9'), (b'RateLimit', b'"api";r=9999;t=126'), (b'RateLimit-Policy', b'"fixed window";"api";q=10000;w=300'), (b'cross-origin-opener-policy', b'same-origin'), (b'Referrer-Policy', b'strict-origin-when-cross-origin'), (b'Access-Control-Max-Age', b'86400'), (b'Access-Control-Allow-Origin', b'https://huggingface.co'), (b'Vary', b'Origin'), (b'Access-Control-Expose-Headers', b'X-Repo-Commit,X-Request-Id,X-Error-Code,X-Error-Message,X-Total-Count,ETag,Link,Accept-Ranges,Content-Range,X-Linked-Size,X-Linked-ETag,X-Xet-Hash'), (b'X-Cache', b'Miss from cloudfront'), (b'Via', b'1.1 ab7fa7a39fddabb84382a7e440718982.cloudfront.net (CloudFront)'), (b'X-Amz-Cf-Pop', b'LHR3-P3'), (b'X-Amz-Cf-Id', b'lI9yMNqCHfsulcnR5SleFeHNsm4qiNecjzViQMGlcZ-tqh16DcSkFQ==')])
2026-07-30 20:43:06,212 [DEBUG] send_request_body.started request=<Request [b'HEAD']>
2026-07-30 20:43:06,213 [INFO] HTTP Request: HEAD https://huggingface.co/api/telemetry/https%3A/api.gradio.app/gradio-initiated-analytics "HTTP/1.1 200 OK"
2026-07-30 20:43:06,213 [DEBUG] send_request_body.complete
2026-07-30 20:43:06,213 [DEBUG] receive_response_body.started request=<Request [b'HEAD']>
2026-07-30 20:43:06,213 [DEBUG] receive_response_headers.started request=<Request [b'HEAD']>
2026-07-30 20:43:06,213 [DEBUG] receive_response_body.complete
2026-07-30 20:43:06,214 [DEBUG] response_closed.started
2026-07-30 20:43:06,214 [DEBUG] response_closed.complete
2026-07-30 20:43:06,223 [DEBUG] receive_response_headers.complete return_value=(b'HTTP/1.1', 200, b'OK', [(b'date', b'Thu, 30 Jul 2026 19:43:06 GMT'), (b'server', b'uvicorn'), (b'content-length', b'48517'), (b'content-type', b'text/html; charset=utf-8')])
2026-07-30 20:43:06,223 [INFO] HTTP Request: HEAD http://127.0.0.1:7860/ "HTTP/1.1 200 OK"
2026-07-30 20:43:06,223 [DEBUG] receive_response_body.started request=<Request [b'HEAD']>
2026-07-30 20:43:06,223 [DEBUG] receive_response_body.complete
2026-07-30 20:43:06,224 [DEBUG] response_closed.started
2026-07-30 20:43:06,224 [DEBUG] response_closed.complete
2026-07-30 20:43:06,224 [DEBUG] close.started
2026-07-30 20:43:06,224 [DEBUG] close.complete
2026-07-30 20:43:06,264 [DEBUG] connect_tcp.complete return_value=<httpcore._backends.sync.SyncStream object at 0x000001C61FA0A2A0>
2026-07-30 20:43:06,264 [DEBUG] start_tls.started ssl_context=<ssl.SSLContext object at 0x000001C61F546BD0> server_hostname='api.gradio.app' timeout=3
2026-07-30 20:43:06,266 [DEBUG] send_request_headers.started request=<Request [b'HEAD']>
2026-07-30 20:43:06,266 [DEBUG] send_request_headers.complete
2026-07-30 20:43:06,267 [DEBUG] send_request_body.started request=<Request [b'HEAD']>
2026-07-30 20:43:06,267 [DEBUG] send_request_body.complete
2026-07-30 20:43:06,267 [DEBUG] receive_response_headers.started request=<Request [b'HEAD']>
2026-07-30 20:43:06,369 [DEBUG] receive_response_headers.complete return_value=(b'HTTP/1.1', 200, b'OK', [(b'Content-Type', b'text/plain; charset=utf-8'), (b'Content-Length', b'2'), (b'Connection', b'keep-alive'), (b'Date', b'Thu, 30 Jul 2026 19:43:04 GMT'), (b'ETag', b'W/"2-nOO9QiTIwXgNtWtBJezz8kv3SLc"'), (b'X-Powered-By', b'huggingface-moon'), (b'X-Request-Id', b'Root=1-6a6ba948-7585374e4ca13c0a3f80f113;2de4811d-be92-4654-ac0c-483315c645ca'), (b'RateLimit', b'"api";r=9998;t=126'), (b'RateLimit-Policy', b'"fixed window";"api";q=10000;w=300'), (b'cross-origin-opener-policy', b'same-origin'), (b'Referrer-Policy', b'strict-origin-when-cross-origin'), (b'Access-Control-Max-Age', b'86400'), (b'Access-Control-Allow-Origin', b'https://huggingface.co'), (b'Vary', b'Origin'), (b'Access-Control-Expose-Headers', b'X-Repo-Commit,X-Request-Id,X-Error-Code,X-Error-Message,X-Total-Count,ETag,Link,Accept-Ranges,Content-Range,X-Linked-Size,X-Linked-ETag,X-Xet-Hash'), (b'X-Cache', b'Miss from cloudfront'), (b'Via', b'1.1 ab7fa7a39fddabb84382a7e440718982.cloudfront.net (CloudFront)'), (b'X-Amz-Cf-Pop', b'LHR3-P3'), (b'X-Amz-Cf-Id', b'Sk8arLXy5j91maIY6ci0TgruZxaCPRgNI_St2_wC3g_v91IWAFwh9w==')])
2026-07-30 20:43:06,369 [INFO] HTTP Request: HEAD https://huggingface.co/api/telemetry/https%3A/api.gradio.app/gradio-launched-telemetry "HTTP/1.1 200 OK"
2026-07-30 20:43:06,369 [DEBUG] receive_response_body.started request=<Request [b'HEAD']>
2026-07-30 20:43:06,369 [DEBUG] receive_response_body.complete
2026-07-30 20:43:06,369 [DEBUG] response_closed.started
2026-07-30 20:43:06,370 [DEBUG] response_closed.complete
2026-07-30 20:43:06,570 [DEBUG] start_tls.complete return_value=<httpcore._backends.sync.SyncStream object at 0x000001C61F76E210>
2026-07-30 20:43:06,570 [DEBUG] send_request_headers.started request=<Request [b'GET']>
2026-07-30 20:43:06,570 [DEBUG] send_request_headers.complete
2026-07-30 20:43:06,570 [DEBUG] send_request_body.started request=<Request [b'GET']>
2026-07-30 20:43:06,570 [DEBUG] send_request_body.complete
2026-07-30 20:43:06,570 [DEBUG] receive_response_headers.started request=<Request [b'GET']>
2026-07-30 20:43:06,726 [DEBUG] receive_response_headers.complete return_value=(b'HTTP/1.1', 200, b'OK', [(b'Date', b'Thu, 30 Jul 2026 19:43:05 GMT'), (b'Content-Type', b'application/json'), (b'Content-Length', b'21'), (b'Connection', b'keep-alive'), (b'Server', b'nginx/1.18.0'), (b'Access-Control-Allow-Origin', b'*')])
2026-07-30 20:43:06,726 [INFO] HTTP Request: GET https://api.gradio.app/pkg-version "HTTP/1.1 200 OK"
2026-07-30 20:43:06,726 [DEBUG] receive_response_body.started request=<Request [b'GET']>
2026-07-30 20:43:06,726 [DEBUG] receive_response_body.complete
2026-07-30 20:43:06,726 [DEBUG] response_closed.started
2026-07-30 20:43:06,726 [DEBUG] response_closed.complete
2026-07-30 20:43:06,726 [DEBUG] close.started
2026-07-30 20:43:06,728 [DEBUG] close.complete
2026-07-30 20:43:28,775 [INFO] Input folder scan: ['Reese reese.vuitton Instagram photos and videos(27).mp4']
2026-07-30 20:43:28,884 [INFO] Tab1 load: F:\Githubrepostotest\Dragon Diffusion Video Prep\input\Reese reese.vuitton Instagram photos and videos(27).mp4
2026-07-30 20:43:28,886 [INFO] Probing video: F:\Githubrepostotest\Dragon Diffusion Video Prep\input\Reese reese.vuitton Instagram photos and videos(27).mp4
2026-07-30 20:43:28,886 [DEBUG] ffprobe binary: F:\Githubrepostotest\Dragon Diffusion Video Prep\venv\Lib\site-packages\static_ffmpeg\bin\win32\ffprobe.EXE
2026-07-30 20:43:28,886 [DEBUG] ffprobe cmd: F:\Githubrepostotest\Dragon Diffusion Video Prep\venv\Lib\site-packages\static_ffmpeg\bin\win32\ffprobe.EXE -v error -select_streams v:0 -show_entries stream=width,height,r_frame_rate,duration -of csv=p=0 F:\Githubrepostotest\Dragon Diffusion Video Prep\input\Reese reese.vuitton Instagram photos and videos(27).mp4
2026-07-30 20:43:30,113 [DEBUG] ffprobe stdout: '720,1280,30/1,25.466667\n'
2026-07-30 20:43:30,115 [DEBUG] ffprobe stderr: ''
2026-07-30 20:43:30,115 [INFO] Video info: 720x1280 @ 30.000fps  duration=25.47s
2026-07-30 20:46:22,185 [INFO] Starting — pulling FFmpeg binaries...
2026-07-30 20:46:22,185 [DEBUG] Attempting to acquire lock 1772475671200 on F:\Githubrepostotest\Dragon Diffusion Video Prep\venv\Lib\site-packages\static_ffmpeg\lock.file
2026-07-30 20:46:22,185 [DEBUG] Lock 1772475671200 acquired on F:\Githubrepostotest\Dragon Diffusion Video Prep\venv\Lib\site-packages\static_ffmpeg\lock.file
2026-07-30 20:46:22,185 [DEBUG] Attempting to release lock 1772475671200 on F:\Githubrepostotest\Dragon Diffusion Video Prep\venv\Lib\site-packages\static_ffmpeg\lock.file
2026-07-30 20:46:22,185 [DEBUG] Lock 1772475671200 released on F:\Githubrepostotest\Dragon Diffusion Video Prep\venv\Lib\site-packages\static_ffmpeg\lock.file
2026-07-30 20:46:22,185 [INFO] FFmpeg ready.
2026-07-30 20:46:22,185 [INFO] Input  folder: F:\Githubrepostotest\Dragon Diffusion Video Prep\input
2026-07-30 20:46:22,185 [INFO] Output folder: F:\Githubrepostotest\Dragon Diffusion Video Prep\output
2026-07-30 20:46:22,188 [DEBUG] Using proactor: IocpProactor
2026-07-30 20:46:22,188 [DEBUG] Using proactor: IocpProactor
2026-07-30 20:46:22,188 [DEBUG] Using proactor: IocpProactor
2026-07-30 20:46:22,188 [DEBUG] Using proactor: IocpProactor
2026-07-30 20:46:22,319 [DEBUG] connect_tcp.started host='api.gradio.app' port=443 local_address=None timeout=3 socket_options=None
2026-07-30 20:46:22,319 [DEBUG] connect_tcp.started host='huggingface.co' port=443 local_address=None timeout=None socket_options=None
2026-07-30 20:46:22,348 [DEBUG] connect_tcp.complete return_value=<httpcore._backends.sync.SyncStream object at 0x0000019CF9EC7F50>
2026-07-30 20:46:22,348 [DEBUG] start_tls.started ssl_context=<ssl.SSLContext object at 0x0000019CAFDE7150> server_hostname='huggingface.co' timeout=None
2026-07-30 20:46:22,361 [DEBUG] start_tls.complete return_value=<httpcore._backends.sync.SyncStream object at 0x0000019CF9EC7E30>
2026-07-30 20:46:22,361 [DEBUG] send_request_headers.started request=<Request [b'HEAD']>
2026-07-30 20:46:22,361 [DEBUG] send_request_headers.complete
2026-07-30 20:46:22,361 [DEBUG] send_request_body.started request=<Request [b'HEAD']>
2026-07-30 20:46:22,361 [DEBUG] send_request_body.complete
2026-07-30 20:46:22,365 [DEBUG] receive_response_headers.started request=<Request [b'HEAD']>
2026-07-30 20:46:22,460 [DEBUG] receive_response_headers.complete return_value=(b'HTTP/1.1', 200, b'OK', [(b'Content-Type', b'text/plain; charset=utf-8'), (b'Content-Length', b'2'), (b'Connection', b'keep-alive'), (b'Date', b'Thu, 30 Jul 2026 19:46:20 GMT'), (b'ETag', b'W/"2-nOO9QiTIwXgNtWtBJezz8kv3SLc"'), (b'X-Powered-By', b'huggingface-moon'), (b'X-Request-Id', b'Root=1-6a6baa0c-25cb63e039b99b876ab11c4c;0482b956-003c-4991-ad4d-8e502592e6c0'), (b'RateLimit', b'"api";r=9999;t=230'), (b'RateLimit-Policy', b'"fixed window";"api";q=10000;w=300'), (b'cross-origin-opener-policy', b'same-origin'), (b'Referrer-Policy', b'strict-origin-when-cross-origin'), (b'Access-Control-Max-Age', b'86400'), (b'Access-Control-Allow-Origin', b'https://huggingface.co'), (b'Vary', b'Origin'), (b'Access-Control-Expose-Headers', b'X-Repo-Commit,X-Request-Id,X-Error-Code,X-Error-Message,X-Total-Count,ETag,Link,Accept-Ranges,Content-Range,X-Linked-Size,X-Linked-ETag,X-Xet-Hash'), (b'X-Cache', b'Miss from cloudfront'), (b'Via', b'1.1 5b74de93e6823b065bf7687a622dcf00.cloudfront.net (CloudFront)'), (b'X-Amz-Cf-Pop', b'LHR3-P3'), (b'Alt-Svc', b'h3=":443"; ma=86400'), (b'X-Amz-Cf-Id', b'mPGfxhVSjKGbTMlGZmIa4zVn6BhIYoS7_MdICwx1OFexAzLcCHMxAg==')])
2026-07-30 20:46:22,460 [INFO] HTTP Request: HEAD https://huggingface.co/api/telemetry/https%3A/api.gradio.app/gradio-initiated-analytics "HTTP/1.1 200 OK"
2026-07-30 20:46:22,460 [DEBUG] receive_response_body.started request=<Request [b'HEAD']>
2026-07-30 20:46:22,460 [DEBUG] receive_response_body.complete
2026-07-30 20:46:22,460 [DEBUG] response_closed.started
2026-07-30 20:46:22,462 [DEBUG] response_closed.complete
2026-07-30 20:46:22,510 [DEBUG] connect_tcp.complete return_value=<httpcore._backends.sync.SyncStream object at 0x0000019CAFD6EBA0>
2026-07-30 20:46:22,510 [DEBUG] start_tls.started ssl_context=<ssl.SSLContext object at 0x0000019CAFDE6BD0> server_hostname='api.gradio.app' timeout=3
2026-07-30 20:46:22,811 [DEBUG] start_tls.complete return_value=<httpcore._backends.sync.SyncStream object at 0x0000019CAFFF8B30>
2026-07-30 20:46:22,811 [DEBUG] send_request_headers.started request=<Request [b'GET']>
2026-07-30 20:46:22,812 [DEBUG] send_request_headers.complete
2026-07-30 20:46:22,812 [DEBUG] send_request_body.started request=<Request [b'GET']>
2026-07-30 20:46:22,812 [DEBUG] send_request_body.complete
2026-07-30 20:46:22,812 [DEBUG] receive_response_headers.started request=<Request [b'GET']>
2026-07-30 20:46:22,964 [DEBUG] receive_response_headers.complete return_value=(b'HTTP/1.1', 200, b'OK', [(b'Date', b'Thu, 30 Jul 2026 19:46:21 GMT'), (b'Content-Type', b'application/json'), (b'Content-Length', b'21'), (b'Connection', b'keep-alive'), (b'Server', b'nginx/1.18.0'), (b'Access-Control-Allow-Origin', b'*')])
2026-07-30 20:46:22,964 [INFO] HTTP Request: GET https://api.gradio.app/pkg-version "HTTP/1.1 200 OK"
2026-07-30 20:46:22,964 [DEBUG] receive_response_body.started request=<Request [b'GET']>
2026-07-30 20:46:22,964 [DEBUG] receive_response_body.complete
2026-07-30 20:46:22,964 [DEBUG] response_closed.started
2026-07-30 20:46:22,964 [DEBUG] response_closed.complete
2026-07-30 20:46:22,966 [DEBUG] close.started
2026-07-30 20:46:22,966 [DEBUG] close.complete
2026-07-30 20:46:22,966 [DEBUG] close.started
2026-07-30 20:46:22,966 [DEBUG] close.complete
2026-07-30 20:46:30,477 [INFO] Starting — pulling FFmpeg binaries...
2026-07-30 20:46:30,477 [DEBUG] Attempting to acquire lock 2681814867200 on F:\Githubrepostotest\Dragon Diffusion Video Prep\venv\Lib\site-packages\static_ffmpeg\lock.file
2026-07-30 20:46:30,477 [DEBUG] Lock 2681814867200 acquired on F:\Githubrepostotest\Dragon Diffusion Video Prep\venv\Lib\site-packages\static_ffmpeg\lock.file
2026-07-30 20:46:30,477 [DEBUG] Attempting to release lock 2681814867200 on F:\Githubrepostotest\Dragon Diffusion Video Prep\venv\Lib\site-packages\static_ffmpeg\lock.file
2026-07-30 20:46:30,477 [DEBUG] Lock 2681814867200 released on F:\Githubrepostotest\Dragon Diffusion Video Prep\venv\Lib\site-packages\static_ffmpeg\lock.file
2026-07-30 20:46:30,477 [INFO] FFmpeg ready.
2026-07-30 20:46:30,477 [INFO] Input  folder: F:\Githubrepostotest\Dragon Diffusion Video Prep\input
2026-07-30 20:46:30,477 [INFO] Output folder: F:\Githubrepostotest\Dragon Diffusion Video Prep\output
2026-07-30 20:46:30,481 [DEBUG] Using proactor: IocpProactor
2026-07-30 20:46:30,481 [DEBUG] Using proactor: IocpProactor
2026-07-30 20:46:30,481 [DEBUG] Using proactor: IocpProactor
2026-07-30 20:46:30,481 [DEBUG] Using proactor: IocpProactor
2026-07-30 20:46:30,611 [DEBUG] connect_tcp.started host='api.gradio.app' port=443 local_address=None timeout=3 socket_options=None
2026-07-30 20:46:30,611 [DEBUG] connect_tcp.started host='huggingface.co' port=443 local_address=None timeout=None socket_options=None
2026-07-30 20:46:30,627 [DEBUG] connect_tcp.complete return_value=<httpcore._backends.sync.SyncStream object at 0x0000027068EE6B40>
2026-07-30 20:46:30,627 [DEBUG] start_tls.started ssl_context=<ssl.SSLContext object at 0x0000027068D27150> server_hostname='huggingface.co' timeout=None
2026-07-30 20:46:30,640 [DEBUG] start_tls.complete return_value=<httpcore._backends.sync.SyncStream object at 0x0000027032E380E0>
2026-07-30 20:46:30,640 [DEBUG] send_request_headers.started request=<Request [b'HEAD']>
2026-07-30 20:46:30,640 [DEBUG] send_request_headers.complete
2026-07-30 20:46:30,640 [DEBUG] send_request_body.started request=<Request [b'HEAD']>
2026-07-30 20:46:30,640 [DEBUG] send_request_body.complete
2026-07-30 20:46:30,640 [DEBUG] receive_response_headers.started request=<Request [b'HEAD']>
2026-07-30 20:46:30,735 [DEBUG] receive_response_headers.complete return_value=(b'HTTP/1.1', 200, b'OK', [(b'Content-Type', b'text/plain; charset=utf-8'), (b'Content-Length', b'2'), (b'Connection', b'keep-alive'), (b'Date', b'Thu, 30 Jul 2026 19:46:29 GMT'), (b'ETag', b'W/"2-nOO9QiTIwXgNtWtBJezz8kv3SLc"'), (b'X-Powered-By', b'huggingface-moon'), (b'X-Request-Id', b'Root=1-6a6baa15-2443dbab05ff250d1571919b;e3d63e64-5f2c-46da-a4fd-0da19e0b3f81'), (b'RateLimit', b'"api";r=9998;t=221'), (b'RateLimit-Policy', b'"fixed window";"api";q=10000;w=300'), (b'cross-origin-opener-policy', b'same-origin'), (b'Referrer-Policy', b'strict-origin-when-cross-origin'), (b'Access-Control-Max-Age', b'86400'), (b'Access-Control-Allow-Origin', b'https://huggingface.co'), (b'Vary', b'Origin'), (b'Access-Control-Expose-Headers', b'X-Repo-Commit,X-Request-Id,X-Error-Code,X-Error-Message,X-Total-Count,ETag,Link,Accept-Ranges,Content-Range,X-Linked-Size,X-Linked-ETag,X-Xet-Hash'), (b'X-Cache', b'Miss from cloudfront'), (b'Via', b'1.1 b5193b1c01827d1cfd1fedba38adf1aa.cloudfront.net (CloudFront)'), (b'X-Amz-Cf-Pop', b'LHR3-P3'), (b'Alt-Svc', b'h3=":443"; ma=86400'), (b'X-Amz-Cf-Id', b'i4jk6BhA0h0bFSWNEP_zvn3x8mFwKgZlyi350pV30me3ASPNU_7JBg==')])
2026-07-30 20:46:30,736 [INFO] HTTP Request: HEAD https://huggingface.co/api/telemetry/https%3A/api.gradio.app/gradio-initiated-analytics "HTTP/1.1 200 OK"
2026-07-30 20:46:30,736 [DEBUG] receive_response_body.started request=<Request [b'HEAD']>
2026-07-30 20:46:30,736 [DEBUG] receive_response_body.complete
2026-07-30 20:46:30,736 [DEBUG] response_closed.started
2026-07-30 20:46:30,736 [DEBUG] response_closed.complete
2026-07-30 20:46:30,785 [DEBUG] connect_tcp.complete return_value=<httpcore._backends.sync.SyncStream object at 0x0000027068A93710>
2026-07-30 20:46:30,785 [DEBUG] start_tls.started ssl_context=<ssl.SSLContext object at 0x0000027068D26BD0> server_hostname='api.gradio.app' timeout=3
2026-07-30 20:46:31,087 [DEBUG] start_tls.complete return_value=<httpcore._backends.sync.SyncStream object at 0x0000027068D129F0>
2026-07-30 20:46:31,087 [DEBUG] send_request_headers.started request=<Request [b'GET']>
2026-07-30 20:46:31,087 [DEBUG] send_request_headers.complete
2026-07-30 20:46:31,087 [DEBUG] send_request_body.started request=<Request [b'GET']>
2026-07-30 20:46:31,087 [DEBUG] send_request_body.complete
2026-07-30 20:46:31,087 [DEBUG] receive_response_headers.started request=<Request [b'GET']>
2026-07-30 20:46:31,238 [DEBUG] receive_response_headers.complete return_value=(b'HTTP/1.1', 200, b'OK', [(b'Date', b'Thu, 30 Jul 2026 19:46:29 GMT'), (b'Content-Type', b'application/json'), (b'Content-Length', b'21'), (b'Connection', b'keep-alive'), (b'Server', b'nginx/1.18.0'), (b'Access-Control-Allow-Origin', b'*')])
2026-07-30 20:46:31,238 [INFO] HTTP Request: GET https://api.gradio.app/pkg-version "HTTP/1.1 200 OK"
2026-07-30 20:46:31,238 [DEBUG] receive_response_body.started request=<Request [b'GET']>
2026-07-30 20:46:31,238 [DEBUG] receive_response_body.complete
2026-07-30 20:46:31,238 [DEBUG] response_closed.started
2026-07-30 20:46:31,238 [DEBUG] response_closed.complete
2026-07-30 20:46:31,238 [DEBUG] close.started
2026-07-30 20:46:31,238 [DEBUG] close.complete
2026-07-30 20:46:31,238 [DEBUG] close.started
2026-07-30 20:46:31,238 [DEBUG] close.complete
2026-07-30 20:51:50,871 [INFO] Starting — pulling FFmpeg binaries...
2026-07-30 20:51:50,881 [DEBUG] Attempting to acquire lock 2874233169552 on F:\Githubrepostotest\Dragon Diffusion Video Prep\venv\Lib\site-packages\static_ffmpeg\lock.file
2026-07-30 20:51:50,885 [DEBUG] Lock 2874233169552 acquired on F:\Githubrepostotest\Dragon Diffusion Video Prep\venv\Lib\site-packages\static_ffmpeg\lock.file
2026-07-30 20:51:50,885 [DEBUG] Attempting to release lock 2874233169552 on F:\Githubrepostotest\Dragon Diffusion Video Prep\venv\Lib\site-packages\static_ffmpeg\lock.file
2026-07-30 20:51:50,885 [DEBUG] Lock 2874233169552 released on F:\Githubrepostotest\Dragon Diffusion Video Prep\venv\Lib\site-packages\static_ffmpeg\lock.file
2026-07-30 20:51:50,885 [INFO] FFmpeg ready.
2026-07-30 20:51:50,885 [INFO] Input  folder: F:\Githubrepostotest\Dragon Diffusion Video Prep\input
2026-07-30 20:51:50,885 [INFO] Output folder: F:\Githubrepostotest\Dragon Diffusion Video Prep\output
2026-07-30 20:51:50,889 [DEBUG] Using proactor: IocpProactor
2026-07-30 20:51:50,891 [DEBUG] Using proactor: IocpProactor
2026-07-30 20:51:50,891 [DEBUG] Using proactor: IocpProactor
2026-07-30 20:51:50,891 [DEBUG] Using proactor: IocpProactor
2026-07-30 20:51:51,061 [DEBUG] connect_tcp.started host='api.gradio.app' port=443 local_address=None timeout=3 socket_options=None
2026-07-30 20:51:51,097 [DEBUG] connect_tcp.started host='huggingface.co' port=443 local_address=None timeout=None socket_options=None
2026-07-30 20:51:51,107 [DEBUG] Using proactor: IocpProactor
2026-07-30 20:51:51,110 [DEBUG] Using proactor: IocpProactor
2026-07-30 20:51:51,131 [DEBUG] Using proactor: IocpProactor
2026-07-30 20:51:51,131 [DEBUG] Using proactor: IocpProactor
2026-07-30 20:51:51,150 [DEBUG] connect_tcp.complete return_value=<httpcore._backends.sync.SyncStream object at 0x0000029D35E30CE0>
2026-07-30 20:51:51,153 [DEBUG] start_tls.started ssl_context=<ssl.SSLContext object at 0x0000029D35BB63D0> server_hostname='huggingface.co' timeout=None
2026-07-30 20:51:51,181 [DEBUG] start_tls.complete return_value=<httpcore._backends.sync.SyncStream object at 0x0000029D35E30C20>
2026-07-30 20:51:51,181 [DEBUG] send_request_headers.started request=<Request [b'HEAD']>
2026-07-30 20:51:51,182 [DEBUG] send_request_headers.complete
2026-07-30 20:51:51,182 [DEBUG] send_request_body.started request=<Request [b'HEAD']>
2026-07-30 20:51:51,182 [DEBUG] send_request_body.complete
2026-07-30 20:51:51,183 [DEBUG] receive_response_headers.started request=<Request [b'HEAD']>
2026-07-30 20:51:51,201 [DEBUG] Using proactor: IocpProactor
2026-07-30 20:51:51,268 [DEBUG] connect_tcp.complete return_value=<httpcore._backends.sync.SyncStream object at 0x0000029D35DEB6E0>
2026-07-30 20:51:51,268 [DEBUG] start_tls.started ssl_context=<ssl.SSLContext object at 0x0000029D35BB6150> server_hostname='api.gradio.app' timeout=3
2026-07-30 20:51:51,281 [DEBUG] receive_response_headers.complete return_value=(b'HTTP/1.1', 200, b'OK', [(b'Content-Type', b'text/plain; charset=utf-8'), (b'Content-Length', b'2'), (b'Connection', b'keep-alive'), (b'Date', b'Thu, 30 Jul 2026 19:51:49 GMT'), (b'ETag', b'W/"2-nOO9QiTIwXgNtWtBJezz8kv3SLc"'), (b'X-Powered-By', b'huggingface-moon'), (b'X-Request-Id', b'Root=1-6a6bab55-13bbdecf0a10c29c05264e1a;250e029f-4396-47d4-a713-d01deeb4626b'), (b'RateLimit', b'"api";r=9999;t=201'), (b'RateLimit-Policy', b'"fixed window";"api";q=10000;w=300'), (b'cross-origin-opener-policy', b'same-origin'), (b'Referrer-Policy', b'strict-origin-when-cross-origin'), (b'Access-Control-Max-Age', b'86400'), (b'Access-Control-Allow-Origin', b'https://huggingface.co'), (b'Vary', b'Origin'), (b'Access-Control-Expose-Headers', b'X-Repo-Commit,X-Request-Id,X-Error-Code,X-Error-Message,X-Total-Count,ETag,Link,Accept-Ranges,Content-Range,X-Linked-Size,X-Linked-ETag,X-Xet-Hash'), (b'X-Cache', b'Miss from cloudfront'), (b'Via', b'1.1 552bb7d834a339e45636651342ba0b78.cloudfront.net (CloudFront)'), (b'X-Amz-Cf-Pop', b'LHR3-P3'), (b'X-Amz-Cf-Id', b'CAX3Q3PH402rKQjZqNKVUIORL2hAx--vRCgZhzW7EkKqiTfEP20vKg==')])
2026-07-30 20:51:51,282 [INFO] HTTP Request: HEAD https://huggingface.co/api/telemetry/https%3A/api.gradio.app/gradio-initiated-analytics "HTTP/1.1 200 OK"
2026-07-30 20:51:51,282 [DEBUG] receive_response_body.started request=<Request [b'HEAD']>
2026-07-30 20:51:51,282 [DEBUG] receive_response_body.complete
2026-07-30 20:51:51,282 [DEBUG] response_closed.started
2026-07-30 20:51:51,282 [DEBUG] response_closed.complete
2026-07-30 20:51:51,330 [DEBUG] connect_tcp.started host='127.0.0.1' port=7860 local_address=None timeout=None socket_options=None
2026-07-30 20:51:51,330 [DEBUG] connect_tcp.complete return_value=<httpcore._backends.sync.SyncStream object at 0x0000029D363C2510>
2026-07-30 20:51:51,331 [DEBUG] send_request_headers.started request=<Request [b'GET']>
2026-07-30 20:51:51,331 [DEBUG] send_request_headers.complete
2026-07-30 20:51:51,345 [DEBUG] send_request_body.started request=<Request [b'GET']>
2026-07-30 20:51:51,345 [DEBUG] send_request_body.complete
2026-07-30 20:51:51,345 [DEBUG] receive_response_headers.started request=<Request [b'GET']>
2026-07-30 20:51:51,372 [DEBUG] receive_response_headers.complete return_value=(b'HTTP/1.1', 200, b'OK', [(b'date', b'Thu, 30 Jul 2026 19:51:51 GMT'), (b'server', b'uvicorn'), (b'content-length', b'4'), (b'content-type', b'application/json')])
2026-07-30 20:51:51,372 [INFO] HTTP Request: GET http://127.0.0.1:7860/gradio_api/startup-events "HTTP/1.1 200 OK"
2026-07-30 20:51:51,372 [DEBUG] receive_response_body.started request=<Request [b'GET']>
2026-07-30 20:51:51,372 [DEBUG] receive_response_body.complete
2026-07-30 20:51:51,372 [DEBUG] response_closed.started
2026-07-30 20:51:51,372 [DEBUG] response_closed.complete
2026-07-30 20:51:51,372 [DEBUG] close.started
2026-07-30 20:51:51,372 [DEBUG] close.complete
2026-07-30 20:51:51,375 [DEBUG] connect_tcp.started host='127.0.0.1' port=7860 local_address=None timeout=3 socket_options=None
2026-07-30 20:51:51,387 [DEBUG] connect_tcp.complete return_value=<httpcore._backends.sync.SyncStream object at 0x0000029D36438590>
2026-07-30 20:51:51,387 [DEBUG] send_request_headers.started request=<Request [b'HEAD']>
2026-07-30 20:51:51,387 [DEBUG] send_request_headers.complete
2026-07-30 20:51:51,389 [DEBUG] send_request_body.started request=<Request [b'HEAD']>
2026-07-30 20:51:51,389 [DEBUG] send_request_body.complete
2026-07-30 20:51:51,389 [DEBUG] receive_response_headers.started request=<Request [b'HEAD']>
2026-07-30 20:51:51,465 [DEBUG] receive_response_headers.complete return_value=(b'HTTP/1.1', 200, b'OK', [(b'date', b'Thu, 30 Jul 2026 19:51:51 GMT'), (b'server', b'uvicorn'), (b'content-length', b'55711'), (b'content-type', b'text/html; charset=utf-8')])
2026-07-30 20:51:51,465 [INFO] HTTP Request: HEAD http://127.0.0.1:7860/ "HTTP/1.1 200 OK"
2026-07-30 20:51:51,467 [DEBUG] receive_response_body.started request=<Request [b'HEAD']>
2026-07-30 20:51:51,467 [DEBUG] receive_response_body.complete
2026-07-30 20:51:51,467 [DEBUG] response_closed.started
2026-07-30 20:51:51,467 [DEBUG] response_closed.complete
2026-07-30 20:51:51,467 [DEBUG] close.started
2026-07-30 20:51:51,467 [DEBUG] close.complete
2026-07-30 20:51:51,556 [DEBUG] send_request_headers.started request=<Request [b'HEAD']>
2026-07-30 20:51:51,556 [DEBUG] send_request_headers.complete
2026-07-30 20:51:51,556 [DEBUG] send_request_body.started request=<Request [b'HEAD']>
2026-07-30 20:51:51,556 [DEBUG] send_request_body.complete
2026-07-30 20:51:51,556 [DEBUG] receive_response_headers.started request=<Request [b'HEAD']>
2026-07-30 20:51:51,605 [DEBUG] start_tls.complete return_value=<httpcore._backends.sync.SyncStream object at 0x0000029D35DE9F40>
2026-07-30 20:51:51,605 [DEBUG] send_request_headers.started request=<Request [b'GET']>
2026-07-30 20:51:51,605 [DEBUG] send_request_headers.complete
2026-07-30 20:51:51,605 [DEBUG] send_request_body.started request=<Request [b'GET']>
2026-07-30 20:51:51,605 [DEBUG] send_request_body.complete
2026-07-30 20:51:51,605 [DEBUG] receive_response_headers.started request=<Request [b'GET']>
2026-07-30 20:51:51,657 [DEBUG] receive_response_headers.complete return_value=(b'HTTP/1.1', 200, b'OK', [(b'Content-Type', b'text/plain; charset=utf-8'), (b'Content-Length', b'2'), (b'Connection', b'keep-alive'), (b'Date', b'Thu, 30 Jul 2026 19:51:49 GMT'), (b'ETag', b'W/"2-nOO9QiTIwXgNtWtBJezz8kv3SLc"'), (b'X-Powered-By', b'huggingface-moon'), (b'X-Request-Id', b'Root=1-6a6bab55-44b84a541010d3772715d858;217fe84a-4b77-4f84-8d0b-3c2719dd65e3'), (b'RateLimit', b'"api";r=9998;t=201'), (b'RateLimit-Policy', b'"fixed window";"api";q=10000;w=300'), (b'cross-origin-opener-policy', b'same-origin'), (b'Referrer-Policy', b'strict-origin-when-cross-origin'), (b'Access-Control-Max-Age', b'86400'), (b'Access-Control-Allow-Origin', b'https://huggingface.co'), (b'Vary', b'Origin'), (b'Access-Control-Expose-Headers', b'X-Repo-Commit,X-Request-Id,X-Error-Code,X-Error-Message,X-Total-Count,ETag,Link,Accept-Ranges,Content-Range,X-Linked-Size,X-Linked-ETag,X-Xet-Hash'), (b'X-Cache', b'Miss from cloudfront'), (b'Via', b'1.1 552bb7d834a339e45636651342ba0b78.cloudfront.net (CloudFront)'), (b'X-Amz-Cf-Pop', b'LHR3-P3'), (b'X-Amz-Cf-Id', b'wGD9yvmYJlpiY6LG7kvvrWPMZULhKag45WX4MSr0FTJbzGz0C2B34A==')])
2026-07-30 20:51:51,657 [INFO] HTTP Request: HEAD https://huggingface.co/api/telemetry/https%3A/api.gradio.app/gradio-launched-telemetry "HTTP/1.1 200 OK"
2026-07-30 20:51:51,660 [DEBUG] receive_response_body.started request=<Request [b'HEAD']>
2026-07-30 20:51:51,660 [DEBUG] receive_response_body.complete
2026-07-30 20:51:51,660 [DEBUG] response_closed.started
2026-07-30 20:51:51,660 [DEBUG] response_closed.complete
2026-07-30 20:51:51,777 [DEBUG] receive_response_headers.complete return_value=(b'HTTP/1.1', 200, b'OK', [(b'Date', b'Thu, 30 Jul 2026 19:51:50 GMT'), (b'Content-Type', b'application/json'), (b'Content-Length', b'21'), (b'Connection', b'keep-alive'), (b'Server', b'nginx/1.18.0'), (b'Access-Control-Allow-Origin', b'*')])
2026-07-30 20:51:51,777 [INFO] HTTP Request: GET https://api.gradio.app/pkg-version "HTTP/1.1 200 OK"
2026-07-30 20:51:51,777 [DEBUG] receive_response_body.started request=<Request [b'GET']>
2026-07-30 20:51:51,777 [DEBUG] receive_response_body.complete
2026-07-30 20:51:51,781 [DEBUG] response_closed.started
2026-07-30 20:51:51,781 [DEBUG] response_closed.complete
2026-07-30 20:51:51,781 [DEBUG] close.started
2026-07-30 20:51:51,781 [DEBUG] close.complete
2026-07-30 20:52:01,390 [INFO] Tab1 upload received: C:\Users\Andrew Baines\AppData\Local\Temp\gradio\70d4c4a353152f5b9c3c2c76f87cf828bcec0ba22e6d8fb8871cebc88005f722\muted_Reese reese.vuitton Instagram photos and videos(27).mp4
2026-07-30 20:52:01,390 [INFO] Probing: C:\Users\Andrew Baines\AppData\Local\Temp\gradio\70d4c4a353152f5b9c3c2c76f87cf828bcec0ba22e6d8fb8871cebc88005f722\muted_Reese reese.vuitton Instagram photos and videos(27).mp4
2026-07-30 20:52:01,390 [DEBUG] cmd: F:\Githubrepostotest\Dragon Diffusion Video Prep\venv\Lib\site-packages\static_ffmpeg\bin\win32\ffprobe.EXE -v error -select_streams v:0 -show_entries stream=width,height,r_frame_rate,duration -of csv=p=0 C:\Users\Andrew Baines\AppData\Local\Temp\gradio\70d4c4a353152f5b9c3c2c76f87cf828bcec0ba22e6d8fb8871cebc88005f722\muted_Reese reese.vuitton Instagram photos and videos(27).mp4
2026-07-30 20:52:01,784 [DEBUG] stdout: '720,1280,30/1,25.466667\n'  stderr: ''
2026-07-30 20:52:01,784 [INFO]   -> 720x1280 @ 30.000fps  25.47s
2026-07-30 20:52:11,608 [INFO] Tab1 extract from: C:\Users\Andrew Baines\AppData\Local\Temp\gradio\70d4c4a353152f5b9c3c2c76f87cf828bcec0ba22e6d8fb8871cebc88005f722\muted_Reese reese.vuitton Instagram photos and videos(27).mp4  start=0  length=5
2026-07-30 20:52:11,608 [INFO] Probing: C:\Users\Andrew Baines\AppData\Local\Temp\gradio\70d4c4a353152f5b9c3c2c76f87cf828bcec0ba22e6d8fb8871cebc88005f722\muted_Reese reese.vuitton Instagram photos and videos(27).mp4
2026-07-30 20:52:11,608 [DEBUG] cmd: F:\Githubrepostotest\Dragon Diffusion Video Prep\venv\Lib\site-packages\static_ffmpeg\bin\win32\ffprobe.EXE -v error -select_streams v:0 -show_entries stream=width,height,r_frame_rate,duration -of csv=p=0 C:\Users\Andrew Baines\AppData\Local\Temp\gradio\70d4c4a353152f5b9c3c2c76f87cf828bcec0ba22e6d8fb8871cebc88005f722\muted_Reese reese.vuitton Instagram photos and videos(27).mp4
2026-07-30 20:52:11,648 [DEBUG] stdout: '720,1280,30/1,25.466667\n'  stderr: ''
2026-07-30 20:52:11,651 [INFO]   -> 720x1280 @ 30.000fps  25.47s
2026-07-30 20:52:11,651 [INFO] ffmpeg: F:\Githubrepostotest\Dragon Diffusion Video Prep\venv\Lib\site-packages\static_ffmpeg\bin\win32\ffmpeg.EXE -y -ss 0.0 -to 5.0 -i C:\Users\Andrew Baines\AppData\Local\Temp\gradio\70d4c4a353152f5b9c3c2c76f87cf828bcec0ba22e6d8fb8871cebc88005f722\muted_Reese reese.vuitton Instagram photos and videos(27).mp4 -vf scale=432:768,fps=25.0 -c:v libx264 -crf 18 -preset slow -an F:\Githubrepostotest\Dragon Diffusion Video Prep\output\clip_muted_Reese reese.vuitton Instagram photos and videos(27)_0s.mp4
2026-07-30 20:52:12,196 [INFO] ffmpeg OK.
2026-07-30 20:52:12,196 [INFO] Done.
Input:  720x1280 @ 30.00fps
Output: 432x768 @ 25.00fps
Clip:   0.0s → 5.0s  (5.0s)
Saved:  F:\Githubrepostotest\Dragon Diffusion Video Prep\output\clip_muted_Reese reese.vuitton Instagram photos and videos(27)_0s.mp4
2026-07-30 20:54:13,002 [INFO] Starting — pulling FFmpeg binaries...
2026-07-30 20:54:13,002 [DEBUG] Attempting to acquire lock 1472181084448 on F:\Githubrepostotest\Dragon Diffusion Video Prep\venv\Lib\site-packages\static_ffmpeg\lock.file
2026-07-30 20:54:13,002 [DEBUG] Lock 1472181084448 acquired on F:\Githubrepostotest\Dragon Diffusion Video Prep\venv\Lib\site-packages\static_ffmpeg\lock.file
2026-07-30 20:54:13,004 [DEBUG] Attempting to release lock 1472181084448 on F:\Githubrepostotest\Dragon Diffusion Video Prep\venv\Lib\site-packages\static_ffmpeg\lock.file
2026-07-30 20:54:13,004 [DEBUG] Lock 1472181084448 released on F:\Githubrepostotest\Dragon Diffusion Video Prep\venv\Lib\site-packages\static_ffmpeg\lock.file
2026-07-30 20:54:13,004 [INFO] FFmpeg ready.
2026-07-30 20:54:13,004 [INFO] Input  folder: F:\Githubrepostotest\Dragon Diffusion Video Prep\input
2026-07-30 20:54:13,005 [INFO] Output folder: F:\Githubrepostotest\Dragon Diffusion Video Prep\output
2026-07-30 20:54:13,005 [DEBUG] Using proactor: IocpProactor
2026-07-30 20:54:13,008 [DEBUG] Using proactor: IocpProactor
2026-07-30 20:54:13,008 [DEBUG] Using proactor: IocpProactor
2026-07-30 20:54:13,008 [DEBUG] Using proactor: IocpProactor
2026-07-30 20:54:13,103 [DEBUG] Using proactor: IocpProactor
2026-07-30 20:54:13,103 [DEBUG] Using proactor: IocpProactor
2026-07-30 20:54:13,127 [DEBUG] Using proactor: IocpProactor
2026-07-30 20:54:13,127 [DEBUG] Using proactor: IocpProactor
2026-07-30 20:54:13,150 [DEBUG] connect_tcp.started host='api.gradio.app' port=443 local_address=None timeout=3 socket_options=None
2026-07-30 20:54:13,160 [DEBUG] connect_tcp.started host='huggingface.co' port=443 local_address=None timeout=None socket_options=None
2026-07-30 20:54:13,188 [DEBUG] connect_tcp.complete return_value=<httpcore._backends.sync.SyncStream object at 0x00000156C51AC8F0>
2026-07-30 20:54:13,188 [DEBUG] start_tls.started ssl_context=<ssl.SSLContext object at 0x00000156C4DC63D0> server_hostname='huggingface.co' timeout=None
2026-07-30 20:54:13,196 [DEBUG] Using proactor: IocpProactor
2026-07-30 20:54:13,205 [DEBUG] start_tls.complete return_value=<httpcore._backends.sync.SyncStream object at 0x00000156C51C6990>
2026-07-30 20:54:13,205 [DEBUG] send_request_headers.started request=<Request [b'HEAD']>
2026-07-30 20:54:13,205 [DEBUG] send_request_headers.complete
2026-07-30 20:54:13,205 [DEBUG] send_request_body.started request=<Request [b'HEAD']>
2026-07-30 20:54:13,205 [DEBUG] send_request_body.complete
2026-07-30 20:54:13,205 [DEBUG] receive_response_headers.started request=<Request [b'HEAD']>
2026-07-30 20:54:13,305 [DEBUG] receive_response_headers.complete return_value=(b'HTTP/1.1', 200, b'OK', [(b'Content-Type', b'text/plain; charset=utf-8'), (b'Content-Length', b'2'), (b'Connection', b'keep-alive'), (b'Date', b'Thu, 30 Jul 2026 19:54:11 GMT'), (b'ETag', b'W/"2-nOO9QiTIwXgNtWtBJezz8kv3SLc"'), (b'X-Powered-By', b'huggingface-moon'), (b'X-Request-Id', b'Root=1-6a6babe3-7045199f6883488d1d99badd;7524a284-f92e-4988-b503-209b1c14336f'), (b'RateLimit', b'"api";r=9997;t=59'), (b'RateLimit-Policy', b'"fixed window";"api";q=10000;w=300'), (b'cross-origin-opener-policy', b'same-origin'), (b'Referrer-Policy', b'strict-origin-when-cross-origin'), (b'Access-Control-Max-Age', b'86400'), (b'Access-Control-Allow-Origin', b'https://huggingface.co'), (b'Vary', b'Origin'), (b'Access-Control-Expose-Headers', b'X-Repo-Commit,X-Request-Id,X-Error-Code,X-Error-Message,X-Total-Count,ETag,Link,Accept-Ranges,Content-Range,X-Linked-Size,X-Linked-ETag,X-Xet-Hash'), (b'X-Cache', b'Miss from cloudfront'), (b'Via', b'1.1 edc038c177cc089d4f8ea7b73f8fd284.cloudfront.net (CloudFront)'), (b'X-Amz-Cf-Pop', b'LHR3-P3'), (b'Alt-Svc', b'h3=":443"; ma=86400'), (b'X-Amz-Cf-Id', b'4m7FdJJNBy5MlsCEYf4RVL47SHEYcADRpkwgIasBaUTha2ngr1j9lQ==')])
2026-07-30 20:54:13,305 [INFO] HTTP Request: HEAD https://huggingface.co/api/telemetry/https%3A/api.gradio.app/gradio-initiated-analytics "HTTP/1.1 200 OK"
2026-07-30 20:54:13,305 [DEBUG] receive_response_body.started request=<Request [b'HEAD']>
2026-07-30 20:54:13,305 [DEBUG] receive_response_body.complete
2026-07-30 20:54:13,305 [DEBUG] response_closed.started
2026-07-30 20:54:13,305 [DEBUG] response_closed.complete
2026-07-30 20:54:13,314 [DEBUG] connect_tcp.started host='127.0.0.1' port=7860 local_address=None timeout=None socket_options=None
2026-07-30 20:54:13,314 [DEBUG] connect_tcp.complete return_value=<httpcore._backends.sync.SyncStream object at 0x00000156C55D2A50>
2026-07-30 20:54:13,314 [DEBUG] send_request_headers.started request=<Request [b'GET']>
2026-07-30 20:54:13,315 [DEBUG] send_request_headers.complete
2026-07-30 20:54:13,326 [DEBUG] send_request_body.started request=<Request [b'GET']>
2026-07-30 20:54:13,326 [DEBUG] send_request_body.complete
2026-07-30 20:54:13,326 [DEBUG] receive_response_headers.started request=<Request [b'GET']>
2026-07-30 20:54:13,340 [DEBUG] receive_response_headers.complete return_value=(b'HTTP/1.1', 200, b'OK', [(b'date', b'Thu, 30 Jul 2026 19:54:13 GMT'), (b'server', b'uvicorn'), (b'content-length', b'4'), (b'content-type', b'application/json')])
2026-07-30 20:54:13,340 [INFO] HTTP Request: GET http://127.0.0.1:7860/gradio_api/startup-events "HTTP/1.1 200 OK"
2026-07-30 20:54:13,340 [DEBUG] receive_response_body.started request=<Request [b'GET']>
2026-07-30 20:54:13,340 [DEBUG] receive_response_body.complete
2026-07-30 20:54:13,340 [DEBUG] response_closed.started
2026-07-30 20:54:13,340 [DEBUG] response_closed.complete
2026-07-30 20:54:13,340 [DEBUG] close.started
2026-07-30 20:54:13,340 [DEBUG] close.complete
2026-07-30 20:54:13,340 [DEBUG] connect_tcp.started host='127.0.0.1' port=7860 local_address=None timeout=3 socket_options=None
2026-07-30 20:54:13,356 [DEBUG] connect_tcp.complete return_value=<httpcore._backends.sync.SyncStream object at 0x00000156C51655E0>
2026-07-30 20:54:13,356 [DEBUG] connect_tcp.complete return_value=<httpcore._backends.sync.SyncStream object at 0x00000156C5648410>
2026-07-30 20:54:13,356 [DEBUG] start_tls.started ssl_context=<ssl.SSLContext object at 0x00000156C4DC6150> server_hostname='api.gradio.app' timeout=3
2026-07-30 20:54:13,356 [DEBUG] send_request_headers.started request=<Request [b'HEAD']>
2026-07-30 20:54:13,356 [DEBUG] send_request_headers.complete
2026-07-30 20:54:13,356 [DEBUG] send_request_body.started request=<Request [b'HEAD']>
2026-07-30 20:54:13,356 [DEBUG] send_request_body.complete
2026-07-30 20:54:13,356 [DEBUG] receive_response_headers.started request=<Request [b'HEAD']>
2026-07-30 20:54:13,385 [DEBUG] receive_response_headers.complete return_value=(b'HTTP/1.1', 200, b'OK', [(b'date', b'Thu, 30 Jul 2026 19:54:13 GMT'), (b'server', b'uvicorn'), (b'content-length', b'55710'), (b'content-type', b'text/html; charset=utf-8')])
2026-07-30 20:54:13,385 [INFO] HTTP Request: HEAD http://127.0.0.1:7860/ "HTTP/1.1 200 OK"
2026-07-30 20:54:13,385 [DEBUG] receive_response_body.started request=<Request [b'HEAD']>
2026-07-30 20:54:13,385 [DEBUG] receive_response_body.complete
2026-07-30 20:54:13,385 [DEBUG] response_closed.started
2026-07-30 20:54:13,385 [DEBUG] response_closed.complete
2026-07-30 20:54:13,385 [DEBUG] close.started
2026-07-30 20:54:13,385 [DEBUG] close.complete
2026-07-30 20:54:13,435 [DEBUG] send_request_headers.started request=<Request [b'HEAD']>
2026-07-30 20:54:13,435 [DEBUG] send_request_headers.complete
2026-07-30 20:54:13,436 [DEBUG] send_request_body.started request=<Request [b'HEAD']>
2026-07-30 20:54:13,436 [DEBUG] send_request_body.complete
2026-07-30 20:54:13,436 [DEBUG] receive_response_headers.started request=<Request [b'HEAD']>
2026-07-30 20:54:13,531 [DEBUG] receive_response_headers.complete return_value=(b'HTTP/1.1', 200, b'OK', [(b'Content-Type', b'text/plain; charset=utf-8'), (b'Content-Length', b'2'), (b'Connection', b'keep-alive'), (b'Date', b'Thu, 30 Jul 2026 19:54:11 GMT'), (b'ETag', b'W/"2-nOO9QiTIwXgNtWtBJezz8kv3SLc"'), (b'X-Powered-By', b'huggingface-moon'), (b'X-Request-Id', b'Root=1-6a6babe3-394393314076abd82a7ec348;f0bb846a-499f-40f1-b23c-c41c9d39bf69'), (b'RateLimit', b'"api";r=9996;t=59'), (b'RateLimit-Policy', b'"fixed window";"api";q=10000;w=300'), (b'cross-origin-opener-policy', b'same-origin'), (b'Referrer-Policy', b'strict-origin-when-cross-origin'), (b'Access-Control-Max-Age', b'86400'), (b'Access-Control-Allow-Origin', b'https://huggingface.co'), (b'Vary', b'Origin'), (b'Access-Control-Expose-Headers', b'X-Repo-Commit,X-Request-Id,X-Error-Code,X-Error-Message,X-Total-Count,ETag,Link,Accept-Ranges,Content-Range,X-Linked-Size,X-Linked-ETag,X-Xet-Hash'), (b'X-Cache', b'Miss from cloudfront'), (b'Via', b'1.1 edc038c177cc089d4f8ea7b73f8fd284.cloudfront.net (CloudFront)'), (b'X-Amz-Cf-Pop', b'LHR3-P3'), (b'Alt-Svc', b'h3=":443"; ma=86400'), (b'X-Amz-Cf-Id', b'i42eas6Rr5SqP-GA8emaNleZU4HScOayhkMhKJYqK6TuiXgYQyrhyw==')])
2026-07-30 20:54:13,531 [INFO] HTTP Request: HEAD https://huggingface.co/api/telemetry/https%3A/api.gradio.app/gradio-launched-telemetry "HTTP/1.1 200 OK"
2026-07-30 20:54:13,531 [DEBUG] receive_response_body.started request=<Request [b'HEAD']>
2026-07-30 20:54:13,531 [DEBUG] receive_response_body.complete
2026-07-30 20:54:13,531 [DEBUG] response_closed.started
2026-07-30 20:54:13,531 [DEBUG] response_closed.complete
2026-07-30 20:54:13,658 [DEBUG] start_tls.complete return_value=<httpcore._backends.sync.SyncStream object at 0x00000156C50F9C10>
2026-07-30 20:54:13,658 [DEBUG] send_request_headers.started request=<Request [b'GET']>
2026-07-30 20:54:13,658 [DEBUG] send_request_headers.complete
2026-07-30 20:54:13,658 [DEBUG] send_request_body.started request=<Request [b'GET']>
2026-07-30 20:54:13,658 [DEBUG] send_request_body.complete
2026-07-30 20:54:13,658 [DEBUG] receive_response_headers.started request=<Request [b'GET']>
2026-07-30 20:54:13,815 [DEBUG] receive_response_headers.complete return_value=(b'HTTP/1.1', 200, b'OK', [(b'Date', b'Thu, 30 Jul 2026 19:54:12 GMT'), (b'Content-Type', b'application/json'), (b'Content-Length', b'21'), (b'Connection', b'keep-alive'), (b'Server', b'nginx/1.18.0'), (b'Access-Control-Allow-Origin', b'*')])
2026-07-30 20:54:13,816 [INFO] HTTP Request: GET https://api.gradio.app/pkg-version "HTTP/1.1 200 OK"
2026-07-30 20:54:13,816 [DEBUG] receive_response_body.started request=<Request [b'GET']>
2026-07-30 20:54:13,816 [DEBUG] receive_response_body.complete
2026-07-30 20:54:13,816 [DEBUG] response_closed.started
2026-07-30 20:54:13,816 [DEBUG] response_closed.complete
2026-07-30 20:54:13,816 [DEBUG] close.started
2026-07-30 20:54:13,816 [DEBUG] close.complete
2026-07-30 20:54:21,539 [INFO] Tab1 upload received: C:\Users\Andrew Baines\AppData\Local\Temp\gradio\70d4c4a353152f5b9c3c2c76f87cf828bcec0ba22e6d8fb8871cebc88005f722\muted_Reese reese.vuitton Instagram photos and videos(27).mp4
2026-07-30 20:54:21,541 [INFO] Probing: C:\Users\Andrew Baines\AppData\Local\Temp\gradio\70d4c4a353152f5b9c3c2c76f87cf828bcec0ba22e6d8fb8871cebc88005f722\muted_Reese reese.vuitton Instagram photos and videos(27).mp4
2026-07-30 20:54:21,542 [DEBUG] cmd: F:\Githubrepostotest\Dragon Diffusion Video Prep\venv\Lib\site-packages\static_ffmpeg\bin\win32\ffprobe.EXE -v error -select_streams v:0 -show_entries stream=width,height,r_frame_rate,duration -of csv=p=0 C:\Users\Andrew Baines\AppData\Local\Temp\gradio\70d4c4a353152f5b9c3c2c76f87cf828bcec0ba22e6d8fb8871cebc88005f722\muted_Reese reese.vuitton Instagram photos and videos(27).mp4
2026-07-30 20:54:21,947 [DEBUG] stdout: '720,1280,30/1,25.466667\n'  stderr: ''
2026-07-30 20:54:21,947 [INFO]   -> 720x1280 @ 30.000fps  25.47s
2026-07-30 20:54:41,373 [INFO] Tab1 extract from: C:\Users\Andrew Baines\AppData\Local\Temp\gradio\70d4c4a353152f5b9c3c2c76f87cf828bcec0ba22e6d8fb8871cebc88005f722\muted_Reese reese.vuitton Instagram photos and videos(27).mp4  start=6  length=5
2026-07-30 20:54:41,373 [INFO] Probing: C:\Users\Andrew Baines\AppData\Local\Temp\gradio\70d4c4a353152f5b9c3c2c76f87cf828bcec0ba22e6d8fb8871cebc88005f722\muted_Reese reese.vuitton Instagram photos and videos(27).mp4
2026-07-30 20:54:41,374 [DEBUG] cmd: F:\Githubrepostotest\Dragon Diffusion Video Prep\venv\Lib\site-packages\static_ffmpeg\bin\win32\ffprobe.EXE -v error -select_streams v:0 -show_entries stream=width,height,r_frame_rate,duration -of csv=p=0 C:\Users\Andrew Baines\AppData\Local\Temp\gradio\70d4c4a353152f5b9c3c2c76f87cf828bcec0ba22e6d8fb8871cebc88005f722\muted_Reese reese.vuitton Instagram photos and videos(27).mp4
2026-07-30 20:54:41,404 [DEBUG] stdout: '720,1280,30/1,25.466667\n'  stderr: ''
2026-07-30 20:54:41,404 [INFO]   -> 720x1280 @ 30.000fps  25.47s
2026-07-30 20:54:41,404 [INFO] ffmpeg: F:\Githubrepostotest\Dragon Diffusion Video Prep\venv\Lib\site-packages\static_ffmpeg\bin\win32\ffmpeg.EXE -y -ss 6.0 -to 11.0 -i C:\Users\Andrew Baines\AppData\Local\Temp\gradio\70d4c4a353152f5b9c3c2c76f87cf828bcec0ba22e6d8fb8871cebc88005f722\muted_Reese reese.vuitton Instagram photos and videos(27).mp4 -vf scale=432:768,fps=25.0 -c:v libx264 -crf 18 -preset slow -c:a aac -b:a 192k F:\Githubrepostotest\Dragon Diffusion Video Prep\output\clip_muted_Reese reese.vuitton Instagram photos and videos(27)_6s.mp4
2026-07-30 20:54:42,224 [INFO] ffmpeg OK.
2026-07-30 20:54:42,224 [INFO] Done.
Input:  720x1280 @ 30.00fps
Output: 432x768 @ 25.00fps
Clip:   6.0s → 11.0s  (5.0s)
Saved:  F:\Githubrepostotest\Dragon Diffusion Video Prep\output\clip_muted_Reese reese.vuitton Instagram photos and videos(27)_6s.mp4
2026-07-30 20:56:34,074 [INFO] Starting — pulling FFmpeg binaries...
2026-07-30 20:56:34,074 [DEBUG] Attempting to acquire lock 1892310932592 on F:\Githubrepostotest\Dragon Diffusion Video Prep\venv\Lib\site-packages\static_ffmpeg\lock.file
2026-07-30 20:56:34,076 [DEBUG] Lock 1892310932592 acquired on F:\Githubrepostotest\Dragon Diffusion Video Prep\venv\Lib\site-packages\static_ffmpeg\lock.file
2026-07-30 20:56:34,076 [DEBUG] Attempting to release lock 1892310932592 on F:\Githubrepostotest\Dragon Diffusion Video Prep\venv\Lib\site-packages\static_ffmpeg\lock.file
2026-07-30 20:56:34,076 [DEBUG] Lock 1892310932592 released on F:\Githubrepostotest\Dragon Diffusion Video Prep\venv\Lib\site-packages\static_ffmpeg\lock.file
2026-07-30 20:56:34,076 [INFO] FFmpeg ready.
2026-07-30 20:56:34,076 [INFO] Input  folder: F:\Githubrepostotest\Dragon Diffusion Video Prep\input
2026-07-30 20:56:34,076 [INFO] Output folder: F:\Githubrepostotest\Dragon Diffusion Video Prep\output
2026-07-30 20:56:34,080 [DEBUG] Using proactor: IocpProactor
2026-07-30 20:56:34,080 [DEBUG] Using proactor: IocpProactor
2026-07-30 20:56:34,080 [DEBUG] Using proactor: IocpProactor
2026-07-30 20:56:34,082 [DEBUG] Using proactor: IocpProactor
2026-07-30 20:56:34,131 [DEBUG] Using proactor: IocpProactor
2026-07-30 20:56:34,136 [DEBUG] Using proactor: IocpProactor
2026-07-30 20:56:34,160 [DEBUG] Using proactor: IocpProactor
2026-07-30 20:56:34,160 [DEBUG] Using proactor: IocpProactor
2026-07-30 20:56:34,195 [DEBUG] Using proactor: IocpProactor
2026-07-30 20:56:34,209 [DEBUG] connect_tcp.started host='api.gradio.app' port=443 local_address=None timeout=3 socket_options=None
2026-07-30 20:56:34,213 [DEBUG] connect_tcp.started host='huggingface.co' port=443 local_address=None timeout=None socket_options=None
2026-07-30 20:56:34,243 [DEBUG] connect_tcp.complete return_value=<httpcore._backends.sync.SyncStream object at 0x000001B89700DD60>
2026-07-30 20:56:34,243 [DEBUG] start_tls.started ssl_context=<ssl.SSLContext object at 0x000001B896B762D0> server_hostname='huggingface.co' timeout=None
2026-07-30 20:56:34,255 [DEBUG] start_tls.complete return_value=<httpcore._backends.sync.SyncStream object at 0x000001B896F27A40>
2026-07-30 20:56:34,255 [DEBUG] send_request_headers.started request=<Request [b'HEAD']>
2026-07-30 20:56:34,255 [DEBUG] send_request_headers.complete
2026-07-30 20:56:34,255 [DEBUG] send_request_body.started request=<Request [b'HEAD']>
2026-07-30 20:56:34,255 [DEBUG] send_request_body.complete
2026-07-30 20:56:34,255 [DEBUG] receive_response_headers.started request=<Request [b'HEAD']>
2026-07-30 20:56:34,313 [DEBUG] connect_tcp.started host='127.0.0.1' port=7860 local_address=None timeout=None socket_options=None
2026-07-30 20:56:34,313 [DEBUG] connect_tcp.complete return_value=<httpcore._backends.sync.SyncStream object at 0x000001B89700E3F0>
2026-07-30 20:56:34,313 [DEBUG] send_request_headers.started request=<Request [b'GET']>
2026-07-30 20:56:34,313 [DEBUG] send_request_headers.complete
2026-07-30 20:56:34,329 [DEBUG] send_request_body.started request=<Request [b'GET']>
2026-07-30 20:56:34,339 [DEBUG] send_request_body.complete
2026-07-30 20:56:34,339 [DEBUG] receive_response_headers.started request=<Request [b'GET']>
2026-07-30 20:56:34,339 [DEBUG] receive_response_headers.complete return_value=(b'HTTP/1.1', 200, b'OK', [(b'date', b'Thu, 30 Jul 2026 19:56:34 GMT'), (b'server', b'uvicorn'), (b'content-length', b'4'), (b'content-type', b'application/json')])
2026-07-30 20:56:34,339 [INFO] HTTP Request: GET http://127.0.0.1:7860/gradio_api/startup-events "HTTP/1.1 200 OK"
2026-07-30 20:56:34,339 [DEBUG] receive_response_body.started request=<Request [b'GET']>
2026-07-30 20:56:34,339 [DEBUG] receive_response_body.complete
2026-07-30 20:56:34,339 [DEBUG] response_closed.started
2026-07-30 20:56:34,339 [DEBUG] response_closed.complete
2026-07-30 20:56:34,339 [DEBUG] close.started
2026-07-30 20:56:34,342 [DEBUG] close.complete
2026-07-30 20:56:34,342 [DEBUG] connect_tcp.started host='127.0.0.1' port=7860 local_address=None timeout=3 socket_options=None
2026-07-30 20:56:34,343 [DEBUG] connect_tcp.complete return_value=<httpcore._backends.sync.SyncStream object at 0x000001B897075160>
2026-07-30 20:56:34,343 [DEBUG] send_request_headers.started request=<Request [b'HEAD']>
2026-07-30 20:56:34,343 [DEBUG] send_request_headers.complete
2026-07-30 20:56:34,343 [DEBUG] send_request_body.started request=<Request [b'HEAD']>
2026-07-30 20:56:34,344 [DEBUG] send_request_body.complete
2026-07-30 20:56:34,344 [DEBUG] receive_response_headers.started request=<Request [b'HEAD']>
2026-07-30 20:56:34,351 [DEBUG] receive_response_headers.complete return_value=(b'HTTP/1.1', 200, b'OK', [(b'date', b'Thu, 30 Jul 2026 19:56:34 GMT'), (b'server', b'uvicorn'), (b'content-length', b'55711'), (b'content-type', b'text/html; charset=utf-8')])
2026-07-30 20:56:34,351 [INFO] HTTP Request: HEAD http://127.0.0.1:7860/ "HTTP/1.1 200 OK"
2026-07-30 20:56:34,351 [DEBUG] receive_response_body.started request=<Request [b'HEAD']>
2026-07-30 20:56:34,351 [DEBUG] receive_response_body.complete
2026-07-30 20:56:34,351 [DEBUG] response_closed.started
2026-07-30 20:56:34,351 [DEBUG] response_closed.complete
2026-07-30 20:56:34,351 [DEBUG] receive_response_headers.complete return_value=(b'HTTP/1.1', 200, b'OK', [(b'Content-Type', b'text/plain; charset=utf-8'), (b'Content-Length', b'2'), (b'Connection', b'keep-alive'), (b'Date', b'Thu, 30 Jul 2026 19:56:32 GMT'), (b'ETag', b'W/"2-nOO9QiTIwXgNtWtBJezz8kv3SLc"'), (b'X-Powered-By', b'huggingface-moon'), (b'X-Request-Id', b'Root=1-6a6bac70-5f1a881611f33c532966fc5f;80f53865-257d-4525-9c88-cfdffbcfd044'), (b'RateLimit', b'"api";r=9999;t=218'), (b'RateLimit-Policy', b'"fixed window";"api";q=10000;w=300'), (b'cross-origin-opener-policy', b'same-origin'), (b'Referrer-Policy', b'strict-origin-when-cross-origin'), (b'Access-Control-Max-Age', b'86400'), (b'Access-Control-Allow-Origin', b'https://huggingface.co'), (b'Vary', b'Origin'), (b'Access-Control-Expose-Headers', b'X-Repo-Commit,X-Request-Id,X-Error-Code,X-Error-Message,X-Total-Count,ETag,Link,Accept-Ranges,Content-Range,X-Linked-Size,X-Linked-ETag,X-Xet-Hash'), (b'X-Cache', b'Miss from cloudfront'), (b'Via', b'1.1 552bb7d834a339e45636651342ba0b78.cloudfront.net (CloudFront)'), (b'X-Amz-Cf-Pop', b'LHR3-P3'), (b'X-Amz-Cf-Id', b'PEP0rp8ZbPo2Ed3cyfc4-JnE-TPAajnG3wFXun9FiD6o39eDIHo3RQ==')])
2026-07-30 20:56:34,351 [DEBUG] close.started
2026-07-30 20:56:34,351 [INFO] HTTP Request: HEAD https://huggingface.co/api/telemetry/https%3A/api.gradio.app/gradio-initiated-analytics "HTTP/1.1 200 OK"
2026-07-30 20:56:34,355 [DEBUG] close.complete
2026-07-30 20:56:34,355 [DEBUG] receive_response_body.started request=<Request [b'HEAD']>
2026-07-30 20:56:34,355 [DEBUG] receive_response_body.complete
2026-07-30 20:56:34,355 [DEBUG] response_closed.started
2026-07-30 20:56:34,355 [DEBUG] response_closed.complete
2026-07-30 20:56:34,393 [DEBUG] send_request_headers.started request=<Request [b'HEAD']>
2026-07-30 20:56:34,393 [DEBUG] send_request_headers.complete
2026-07-30 20:56:34,393 [DEBUG] send_request_body.started request=<Request [b'HEAD']>
2026-07-30 20:56:34,393 [DEBUG] send_request_body.complete
2026-07-30 20:56:34,393 [DEBUG] receive_response_headers.started request=<Request [b'HEAD']>
2026-07-30 20:56:34,411 [DEBUG] connect_tcp.complete return_value=<httpcore._backends.sync.SyncStream object at 0x000001B89700CEF0>
2026-07-30 20:56:34,411 [DEBUG] start_tls.started ssl_context=<ssl.SSLContext object at 0x000001B896B76150> server_hostname='api.gradio.app' timeout=3
2026-07-30 20:56:34,495 [DEBUG] receive_response_headers.complete return_value=(b'HTTP/1.1', 200, b'OK', [(b'Content-Type', b'text/plain; charset=utf-8'), (b'Content-Length', b'2'), (b'Connection', b'keep-alive'), (b'Date', b'Thu, 30 Jul 2026 19:56:32 GMT'), (b'ETag', b'W/"2-nOO9QiTIwXgNtWtBJezz8kv3SLc"'), (b'X-Powered-By', b'huggingface-moon'), (b'X-Request-Id', b'Root=1-6a6bac70-3c6247d453cb9382077240d1;f244147a-b423-4ad8-86be-6ffa9f08dbaa'), (b'RateLimit', b'"api";r=9998;t=218'), (b'RateLimit-Policy', b'"fixed window";"api";q=10000;w=300'), (b'cross-origin-opener-policy', b'same-origin'), (b'Referrer-Policy', b'strict-origin-when-cross-origin'), (b'Access-Control-Max-Age', b'86400'), (b'Access-Control-Allow-Origin', b'https://huggingface.co'), (b'Vary', b'Origin'), (b'Access-Control-Expose-Headers', b'X-Repo-Commit,X-Request-Id,X-Error-Code,X-Error-Message,X-Total-Count,ETag,Link,Accept-Ranges,Content-Range,X-Linked-Size,X-Linked-ETag,X-Xet-Hash'), (b'X-Cache', b'Miss from cloudfront'), (b'Via', b'1.1 552bb7d834a339e45636651342ba0b78.cloudfront.net (CloudFront)'), (b'X-Amz-Cf-Pop', b'LHR3-P3'), (b'X-Amz-Cf-Id', b'1u6jQdEmQQSQhtxzZ9QHPgXL-V0UCQaAS7nxrO4UlqUbml0h7Ch9-w==')])
2026-07-30 20:56:34,495 [INFO] HTTP Request: HEAD https://huggingface.co/api/telemetry/https%3A/api.gradio.app/gradio-launched-telemetry "HTTP/1.1 200 OK"
2026-07-30 20:56:34,495 [DEBUG] receive_response_body.started request=<Request [b'HEAD']>
2026-07-30 20:56:34,495 [DEBUG] receive_response_body.complete
2026-07-30 20:56:34,495 [DEBUG] response_closed.started
2026-07-30 20:56:34,495 [DEBUG] response_closed.complete
2026-07-30 20:56:34,721 [DEBUG] start_tls.complete return_value=<httpcore._backends.sync.SyncStream object at 0x000001B896FA7740>
2026-07-30 20:56:34,722 [DEBUG] send_request_headers.started request=<Request [b'GET']>
2026-07-30 20:56:34,722 [DEBUG] send_request_headers.complete
2026-07-30 20:56:34,722 [DEBUG] send_request_body.started request=<Request [b'GET']>
2026-07-30 20:56:34,722 [DEBUG] send_request_body.complete
2026-07-30 20:56:34,722 [DEBUG] receive_response_headers.started request=<Request [b'GET']>
2026-07-30 20:56:34,880 [DEBUG] receive_response_headers.complete return_value=(b'HTTP/1.1', 200, b'OK', [(b'Date', b'Thu, 30 Jul 2026 19:56:33 GMT'), (b'Content-Type', b'application/json'), (b'Content-Length', b'21'), (b'Connection', b'keep-alive'), (b'Server', b'nginx/1.18.0'), (b'Access-Control-Allow-Origin', b'*')])
2026-07-30 20:56:34,880 [INFO] HTTP Request: GET https://api.gradio.app/pkg-version "HTTP/1.1 200 OK"
2026-07-30 20:56:34,880 [DEBUG] receive_response_body.started request=<Request [b'GET']>
2026-07-30 20:56:34,880 [DEBUG] receive_response_body.complete
2026-07-30 20:56:34,881 [DEBUG] response_closed.started
2026-07-30 20:56:34,881 [DEBUG] response_closed.complete
2026-07-30 20:56:34,881 [DEBUG] close.started
2026-07-30 20:56:34,881 [DEBUG] close.complete
2026-07-30 20:56:37,499 [INFO] Tab1 upload received: C:\Users\Andrew Baines\AppData\Local\Temp\gradio\70d4c4a353152f5b9c3c2c76f87cf828bcec0ba22e6d8fb8871cebc88005f722\muted_Reese reese.vuitton Instagram photos and videos(27).mp4
2026-07-30 20:56:37,500 [INFO] Probing: C:\Users\Andrew Baines\AppData\Local\Temp\gradio\70d4c4a353152f5b9c3c2c76f87cf828bcec0ba22e6d8fb8871cebc88005f722\muted_Reese reese.vuitton Instagram photos and videos(27).mp4
2026-07-30 20:56:37,501 [DEBUG] cmd: F:\Githubrepostotest\Dragon Diffusion Video Prep\venv\Lib\site-packages\static_ffmpeg\bin\win32\ffprobe.EXE -v error -select_streams v:0 -show_entries stream=width,height,r_frame_rate,duration -of csv=p=0 C:\Users\Andrew Baines\AppData\Local\Temp\gradio\70d4c4a353152f5b9c3c2c76f87cf828bcec0ba22e6d8fb8871cebc88005f722\muted_Reese reese.vuitton Instagram photos and videos(27).mp4
2026-07-30 20:56:37,532 [DEBUG] stdout: '720,1280,30/1,25.466667\n'  stderr: ''
2026-07-30 20:56:37,532 [INFO]   -> 720x1280 @ 30.000fps  25.47s
2026-07-30 20:56:40,795 [INFO] Tab1 extract from: C:\Users\Andrew Baines\AppData\Local\Temp\gradio\70d4c4a353152f5b9c3c2c76f87cf828bcec0ba22e6d8fb8871cebc88005f722\muted_Reese reese.vuitton Instagram photos and videos(27).mp4  start=5.6  length=5
2026-07-30 20:56:40,795 [INFO] Probing: C:\Users\Andrew Baines\AppData\Local\Temp\gradio\70d4c4a353152f5b9c3c2c76f87cf828bcec0ba22e6d8fb8871cebc88005f722\muted_Reese reese.vuitton Instagram photos and videos(27).mp4
2026-07-30 20:56:40,795 [DEBUG] cmd: F:\Githubrepostotest\Dragon Diffusion Video Prep\venv\Lib\site-packages\static_ffmpeg\bin\win32\ffprobe.EXE -v error -select_streams v:0 -show_entries stream=width,height,r_frame_rate,duration -of csv=p=0 C:\Users\Andrew Baines\AppData\Local\Temp\gradio\70d4c4a353152f5b9c3c2c76f87cf828bcec0ba22e6d8fb8871cebc88005f722\muted_Reese reese.vuitton Instagram photos and videos(27).mp4
2026-07-30 20:56:40,821 [DEBUG] stdout: '720,1280,30/1,25.466667\n'  stderr: ''
2026-07-30 20:56:40,821 [INFO]   -> 720x1280 @ 30.000fps  25.47s
2026-07-30 20:56:40,821 [INFO] ffmpeg: F:\Githubrepostotest\Dragon Diffusion Video Prep\venv\Lib\site-packages\static_ffmpeg\bin\win32\ffmpeg.EXE -y -ss 5.6 -to 10.6 -i C:\Users\Andrew Baines\AppData\Local\Temp\gradio\70d4c4a353152f5b9c3c2c76f87cf828bcec0ba22e6d8fb8871cebc88005f722\muted_Reese reese.vuitton Instagram photos and videos(27).mp4 -vf scale=432:768,fps=25.0 -c:v libx264 -crf 18 -preset slow -c:a aac -b:a 192k F:\Githubrepostotest\Dragon Diffusion Video Prep\output\clip_muted_Reese reese.vuitton Instagram photos and videos(27)_5s.mp4
2026-07-30 20:56:41,182 [INFO] ffmpeg OK.
2026-07-30 20:56:41,182 [INFO] Done.
Input:  720x1280 @ 30.00fps
Output: 432x768 @ 25.00fps
Clip:   5.6s → 10.6s  (5.0s)
Saved:  F:\Githubrepostotest\Dragon Diffusion Video Prep\output\clip_muted_Reese reese.vuitton Instagram photos and videos(27)_5s.mp4
2026-07-30 20:59:05,825 [INFO] Starting — pulling FFmpeg binaries...
2026-07-30 20:59:05,825 [DEBUG] Attempting to acquire lock 2328112061552 on F:\Githubrepostotest\Dragon Diffusion Video Prep\venv\Lib\site-packages\static_ffmpeg\lock.file
2026-07-30 20:59:05,843 [DEBUG] Lock 2328112061552 acquired on F:\Githubrepostotest\Dragon Diffusion Video Prep\venv\Lib\site-packages\static_ffmpeg\lock.file
2026-07-30 20:59:05,843 [DEBUG] Attempting to release lock 2328112061552 on F:\Githubrepostotest\Dragon Diffusion Video Prep\venv\Lib\site-packages\static_ffmpeg\lock.file
2026-07-30 20:59:05,843 [DEBUG] Lock 2328112061552 released on F:\Githubrepostotest\Dragon Diffusion Video Prep\venv\Lib\site-packages\static_ffmpeg\lock.file
2026-07-30 20:59:05,843 [INFO] FFmpeg ready.
2026-07-30 20:59:05,843 [INFO] Input  folder: F:\Githubrepostotest\Dragon Diffusion Video Prep\input
2026-07-30 20:59:05,843 [INFO] Output folder: F:\Githubrepostotest\Dragon Diffusion Video Prep\output
2026-07-30 20:59:05,846 [DEBUG] Using proactor: IocpProactor
2026-07-30 20:59:05,846 [DEBUG] Using proactor: IocpProactor
2026-07-30 20:59:05,846 [DEBUG] Using proactor: IocpProactor
2026-07-30 20:59:05,846 [DEBUG] Using proactor: IocpProactor
2026-07-30 20:59:05,896 [DEBUG] Using proactor: IocpProactor
2026-07-30 20:59:05,900 [DEBUG] Using proactor: IocpProactor
2026-07-30 20:59:05,923 [DEBUG] Using proactor: IocpProactor
2026-07-30 20:59:05,923 [DEBUG] Using proactor: IocpProactor
2026-07-30 20:59:05,956 [DEBUG] Using proactor: IocpProactor
2026-07-30 20:59:05,976 [DEBUG] connect_tcp.started host='api.gradio.app' port=443 local_address=None timeout=3 socket_options=None
2026-07-30 20:59:05,976 [DEBUG] connect_tcp.started host='huggingface.co' port=443 local_address=None timeout=None socket_options=None
2026-07-30 20:59:06,013 [DEBUG] connect_tcp.complete return_value=<httpcore._backends.sync.SyncStream object at 0x0000021E0ECBDAF0>
2026-07-30 20:59:06,035 [DEBUG] start_tls.started ssl_context=<ssl.SSLContext object at 0x0000021E0E7E63D0> server_hostname='huggingface.co' timeout=None
2026-07-30 20:59:06,050 [DEBUG] start_tls.complete return_value=<httpcore._backends.sync.SyncStream object at 0x0000021E0ECBDA00>
2026-07-30 20:59:06,050 [DEBUG] send_request_headers.started request=<Request [b'HEAD']>
2026-07-30 20:59:06,050 [DEBUG] send_request_headers.complete
2026-07-30 20:59:06,050 [DEBUG] send_request_body.started request=<Request [b'HEAD']>
2026-07-30 20:59:06,050 [DEBUG] send_request_body.complete
2026-07-30 20:59:06,050 [DEBUG] receive_response_headers.started request=<Request [b'HEAD']>
2026-07-30 20:59:06,077 [DEBUG] connect_tcp.started host='127.0.0.1' port=7860 local_address=None timeout=None socket_options=None
2026-07-30 20:59:06,077 [DEBUG] connect_tcp.complete return_value=<httpcore._backends.sync.SyncStream object at 0x0000021E0ECBE1B0>
2026-07-30 20:59:06,077 [DEBUG] send_request_headers.started request=<Request [b'GET']>
2026-07-30 20:59:06,088 [DEBUG] send_request_headers.complete
2026-07-30 20:59:06,088 [DEBUG] send_request_body.started request=<Request [b'GET']>
2026-07-30 20:59:06,088 [DEBUG] send_request_body.complete
2026-07-30 20:59:06,088 [DEBUG] receive_response_headers.started request=<Request [b'GET']>
2026-07-30 20:59:06,092 [DEBUG] receive_response_headers.complete return_value=(b'HTTP/1.1', 200, b'OK', [(b'date', b'Thu, 30 Jul 2026 19:59:05 GMT'), (b'server', b'uvicorn'), (b'content-length', b'4'), (b'content-type', b'application/json')])
2026-07-30 20:59:06,092 [INFO] HTTP Request: GET http://127.0.0.1:7860/gradio_api/startup-events "HTTP/1.1 200 OK"
2026-07-30 20:59:06,092 [DEBUG] receive_response_body.started request=<Request [b'GET']>
2026-07-30 20:59:06,092 [DEBUG] receive_response_body.complete
2026-07-30 20:59:06,092 [DEBUG] response_closed.started
2026-07-30 20:59:06,092 [DEBUG] response_closed.complete
2026-07-30 20:59:06,092 [DEBUG] close.started
2026-07-30 20:59:06,092 [DEBUG] close.complete
2026-07-30 20:59:06,093 [DEBUG] connect_tcp.started host='127.0.0.1' port=7860 local_address=None timeout=3 socket_options=None
2026-07-30 20:59:06,093 [DEBUG] connect_tcp.complete return_value=<httpcore._backends.sync.SyncStream object at 0x0000021E0ED28EC0>
2026-07-30 20:59:06,093 [DEBUG] send_request_headers.started request=<Request [b'HEAD']>
2026-07-30 20:59:06,093 [DEBUG] send_request_headers.complete
2026-07-30 20:59:06,093 [DEBUG] send_request_body.started request=<Request [b'HEAD']>
2026-07-30 20:59:06,093 [DEBUG] send_request_body.complete
2026-07-30 20:59:06,096 [DEBUG] receive_response_headers.started request=<Request [b'HEAD']>
2026-07-30 20:59:06,104 [DEBUG] receive_response_headers.complete return_value=(b'HTTP/1.1', 200, b'OK', [(b'date', b'Thu, 30 Jul 2026 19:59:05 GMT'), (b'server', b'uvicorn'), (b'content-length', b'55711'), (b'content-type', b'text/html; charset=utf-8')])
2026-07-30 20:59:06,104 [INFO] HTTP Request: HEAD http://127.0.0.1:7860/ "HTTP/1.1 200 OK"
2026-07-30 20:59:06,104 [DEBUG] receive_response_body.started request=<Request [b'HEAD']>
2026-07-30 20:59:06,104 [DEBUG] receive_response_body.complete
2026-07-30 20:59:06,104 [DEBUG] response_closed.started
2026-07-30 20:59:06,104 [DEBUG] response_closed.complete
2026-07-30 20:59:06,104 [DEBUG] close.started
2026-07-30 20:59:06,104 [DEBUG] close.complete
2026-07-30 20:59:06,147 [DEBUG] connect_tcp.started host='huggingface.co' port=443 local_address=None timeout=None socket_options=None
2026-07-30 20:59:06,147 [DEBUG] receive_response_headers.complete return_value=(b'HTTP/1.1', 200, b'OK', [(b'Content-Type', b'text/plain; charset=utf-8'), (b'Content-Length', b'2'), (b'Connection', b'keep-alive'), (b'Date', b'Thu, 30 Jul 2026 19:59:04 GMT'), (b'ETag', b'W/"2-nOO9QiTIwXgNtWtBJezz8kv3SLc"'), (b'X-Powered-By', b'huggingface-moon'), (b'X-Request-Id', b'Root=1-6a6bad08-5f29efd71e64c79559237268;3678473d-60bb-4ba5-8349-2d8ade95c1e6'), (b'RateLimit', b'"api";r=9997;t=66'), (b'RateLimit-Policy', b'"fixed window";"api";q=10000;w=300'), (b'cross-origin-opener-policy', b'same-origin'), (b'Referrer-Policy', b'strict-origin-when-cross-origin'), (b'Access-Control-Max-Age', b'86400'), (b'Access-Control-Allow-Origin', b'https://huggingface.co'), (b'Vary', b'Origin'), (b'Access-Control-Expose-Headers', b'X-Repo-Commit,X-Request-Id,X-Error-Code,X-Error-Message,X-Total-Count,ETag,Link,Accept-Ranges,Content-Range,X-Linked-Size,X-Linked-ETag,X-Xet-Hash'), (b'X-Cache', b'Miss from cloudfront'), (b'Via', b'1.1 552bb7d834a339e45636651342ba0b78.cloudfront.net (CloudFront)'), (b'X-Amz-Cf-Pop', b'LHR3-P3'), (b'X-Amz-Cf-Id', b'wY04N7ozJ9daAKGpQ3i5w_wrnKn3oPxPuOPYDf42R9w9cTYVI2jGzQ==')])
2026-07-30 20:59:06,147 [INFO] HTTP Request: HEAD https://huggingface.co/api/telemetry/https%3A/api.gradio.app/gradio-initiated-analytics "HTTP/1.1 200 OK"
2026-07-30 20:59:06,147 [DEBUG] receive_response_body.started request=<Request [b'HEAD']>
2026-07-30 20:59:06,147 [DEBUG] receive_response_body.complete
2026-07-30 20:59:06,147 [DEBUG] response_closed.started
2026-07-30 20:59:06,147 [DEBUG] response_closed.complete
2026-07-30 20:59:06,160 [DEBUG] connect_tcp.complete return_value=<httpcore._backends.sync.SyncStream object at 0x0000021E0E962C00>
2026-07-30 20:59:06,160 [DEBUG] start_tls.started ssl_context=<ssl.SSLContext object at 0x0000021E0E7E63D0> server_hostname='huggingface.co' timeout=None
2026-07-30 20:59:06,173 [DEBUG] start_tls.complete return_value=<httpcore._backends.sync.SyncStream object at 0x0000021E0E808CB0>
2026-07-30 20:59:06,173 [DEBUG] send_request_headers.started request=<Request [b'HEAD']>
2026-07-30 20:59:06,173 [DEBUG] send_request_headers.complete
2026-07-30 20:59:06,173 [DEBUG] send_request_body.started request=<Request [b'HEAD']>
2026-07-30 20:59:06,173 [DEBUG] send_request_body.complete
2026-07-30 20:59:06,173 [DEBUG] receive_response_headers.started request=<Request [b'HEAD']>
2026-07-30 20:59:06,181 [DEBUG] connect_tcp.complete return_value=<httpcore._backends.sync.SyncStream object at 0x0000021E0EAAE4E0>
2026-07-30 20:59:06,181 [DEBUG] start_tls.started ssl_context=<ssl.SSLContext object at 0x0000021E0E7E6150> server_hostname='api.gradio.app' timeout=3
2026-07-30 20:59:06,269 [DEBUG] receive_response_headers.complete return_value=(b'HTTP/1.1', 200, b'OK', [(b'Content-Type', b'text/plain; charset=utf-8'), (b'Content-Length', b'2'), (b'Connection', b'keep-alive'), (b'Date', b'Thu, 30 Jul 2026 19:59:04 GMT'), (b'ETag', b'W/"2-nOO9QiTIwXgNtWtBJezz8kv3SLc"'), (b'X-Powered-By', b'huggingface-moon'), (b'X-Request-Id', b'Root=1-6a6bad08-20e53843629d0d6e17978a49;a5581fcf-af01-46d5-b156-7b33d831ad1e'), (b'RateLimit', b'"api";r=9996;t=66'), (b'RateLimit-Policy', b'"fixed window";"api";q=10000;w=300'), (b'cross-origin-opener-policy', b'same-origin'), (b'Referrer-Policy', b'strict-origin-when-cross-origin'), (b'Access-Control-Max-Age', b'86400'), (b'Access-Control-Allow-Origin', b'https://huggingface.co'), (b'Vary', b'Origin'), (b'Access-Control-Expose-Headers', b'X-Repo-Commit,X-Request-Id,X-Error-Code,X-Error-Message,X-Total-Count,ETag,Link,Accept-Ranges,Content-Range,X-Linked-Size,X-Linked-ETag,X-Xet-Hash'), (b'X-Cache', b'Miss from cloudfront'), (b'Via', b'1.1 edc038c177cc089d4f8ea7b73f8fd284.cloudfront.net (CloudFront)'), (b'X-Amz-Cf-Pop', b'LHR3-P3'), (b'Alt-Svc', b'h3=":443"; ma=86400'), (b'X-Amz-Cf-Id', b'ZA52MAli6mo3HSqQsJBq02XRzOntwBHQR9PkDZbqApXc76xDNXrepw==')])
2026-07-30 20:59:06,269 [INFO] HTTP Request: HEAD https://huggingface.co/api/telemetry/https%3A/api.gradio.app/gradio-launched-telemetry "HTTP/1.1 200 OK"
2026-07-30 20:59:06,269 [DEBUG] receive_response_body.started request=<Request [b'HEAD']>
2026-07-30 20:59:06,269 [DEBUG] receive_response_body.complete
2026-07-30 20:59:06,269 [DEBUG] response_closed.started
2026-07-30 20:59:06,269 [DEBUG] response_closed.complete
2026-07-30 20:59:06,491 [DEBUG] start_tls.complete return_value=<httpcore._backends.sync.SyncStream object at 0x0000021E0E9D6480>
2026-07-30 20:59:06,491 [DEBUG] send_request_headers.started request=<Request [b'GET']>
2026-07-30 20:59:06,491 [DEBUG] send_request_headers.complete
2026-07-30 20:59:06,491 [DEBUG] send_request_body.started request=<Request [b'GET']>
2026-07-30 20:59:06,491 [DEBUG] send_request_body.complete
2026-07-30 20:59:06,491 [DEBUG] receive_response_headers.started request=<Request [b'GET']>
2026-07-30 20:59:06,648 [DEBUG] receive_response_headers.complete return_value=(b'HTTP/1.1', 200, b'OK', [(b'Date', b'Thu, 30 Jul 2026 19:59:04 GMT'), (b'Content-Type', b'application/json'), (b'Content-Length', b'21'), (b'Connection', b'keep-alive'), (b'Server', b'nginx/1.18.0'), (b'Access-Control-Allow-Origin', b'*')])
2026-07-30 20:59:06,649 [INFO] HTTP Request: GET https://api.gradio.app/pkg-version "HTTP/1.1 200 OK"
2026-07-30 20:59:06,649 [DEBUG] receive_response_body.started request=<Request [b'GET']>
2026-07-30 20:59:06,649 [DEBUG] receive_response_body.complete
2026-07-30 20:59:06,650 [DEBUG] response_closed.started
2026-07-30 20:59:06,650 [DEBUG] response_closed.complete
2026-07-30 20:59:06,650 [DEBUG] close.started
2026-07-30 20:59:06,650 [DEBUG] close.complete
2026-07-30 20:59:09,833 [INFO] Tab1 upload received: C:\Users\Andrew Baines\AppData\Local\Temp\gradio\70d4c4a353152f5b9c3c2c76f87cf828bcec0ba22e6d8fb8871cebc88005f722\Reese reese.vuitton Instagram photos and videos(27).mp4
2026-07-30 20:59:09,833 [INFO] Probing: C:\Users\Andrew Baines\AppData\Local\Temp\gradio\70d4c4a353152f5b9c3c2c76f87cf828bcec0ba22e6d8fb8871cebc88005f722\Reese reese.vuitton Instagram photos and videos(27).mp4
2026-07-30 20:59:09,835 [DEBUG] cmd: F:\Githubrepostotest\Dragon Diffusion Video Prep\venv\Lib\site-packages\static_ffmpeg\bin\win32\ffprobe.EXE -v error -select_streams v:0 -show_entries stream=width,height,r_frame_rate,duration -of csv=p=0 C:\Users\Andrew Baines\AppData\Local\Temp\gradio\70d4c4a353152f5b9c3c2c76f87cf828bcec0ba22e6d8fb8871cebc88005f722\Reese reese.vuitton Instagram photos and videos(27).mp4
2026-07-30 20:59:10,020 [DEBUG] stdout: '720,1280,30/1,25.466667\n'  stderr: ''
2026-07-30 20:59:10,020 [INFO]   -> 720x1280 @ 30.000fps  25.47s
2026-07-30 20:59:13,906 [INFO] Tab1 extract from: C:\Users\Andrew Baines\AppData\Local\Temp\gradio\70d4c4a353152f5b9c3c2c76f87cf828bcec0ba22e6d8fb8871cebc88005f722\Reese reese.vuitton Instagram photos and videos(27).mp4  start=4.8  length=5
2026-07-30 20:59:13,906 [INFO] Probing: C:\Users\Andrew Baines\AppData\Local\Temp\gradio\70d4c4a353152f5b9c3c2c76f87cf828bcec0ba22e6d8fb8871cebc88005f722\Reese reese.vuitton Instagram photos and videos(27).mp4
2026-07-30 20:59:13,906 [DEBUG] cmd: F:\Githubrepostotest\Dragon Diffusion Video Prep\venv\Lib\site-packages\static_ffmpeg\bin\win32\ffprobe.EXE -v error -select_streams v:0 -show_entries stream=width,height,r_frame_rate,duration -of csv=p=0 C:\Users\Andrew Baines\AppData\Local\Temp\gradio\70d4c4a353152f5b9c3c2c76f87cf828bcec0ba22e6d8fb8871cebc88005f722\Reese reese.vuitton Instagram photos and videos(27).mp4
2026-07-30 20:59:13,928 [DEBUG] stdout: '720,1280,30/1,25.466667\n'  stderr: ''
2026-07-30 20:59:13,928 [INFO]   -> 720x1280 @ 30.000fps  25.47s
2026-07-30 20:59:13,928 [INFO] ffmpeg: F:\Githubrepostotest\Dragon Diffusion Video Prep\venv\Lib\site-packages\static_ffmpeg\bin\win32\ffmpeg.EXE -y -ss 4.8 -to 9.8 -i C:\Users\Andrew Baines\AppData\Local\Temp\gradio\70d4c4a353152f5b9c3c2c76f87cf828bcec0ba22e6d8fb8871cebc88005f722\Reese reese.vuitton Instagram photos and videos(27).mp4 -vf scale=432:768,fps=25.0 -c:v libx264 -crf 18 -preset slow -c:a aac -b:a 192k F:\Githubrepostotest\Dragon Diffusion Video Prep\output\clip_Reese reese.vuitton Instagram photos and videos(27)_4s.mp4
2026-07-30 20:59:14,561 [INFO] ffmpeg OK.
2026-07-30 20:59:14,561 [INFO] Done.
Input:  720x1280 @ 30.00fps
Output: 432x768 @ 25.00fps
Clip:   4.8s → 9.8s  (5.0s)
Saved:  F:\Githubrepostotest\Dragon Diffusion Video Prep\output\clip_Reese reese.vuitton Instagram photos and videos(27)_4s.mp4
2026-07-30 20:59:33,482 [INFO] Input scan: ['Reese reese.vuitton Instagram photos and videos(27).mp4']
2026-07-30 20:59:37,500 [INFO] Probing: F:\Githubrepostotest\Dragon Diffusion Video Prep\input\Reese reese.vuitton Instagram photos and videos(27).mp4
2026-07-30 20:59:37,500 [DEBUG] cmd: F:\Githubrepostotest\Dragon Diffusion Video Prep\venv\Lib\site-packages\static_ffmpeg\bin\win32\ffprobe.EXE -v error -select_streams v:0 -show_entries stream=width,height,r_frame_rate,duration -of csv=p=0 F:\Githubrepostotest\Dragon Diffusion Video Prep\input\Reese reese.vuitton Instagram photos and videos(27).mp4
2026-07-30 20:59:37,529 [DEBUG] stdout: '720,1280,30/1,25.466667\n'  stderr: ''
2026-07-30 20:59:37,529 [INFO]   -> 720x1280 @ 30.000fps  25.47s
2026-07-30 20:59:37,529 [INFO] Tab2: 3 chunks from Reese reese.vuitton Instagram photos and videos(27).mp4
2026-07-30 20:59:37,545 [INFO] ffmpeg: F:\Githubrepostotest\Dragon Diffusion Video Prep\venv\Lib\site-packages\static_ffmpeg\bin\win32\ffmpeg.EXE -y -ss 0.0 -to 10.0 -i F:\Githubrepostotest\Dragon Diffusion Video Prep\input\Reese reese.vuitton Instagram photos and videos(27).mp4 -vf scale=432:768,fps=25.0 -c:v libx264 -crf 18 -preset slow -c:a aac -b:a 192k F:\Githubrepostotest\Dragon Diffusion Video Prep\output\Reese reese.vuitton Instagram photos and videos(27)_chunk001.mp4
2026-07-30 20:59:38,080 [INFO] ffmpeg OK.
2026-07-30 20:59:38,080 [INFO] ffmpeg: F:\Githubrepostotest\Dragon Diffusion Video Prep\venv\Lib\site-packages\static_ffmpeg\bin\win32\ffmpeg.EXE -y -ss 10.0 -to 20.0 -i F:\Githubrepostotest\Dragon Diffusion Video Prep\input\Reese reese.vuitton Instagram photos and videos(27).mp4 -vf scale=432:768,fps=25.0 -c:v libx264 -crf 18 -preset slow -c:a aac -b:a 192k F:\Githubrepostotest\Dragon Diffusion Video Prep\output\Reese reese.vuitton Instagram photos and videos(27)_chunk002.mp4
2026-07-30 20:59:38,649 [INFO] ffmpeg OK.
2026-07-30 20:59:38,649 [INFO] ffmpeg: F:\Githubrepostotest\Dragon Diffusion Video Prep\venv\Lib\site-packages\static_ffmpeg\bin\win32\ffmpeg.EXE -y -ss 20.0 -to 25.466667 -i F:\Githubrepostotest\Dragon Diffusion Video Prep\input\Reese reese.vuitton Instagram photos and videos(27).mp4 -vf scale=432:768,fps=25.0 -c:v libx264 -crf 18 -preset slow -c:a aac -b:a 192k F:\Githubrepostotest\Dragon Diffusion Video Prep\output\Reese reese.vuitton Instagram photos and videos(27)_chunk003.mp4
2026-07-30 20:59:39,057 [INFO] ffmpeg OK.
2026-08-20 18:07:18,579 [INFO] Starting — pulling FFmpeg binaries...
2026-08-20 18:07:18,582 [DEBUG] Attempting to acquire lock 1184830979152 on F:\Githubrepostotest\Dragon Diffusion Video Prep\venv\Lib\site-packages\static_ffmpeg\lock.file
2026-08-20 18:07:18,582 [DEBUG] Lock 1184830979152 acquired on F:\Githubrepostotest\Dragon Diffusion Video Prep\venv\Lib\site-packages\static_ffmpeg\lock.file
2026-08-20 18:07:18,584 [DEBUG] Attempting to release lock 1184830979152 on F:\Githubrepostotest\Dragon Diffusion Video Prep\venv\Lib\site-packages\static_ffmpeg\lock.file
2026-08-20 18:07:18,584 [DEBUG] Lock 1184830979152 released on F:\Githubrepostotest\Dragon Diffusion Video Prep\venv\Lib\site-packages\static_ffmpeg\lock.file
2026-08-20 18:07:18,584 [INFO] FFmpeg ready.
2026-08-20 18:07:18,584 [INFO] Input  folder: F:\Githubrepostotest\Dragon Diffusion Video Prep\input
2026-08-20 18:07:18,584 [INFO] Output folder: F:\Githubrepostotest\Dragon Diffusion Video Prep\output
2026-08-20 18:07:18,584 [DEBUG] Using proactor: IocpProactor
2026-08-20 18:07:18,588 [DEBUG] Using proactor: IocpProactor
2026-08-20 18:07:18,588 [DEBUG] Using proactor: IocpProactor
2026-08-20 18:07:18,588 [DEBUG] Using proactor: IocpProactor
2026-08-20 18:07:18,772 [DEBUG] connect_tcp.started host='huggingface.co' port=443 local_address=None timeout=3 socket_options=None
2026-08-20 18:07:18,774 [DEBUG] connect_tcp.started host='api.gradio.app' port=443 local_address=None timeout=3 socket_options=None
2026-08-20 18:07:18,787 [DEBUG] Using proactor: IocpProactor
2026-08-20 18:07:18,787 [DEBUG] Using proactor: IocpProactor
2026-08-20 18:07:18,808 [DEBUG] connect_tcp.complete return_value=<httpcore._backends.sync.SyncStream object at 0x00000113DDC96F00>
2026-08-20 18:07:18,812 [DEBUG] start_tls.started ssl_context=<ssl.SSLContext object at 0x00000113DDA763D0> server_hostname='huggingface.co' timeout=3
2026-08-20 18:07:18,816 [DEBUG] Using proactor: IocpProactor
2026-08-20 18:07:18,816 [DEBUG] Using proactor: IocpProactor
2026-08-20 18:07:18,833 [DEBUG] start_tls.complete return_value=<httpcore._backends.sync.SyncStream object at 0x00000113DDC97DD0>
2026-08-20 18:07:18,837 [DEBUG] send_request_headers.started request=<Request [b'GET']>
2026-08-20 18:07:18,837 [DEBUG] send_request_headers.complete
2026-08-20 18:07:18,837 [DEBUG] send_request_body.started request=<Request [b'GET']>
2026-08-20 18:07:18,837 [DEBUG] send_request_body.complete
2026-08-20 18:07:18,837 [DEBUG] receive_response_headers.started request=<Request [b'GET']>
2026-08-20 18:07:18,921 [DEBUG] Using proactor: IocpProactor
2026-08-20 18:07:18,935 [DEBUG] receive_response_headers.complete return_value=(b'HTTP/1.1', 200, b'OK', [(b'Content-Type', b'application/json; charset=utf-8'), (b'Transfer-Encoding', b'chunked'), (b'Connection', b'keep-alive'), (b'Date', b'Thu, 20 Aug 2026 17:07:17 GMT'), (b'content-encoding', b'gzip'), (b'ETag', b'W/"1523-mQdmV5Bv85jNaKvO4A7GDNtqjeQ"'), (b'X-Powered-By', b'huggingface-moon'), (b'X-Request-Id', b'Root=1-6a873445-20c2d1637ec947303474e02d;f5b99c06-9448-4cdd-a9a5-1e0856dfe9bb'), (b'RateLimit', b'"api";r=499;t=173'), (b'RateLimit-Policy', b'"fixed window";"api";q=500;w=300'), (b'cross-origin-opener-policy', b'same-origin'), (b'Referrer-Policy', b'strict-origin-when-cross-origin'), (b'Access-Control-Max-Age', b'86400'), (b'Access-Control-Allow-Origin', b'https://huggingface.co'), (b'Vary', b'Origin'), (b'vary', b'Accept-Encoding'), (b'Access-Control-Expose-Headers', b'X-Repo-Commit,X-Request-Id,X-Error-Code,X-Error-Message,X-Total-Count,ETag,Link,Accept-Ranges,Content-Range,X-Linked-Size,X-Linked-ETag,X-Xet-Hash'), (b'X-Cache', b'Miss from cloudfront'), (b'Via', b'1.1 9e962ebb7744c5eda2db5997b7dde0c6.cloudfront.net (CloudFront)'), (b'X-Amz-Cf-Pop', b'LHR61-P5'), (b'Alt-Svc', b'h3=":443"; ma=86400'), (b'X-Amz-Cf-Id', b'qUcCm6ilzUHz6Q72dJLrtGznl5A3vp2aRwCySW50VJwlklFgLQi6PA==')])
2026-08-20 18:07:18,935 [INFO] HTTP Request: GET https://huggingface.co/api/agent-harnesses "HTTP/1.1 200 OK"
2026-08-20 18:07:18,935 [DEBUG] receive_response_body.started request=<Request [b'GET']>
2026-08-20 18:07:18,937 [DEBUG] receive_response_body.complete
2026-08-20 18:07:18,937 [DEBUG] response_closed.started
2026-08-20 18:07:18,937 [DEBUG] response_closed.complete
2026-08-20 18:07:18,950 [DEBUG] send_request_headers.started request=<Request [b'HEAD']>
2026-08-20 18:07:18,950 [DEBUG] send_request_headers.complete
2026-08-20 18:07:18,950 [DEBUG] send_request_body.started request=<Request [b'HEAD']>
2026-08-20 18:07:18,950 [DEBUG] send_request_body.complete
2026-08-20 18:07:18,950 [DEBUG] receive_response_headers.started request=<Request [b'HEAD']>
2026-08-20 18:07:18,975 [DEBUG] connect_tcp.complete return_value=<httpcore._backends.sync.SyncStream object at 0x00000113DDCA7080>
2026-08-20 18:07:18,975 [DEBUG] start_tls.started ssl_context=<ssl.SSLContext object at 0x00000113DDA76150> server_hostname='api.gradio.app' timeout=3
2026-08-20 18:07:19,044 [DEBUG] receive_response_headers.complete return_value=(b'HTTP/1.1', 200, b'OK', [(b'Content-Type', b'text/plain; charset=utf-8'), (b'Content-Length', b'2'), (b'Connection', b'keep-alive'), (b'Date', b'Thu, 20 Aug 2026 17:07:17 GMT'), (b'ETag', b'W/"2-nOO9QiTIwXgNtWtBJezz8kv3SLc"'), (b'X-Powered-By', b'huggingface-moon'), (b'X-Request-Id', b'Root=1-6a873445-04af7dfa0b47a52805c9afde;9ea063a4-992e-4a20-b195-770d678ed41e'), (b'RateLimit', b'"api";r=9998;t=173'), (b'RateLimit-Policy', b'"fixed window";"api";q=10000;w=300'), (b'cross-origin-opener-policy', b'same-origin'), (b'Referrer-Policy', b'strict-origin-when-cross-origin'), (b'Access-Control-Max-Age', b'86400'), (b'Access-Control-Allow-Origin', b'https://huggingface.co'), (b'Vary', b'Origin'), (b'Access-Control-Expose-Headers', b'X-Repo-Commit,X-Request-Id,X-Error-Code,X-Error-Message,X-Total-Count,ETag,Link,Accept-Ranges,Content-Range,X-Linked-Size,X-Linked-ETag,X-Xet-Hash'), (b'X-Cache', b'Miss from cloudfront'), (b'Via', b'1.1 9e962ebb7744c5eda2db5997b7dde0c6.cloudfront.net (CloudFront)'), (b'X-Amz-Cf-Pop', b'LHR61-P5'), (b'Alt-Svc', b'h3=":443"; ma=86400'), (b'X-Amz-Cf-Id', b'x1x4Sc1e3W_pAx4QmcLxBmtN8SoYR7C-CiyATTDjh3NgMIeB4RZwJQ==')])
2026-08-20 18:07:19,044 [INFO] HTTP Request: HEAD https://huggingface.co/api/telemetry/https%3A/api.gradio.app/gradio-initiated-analytics "HTTP/1.1 200 OK"
2026-08-20 18:07:19,044 [DEBUG] receive_response_body.started request=<Request [b'HEAD']>
2026-08-20 18:07:19,048 [DEBUG] receive_response_body.complete
2026-08-20 18:07:19,048 [DEBUG] response_closed.started
2026-08-20 18:07:19,048 [DEBUG] response_closed.complete
2026-08-20 18:07:19,059 [DEBUG] connect_tcp.started host='127.0.0.1' port=7860 local_address=None timeout=None socket_options=None
2026-08-20 18:07:19,059 [DEBUG] connect_tcp.complete return_value=<httpcore._backends.sync.SyncStream object at 0x00000113DE27FD70>
2026-08-20 18:07:19,059 [DEBUG] send_request_headers.started request=<Request [b'GET']>
2026-08-20 18:07:19,070 [DEBUG] send_request_headers.complete
2026-08-20 18:07:19,076 [DEBUG] send_request_body.started request=<Request [b'GET']>
2026-08-20 18:07:19,076 [DEBUG] send_request_body.complete
2026-08-20 18:07:19,076 [DEBUG] receive_response_headers.started request=<Request [b'GET']>
2026-08-20 18:07:19,098 [DEBUG] receive_response_headers.complete return_value=(b'HTTP/1.1', 200, b'OK', [(b'date', b'Thu, 20 Aug 2026 17:07:18 GMT'), (b'server', b'uvicorn'), (b'content-length', b'4'), (b'content-type', b'application/json')])
2026-08-20 18:07:19,098 [INFO] HTTP Request: GET http://127.0.0.1:7860/gradio_api/startup-events "HTTP/1.1 200 OK"
2026-08-20 18:07:19,102 [DEBUG] receive_response_body.started request=<Request [b'GET']>
2026-08-20 18:07:19,102 [DEBUG] receive_response_body.complete
2026-08-20 18:07:19,102 [DEBUG] response_closed.started
2026-08-20 18:07:19,102 [DEBUG] response_closed.complete
2026-08-20 18:07:19,102 [DEBUG] close.started
2026-08-20 18:07:19,102 [DEBUG] close.complete
2026-08-20 18:07:19,102 [DEBUG] connect_tcp.started host='127.0.0.1' port=7860 local_address=None timeout=3 socket_options=None
2026-08-20 18:07:19,102 [DEBUG] connect_tcp.complete return_value=<httpcore._backends.sync.SyncStream object at 0x00000113DE2F8950>
2026-08-20 18:07:19,102 [DEBUG] send_request_headers.started request=<Request [b'HEAD']>
2026-08-20 18:07:19,102 [DEBUG] send_request_headers.complete
2026-08-20 18:07:19,102 [DEBUG] send_request_body.started request=<Request [b'HEAD']>
2026-08-20 18:07:19,102 [DEBUG] send_request_body.complete
2026-08-20 18:07:19,102 [DEBUG] receive_response_headers.started request=<Request [b'HEAD']>
2026-08-20 18:07:19,157 [DEBUG] receive_response_headers.complete return_value=(b'HTTP/1.1', 200, b'OK', [(b'date', b'Thu, 20 Aug 2026 17:07:18 GMT'), (b'server', b'uvicorn'), (b'content-length', b'55711'), (b'content-type', b'text/html; charset=utf-8')])
2026-08-20 18:07:19,157 [INFO] HTTP Request: HEAD http://127.0.0.1:7860/ "HTTP/1.1 200 OK"
2026-08-20 18:07:19,159 [DEBUG] receive_response_body.started request=<Request [b'HEAD']>
2026-08-20 18:07:19,159 [DEBUG] receive_response_body.complete
2026-08-20 18:07:19,159 [DEBUG] response_closed.started
2026-08-20 18:07:19,159 [DEBUG] response_closed.complete
2026-08-20 18:07:19,159 [DEBUG] close.started
2026-08-20 18:07:19,159 [DEBUG] close.complete
2026-08-20 18:07:19,203 [DEBUG] send_request_headers.started request=<Request [b'HEAD']>
2026-08-20 18:07:19,203 [DEBUG] send_request_headers.complete
2026-08-20 18:07:19,207 [DEBUG] send_request_body.started request=<Request [b'HEAD']>
2026-08-20 18:07:19,207 [DEBUG] send_request_body.complete
2026-08-20 18:07:19,207 [DEBUG] receive_response_headers.started request=<Request [b'HEAD']>
2026-08-20 18:07:19,286 [DEBUG] start_tls.complete return_value=<httpcore._backends.sync.SyncStream object at 0x00000113DDCA6F90>
2026-08-20 18:07:19,286 [DEBUG] send_request_headers.started request=<Request [b'GET']>
2026-08-20 18:07:19,286 [DEBUG] send_request_headers.complete
2026-08-20 18:07:19,286 [DEBUG] send_request_body.started request=<Request [b'GET']>
2026-08-20 18:07:19,286 [DEBUG] send_request_body.complete
2026-08-20 18:07:19,286 [DEBUG] receive_response_headers.started request=<Request [b'GET']>
2026-08-20 18:07:19,305 [DEBUG] receive_response_headers.complete return_value=(b'HTTP/1.1', 200, b'OK', [(b'Content-Type', b'text/plain; charset=utf-8'), (b'Content-Length', b'2'), (b'Connection', b'keep-alive'), (b'Date', b'Thu, 20 Aug 2026 17:07:18 GMT'), (b'ETag', b'W/"2-nOO9QiTIwXgNtWtBJezz8kv3SLc"'), (b'X-Powered-By', b'huggingface-moon'), (b'X-Request-Id', b'Root=1-6a873446-672f15230fd6e75708627c24;1cc4eb32-ff5d-445a-b8bd-2ae008986ea5'), (b'RateLimit', b'"api";r=9997;t=172'), (b'RateLimit-Policy', b'"fixed window";"api";q=10000;w=300'), (b'cross-origin-opener-policy', b'same-origin'), (b'Referrer-Policy', b'strict-origin-when-cross-origin'), (b'Access-Control-Max-Age', b'86400'), (b'Access-Control-Allow-Origin', b'https://huggingface.co'), (b'Vary', b'Origin'), (b'Access-Control-Expose-Headers', b'X-Repo-Commit,X-Request-Id,X-Error-Code,X-Error-Message,X-Total-Count,ETag,Link,Accept-Ranges,Content-Range,X-Linked-Size,X-Linked-ETag,X-Xet-Hash'), (b'X-Cache', b'Miss from cloudfront'), (b'Via', b'1.1 9e962ebb7744c5eda2db5997b7dde0c6.cloudfront.net (CloudFront)'), (b'X-Amz-Cf-Pop', b'LHR61-P5'), (b'Alt-Svc', b'h3=":443"; ma=86400'), (b'X-Amz-Cf-Id', b'mmOeu8UjGWwbWuwMDBToYGkWUWQy1yIrcboN0SBwV7BJJto1QXcs8g==')])
2026-08-20 18:07:19,305 [INFO] HTTP Request: HEAD https://huggingface.co/api/telemetry/https%3A/api.gradio.app/gradio-launched-telemetry "HTTP/1.1 200 OK"
2026-08-20 18:07:19,305 [DEBUG] receive_response_body.started request=<Request [b'HEAD']>
2026-08-20 18:07:19,305 [DEBUG] receive_response_body.complete
2026-08-20 18:07:19,305 [DEBUG] response_closed.started
2026-08-20 18:07:19,305 [DEBUG] response_closed.complete
2026-08-20 18:07:19,445 [DEBUG] receive_response_headers.complete return_value=(b'HTTP/1.1', 200, b'OK', [(b'Date', b'Thu, 20 Aug 2026 17:07:18 GMT'), (b'Content-Type', b'application/json'), (b'Content-Length', b'21'), (b'Connection', b'keep-alive'), (b'Server', b'nginx/1.18.0'), (b'Access-Control-Allow-Origin', b'*')])
2026-08-20 18:07:19,445 [INFO] HTTP Request: GET https://api.gradio.app/pkg-version "HTTP/1.1 200 OK"
2026-08-20 18:07:19,445 [DEBUG] receive_response_body.started request=<Request [b'GET']>
2026-08-20 18:07:19,445 [DEBUG] receive_response_body.complete
2026-08-20 18:07:19,445 [DEBUG] response_closed.started
2026-08-20 18:07:19,445 [DEBUG] response_closed.complete
2026-08-20 18:07:19,445 [DEBUG] close.started
2026-08-20 18:07:19,445 [DEBUG] close.complete
2026-08-20 18:07:26,921 [INFO] Tab1 upload received: C:\Users\Andrew Baines\AppData\Local\Temp\gradio\265b2886fd39fc5fdbabbfc716c4074091958def24db0cfcd01615cef568c7bf\2026-08-20 17-48-56.mp4
2026-08-20 18:07:26,921 [INFO] Probing: C:\Users\Andrew Baines\AppData\Local\Temp\gradio\265b2886fd39fc5fdbabbfc716c4074091958def24db0cfcd01615cef568c7bf\2026-08-20 17-48-56.mp4
2026-08-20 18:07:26,926 [DEBUG] cmd: F:\Githubrepostotest\Dragon Diffusion Video Prep\venv\Lib\site-packages\static_ffmpeg\bin\win32\ffprobe.EXE -v error -select_streams v:0 -show_entries stream=width,height,r_frame_rate,duration -of csv=p=0 C:\Users\Andrew Baines\AppData\Local\Temp\gradio\265b2886fd39fc5fdbabbfc716c4074091958def24db0cfcd01615cef568c7bf\2026-08-20 17-48-56.mp4
2026-08-20 18:07:28,396 [DEBUG] stdout: '1920,1080,60/1,36.600000\n'  stderr: ''
2026-08-20 18:07:28,396 [INFO]   -> 1920x1080 @ 60.000fps  36.60s
2026-08-20 18:08:04,745 [INFO] Tab1 extract from: C:\Users\Andrew Baines\AppData\Local\Temp\gradio\265b2886fd39fc5fdbabbfc716c4074091958def24db0cfcd01615cef568c7bf\2026-08-20 17-48-56.mp4  start=5.8  length=5
2026-08-20 18:08:04,745 [INFO] Probing: C:\Users\Andrew Baines\AppData\Local\Temp\gradio\265b2886fd39fc5fdbabbfc716c4074091958def24db0cfcd01615cef568c7bf\2026-08-20 17-48-56.mp4
2026-08-20 18:08:04,745 [DEBUG] cmd: F:\Githubrepostotest\Dragon Diffusion Video Prep\venv\Lib\site-packages\static_ffmpeg\bin\win32\ffprobe.EXE -v error -select_streams v:0 -show_entries stream=width,height,r_frame_rate,duration -of csv=p=0 C:\Users\Andrew Baines\AppData\Local\Temp\gradio\265b2886fd39fc5fdbabbfc716c4074091958def24db0cfcd01615cef568c7bf\2026-08-20 17-48-56.mp4
2026-08-20 18:08:04,803 [DEBUG] stdout: '1920,1080,60/1,36.600000\n'  stderr: ''
2026-08-20 18:08:04,803 [INFO]   -> 1920x1080 @ 60.000fps  36.60s
2026-08-20 18:08:04,803 [INFO] ffmpeg: F:\Githubrepostotest\Dragon Diffusion Video Prep\venv\Lib\site-packages\static_ffmpeg\bin\win32\ffmpeg.EXE -y -ss 5.8 -to 10.8 -i C:\Users\Andrew Baines\AppData\Local\Temp\gradio\265b2886fd39fc5fdbabbfc716c4074091958def24db0cfcd01615cef568c7bf\2026-08-20 17-48-56.mp4 -vf scale=768:432,fps=25.0 -c:v libx264 -crf 18 -preset slow -c:a aac -b:a 192k F:\Githubrepostotest\Dragon Diffusion Video Prep\output\clip_2026-08-20 17-48-56_5s.mp4
2026-08-20 18:08:06,763 [INFO] ffmpeg OK.
2026-08-20 18:08:06,763 [INFO] Done.
Input:  1920x1080 @ 60.00fps
Output: 768x432 @ 25.00fps
Clip:   5.8s → 10.8s  (5.0s)
Saved:  F:\Githubrepostotest\Dragon Diffusion Video Prep\output\clip_2026-08-20 17-48-56_5s.mp4
2026-08-20 18:08:34,453 [INFO] Tab1 extract from: C:\Users\Andrew Baines\AppData\Local\Temp\gradio\265b2886fd39fc5fdbabbfc716c4074091958def24db0cfcd01615cef568c7bf\2026-08-20 17-48-56.mp4  start=15  length=5
2026-08-20 18:08:34,453 [INFO] Probing: C:\Users\Andrew Baines\AppData\Local\Temp\gradio\265b2886fd39fc5fdbabbfc716c4074091958def24db0cfcd01615cef568c7bf\2026-08-20 17-48-56.mp4
2026-08-20 18:08:34,454 [DEBUG] cmd: F:\Githubrepostotest\Dragon Diffusion Video Prep\venv\Lib\site-packages\static_ffmpeg\bin\win32\ffprobe.EXE -v error -select_streams v:0 -show_entries stream=width,height,r_frame_rate,duration -of csv=p=0 C:\Users\Andrew Baines\AppData\Local\Temp\gradio\265b2886fd39fc5fdbabbfc716c4074091958def24db0cfcd01615cef568c7bf\2026-08-20 17-48-56.mp4
2026-08-20 18:08:34,510 [DEBUG] stdout: '1920,1080,60/1,36.600000\n'  stderr: ''
2026-08-20 18:08:34,510 [INFO]   -> 1920x1080 @ 60.000fps  36.60s
2026-08-20 18:08:34,510 [INFO] ffmpeg: F:\Githubrepostotest\Dragon Diffusion Video Prep\venv\Lib\site-packages\static_ffmpeg\bin\win32\ffmpeg.EXE -y -ss 15.0 -to 20.0 -i C:\Users\Andrew Baines\AppData\Local\Temp\gradio\265b2886fd39fc5fdbabbfc716c4074091958def24db0cfcd01615cef568c7bf\2026-08-20 17-48-56.mp4 -vf scale=768:432,fps=25.0 -c:v libx264 -crf 18 -preset slow -c:a aac -b:a 192k F:\Githubrepostotest\Dragon Diffusion Video Prep\output\clip_2026-08-20 17-48-56_15s.mp4
2026-08-20 18:08:35,698 [INFO] ffmpeg OK.
2026-08-20 18:08:35,698 [INFO] Done.
Input:  1920x1080 @ 60.00fps
Output: 768x432 @ 25.00fps
Clip:   15.0s → 20.0s  (5.0s)
Saved:  F:\Githubrepostotest\Dragon Diffusion Video Prep\output\clip_2026-08-20 17-48-56_15s.mp4
2026-08-20 18:08:56,166 [INFO] Tab1 extract from: C:\Users\Andrew Baines\AppData\Local\Temp\gradio\265b2886fd39fc5fdbabbfc716c4074091958def24db0cfcd01615cef568c7bf\2026-08-20 17-48-56.mp4  start=20  length=5
2026-08-20 18:08:56,166 [INFO] Probing: C:\Users\Andrew Baines\AppData\Local\Temp\gradio\265b2886fd39fc5fdbabbfc716c4074091958def24db0cfcd01615cef568c7bf\2026-08-20 17-48-56.mp4
2026-08-20 18:08:56,170 [DEBUG] cmd: F:\Githubrepostotest\Dragon Diffusion Video Prep\venv\Lib\site-packages\static_ffmpeg\bin\win32\ffprobe.EXE -v error -select_streams v:0 -show_entries stream=width,height,r_frame_rate,duration -of csv=p=0 C:\Users\Andrew Baines\AppData\Local\Temp\gradio\265b2886fd39fc5fdbabbfc716c4074091958def24db0cfcd01615cef568c7bf\2026-08-20 17-48-56.mp4
2026-08-20 18:08:56,217 [DEBUG] stdout: '1920,1080,60/1,36.600000\n'  stderr: ''
2026-08-20 18:08:56,217 [INFO]   -> 1920x1080 @ 60.000fps  36.60s
2026-08-20 18:08:56,217 [INFO] ffmpeg: F:\Githubrepostotest\Dragon Diffusion Video Prep\venv\Lib\site-packages\static_ffmpeg\bin\win32\ffmpeg.EXE -y -ss 20.0 -to 25.0 -i C:\Users\Andrew Baines\AppData\Local\Temp\gradio\265b2886fd39fc5fdbabbfc716c4074091958def24db0cfcd01615cef568c7bf\2026-08-20 17-48-56.mp4 -vf scale=768:432,fps=25.0 -c:v libx264 -crf 18 -preset slow -c:a aac -b:a 192k F:\Githubrepostotest\Dragon Diffusion Video Prep\output\clip_2026-08-20 17-48-56_20s.mp4
2026-08-20 18:08:57,402 [INFO] ffmpeg OK.
2026-08-20 18:08:57,402 [INFO] Done.
Input:  1920x1080 @ 60.00fps
Output: 768x432 @ 25.00fps
Clip:   20.0s → 25.0s  (5.0s)
Saved:  F:\Githubrepostotest\Dragon Diffusion Video Prep\output\clip_2026-08-20 17-48-56_20s.mp4
2026-08-20 18:09:14,511 [INFO] Tab1 extract from: C:\Users\Andrew Baines\AppData\Local\Temp\gradio\265b2886fd39fc5fdbabbfc716c4074091958def24db0cfcd01615cef568c7bf\2026-08-20 17-48-56.mp4  start=25  length=5
2026-08-20 18:09:14,511 [INFO] Probing: C:\Users\Andrew Baines\AppData\Local\Temp\gradio\265b2886fd39fc5fdbabbfc716c4074091958def24db0cfcd01615cef568c7bf\2026-08-20 17-48-56.mp4
2026-08-20 18:09:14,511 [DEBUG] cmd: F:\Githubrepostotest\Dragon Diffusion Video Prep\venv\Lib\site-packages\static_ffmpeg\bin\win32\ffprobe.EXE -v error -select_streams v:0 -show_entries stream=width,height,r_frame_rate,duration -of csv=p=0 C:\Users\Andrew Baines\AppData\Local\Temp\gradio\265b2886fd39fc5fdbabbfc716c4074091958def24db0cfcd01615cef568c7bf\2026-08-20 17-48-56.mp4
2026-08-20 18:09:14,572 [DEBUG] stdout: '1920,1080,60/1,36.600000\n'  stderr: ''
2026-08-20 18:09:14,572 [INFO]   -> 1920x1080 @ 60.000fps  36.60s
2026-08-20 18:09:14,572 [INFO] ffmpeg: F:\Githubrepostotest\Dragon Diffusion Video Prep\venv\Lib\site-packages\static_ffmpeg\bin\win32\ffmpeg.EXE -y -ss 25.0 -to 30.0 -i C:\Users\Andrew Baines\AppData\Local\Temp\gradio\265b2886fd39fc5fdbabbfc716c4074091958def24db0cfcd01615cef568c7bf\2026-08-20 17-48-56.mp4 -vf scale=768:432,fps=25.0 -c:v libx264 -crf 18 -preset slow -c:a aac -b:a 192k F:\Githubrepostotest\Dragon Diffusion Video Prep\output\clip_2026-08-20 17-48-56_25s.mp4
2026-08-20 18:09:15,621 [INFO] ffmpeg OK.
2026-08-20 18:09:15,621 [INFO] Done.
Input:  1920x1080 @ 60.00fps
Output: 768x432 @ 25.00fps
Clip:   25.0s → 30.0s  (5.0s)
Saved:  F:\Githubrepostotest\Dragon Diffusion Video Prep\output\clip_2026-08-20 17-48-56_25s.mp4
2026-08-20 18:09:33,042 [INFO] Tab1 extract from: C:\Users\Andrew Baines\AppData\Local\Temp\gradio\265b2886fd39fc5fdbabbfc716c4074091958def24db0cfcd01615cef568c7bf\2026-08-20 17-48-56.mp4  start=30.1  length=5
2026-08-20 18:09:33,042 [INFO] Probing: C:\Users\Andrew Baines\AppData\Local\Temp\gradio\265b2886fd39fc5fdbabbfc716c4074091958def24db0cfcd01615cef568c7bf\2026-08-20 17-48-56.mp4
2026-08-20 18:09:33,042 [DEBUG] cmd: F:\Githubrepostotest\Dragon Diffusion Video Prep\venv\Lib\site-packages\static_ffmpeg\bin\win32\ffprobe.EXE -v error -select_streams v:0 -show_entries stream=width,height,r_frame_rate,duration -of csv=p=0 C:\Users\Andrew Baines\AppData\Local\Temp\gradio\265b2886fd39fc5fdbabbfc716c4074091958def24db0cfcd01615cef568c7bf\2026-08-20 17-48-56.mp4
2026-08-20 18:09:33,093 [DEBUG] stdout: '1920,1080,60/1,36.600000\n'  stderr: ''
2026-08-20 18:09:33,093 [INFO]   -> 1920x1080 @ 60.000fps  36.60s
2026-08-20 18:09:33,093 [INFO] ffmpeg: F:\Githubrepostotest\Dragon Diffusion Video Prep\venv\Lib\site-packages\static_ffmpeg\bin\win32\ffmpeg.EXE -y -ss 30.1 -to 35.1 -i C:\Users\Andrew Baines\AppData\Local\Temp\gradio\265b2886fd39fc5fdbabbfc716c4074091958def24db0cfcd01615cef568c7bf\2026-08-20 17-48-56.mp4 -vf scale=768:432,fps=25.0 -c:v libx264 -crf 18 -preset slow -c:a aac -b:a 192k F:\Githubrepostotest\Dragon Diffusion Video Prep\output\clip_2026-08-20 17-48-56_30s.mp4
2026-08-20 18:09:34,201 [INFO] ffmpeg OK.
2026-08-20 18:09:34,201 [INFO] Done.
Input:  1920x1080 @ 60.00fps
Output: 768x432 @ 25.00fps
Clip:   30.1s → 35.1s  (5.0s)
Saved:  F:\Githubrepostotest\Dragon Diffusion Video Prep\output\clip_2026-08-20 17-48-56_30s.mp4
2026-08-20 18:09:38,759 [INFO] Tab1 upload received: C:\Users\Andrew Baines\AppData\Local\Temp\gradio\969f89ddd9a7a89a7d0b9c3c025c71fa8c40ea7144b17633dcf1d1f1df4c3d74\2026-08-20 17-49-42.mp4
2026-08-20 18:09:38,759 [INFO] Probing: C:\Users\Andrew Baines\AppData\Local\Temp\gradio\969f89ddd9a7a89a7d0b9c3c025c71fa8c40ea7144b17633dcf1d1f1df4c3d74\2026-08-20 17-49-42.mp4
2026-08-20 18:09:38,759 [DEBUG] cmd: F:\Githubrepostotest\Dragon Diffusion Video Prep\venv\Lib\site-packages\static_ffmpeg\bin\win32\ffprobe.EXE -v error -select_streams v:0 -show_entries stream=width,height,r_frame_rate,duration -of csv=p=0 C:\Users\Andrew Baines\AppData\Local\Temp\gradio\969f89ddd9a7a89a7d0b9c3c025c71fa8c40ea7144b17633dcf1d1f1df4c3d74\2026-08-20 17-49-42.mp4
2026-08-20 18:09:38,885 [DEBUG] stdout: '1920,1080,60/1,22.283333\n'  stderr: ''
2026-08-20 18:09:38,885 [INFO]   -> 1920x1080 @ 60.000fps  22.28s
2026-08-20 18:09:50,463 [INFO] Tab1 extract from: C:\Users\Andrew Baines\AppData\Local\Temp\gradio\969f89ddd9a7a89a7d0b9c3c025c71fa8c40ea7144b17633dcf1d1f1df4c3d74\2026-08-20 17-49-42.mp4  start=0  length=5
2026-08-20 18:09:50,463 [INFO] Probing: C:\Users\Andrew Baines\AppData\Local\Temp\gradio\969f89ddd9a7a89a7d0b9c3c025c71fa8c40ea7144b17633dcf1d1f1df4c3d74\2026-08-20 17-49-42.mp4
2026-08-20 18:09:50,463 [DEBUG] cmd: F:\Githubrepostotest\Dragon Diffusion Video Prep\venv\Lib\site-packages\static_ffmpeg\bin\win32\ffprobe.EXE -v error -select_streams v:0 -show_entries stream=width,height,r_frame_rate,duration -of csv=p=0 C:\Users\Andrew Baines\AppData\Local\Temp\gradio\969f89ddd9a7a89a7d0b9c3c025c71fa8c40ea7144b17633dcf1d1f1df4c3d74\2026-08-20 17-49-42.mp4
2026-08-20 18:09:50,530 [DEBUG] stdout: '1920,1080,60/1,22.283333\n'  stderr: ''
2026-08-20 18:09:50,530 [INFO]   -> 1920x1080 @ 60.000fps  22.28s
2026-08-20 18:09:50,530 [INFO] ffmpeg: F:\Githubrepostotest\Dragon Diffusion Video Prep\venv\Lib\site-packages\static_ffmpeg\bin\win32\ffmpeg.EXE -y -ss 0.0 -to 5.0 -i C:\Users\Andrew Baines\AppData\Local\Temp\gradio\969f89ddd9a7a89a7d0b9c3c025c71fa8c40ea7144b17633dcf1d1f1df4c3d74\2026-08-20 17-49-42.mp4 -vf scale=768:432,fps=25.0 -c:v libx264 -crf 18 -preset slow -c:a aac -b:a 192k F:\Githubrepostotest\Dragon Diffusion Video Prep\output\clip_2026-08-20 17-49-42_0s.mp4
2026-08-20 18:09:51,607 [INFO] ffmpeg OK.
2026-08-20 18:09:51,607 [INFO] Done.
Input:  1920x1080 @ 60.00fps
Output: 768x432 @ 25.00fps
Clip:   0.0s → 5.0s  (5.0s)
Saved:  F:\Githubrepostotest\Dragon Diffusion Video Prep\output\clip_2026-08-20 17-49-42_0s.mp4
2026-08-20 18:10:01,290 [INFO] Tab1 extract from: C:\Users\Andrew Baines\AppData\Local\Temp\gradio\969f89ddd9a7a89a7d0b9c3c025c71fa8c40ea7144b17633dcf1d1f1df4c3d74\2026-08-20 17-49-42.mp4  start=5.3  length=5
2026-08-20 18:10:01,290 [INFO] Probing: C:\Users\Andrew Baines\AppData\Local\Temp\gradio\969f89ddd9a7a89a7d0b9c3c025c71fa8c40ea7144b17633dcf1d1f1df4c3d74\2026-08-20 17-49-42.mp4
2026-08-20 18:10:01,291 [DEBUG] cmd: F:\Githubrepostotest\Dragon Diffusion Video Prep\venv\Lib\site-packages\static_ffmpeg\bin\win32\ffprobe.EXE -v error -select_streams v:0 -show_entries stream=width,height,r_frame_rate,duration -of csv=p=0 C:\Users\Andrew Baines\AppData\Local\Temp\gradio\969f89ddd9a7a89a7d0b9c3c025c71fa8c40ea7144b17633dcf1d1f1df4c3d74\2026-08-20 17-49-42.mp4
2026-08-20 18:10:01,363 [DEBUG] stdout: '1920,1080,60/1,22.283333\n'  stderr: ''
2026-08-20 18:10:01,363 [INFO]   -> 1920x1080 @ 60.000fps  22.28s
2026-08-20 18:10:01,363 [INFO] ffmpeg: F:\Githubrepostotest\Dragon Diffusion Video Prep\venv\Lib\site-packages\static_ffmpeg\bin\win32\ffmpeg.EXE -y -ss 5.3 -to 10.3 -i C:\Users\Andrew Baines\AppData\Local\Temp\gradio\969f89ddd9a7a89a7d0b9c3c025c71fa8c40ea7144b17633dcf1d1f1df4c3d74\2026-08-20 17-49-42.mp4 -vf scale=768:432,fps=25.0 -c:v libx264 -crf 18 -preset slow -c:a aac -b:a 192k F:\Githubrepostotest\Dragon Diffusion Video Prep\output\clip_2026-08-20 17-49-42_5s.mp4
2026-08-20 18:10:02,477 [INFO] ffmpeg OK.
2026-08-20 18:10:02,479 [INFO] Done.
Input:  1920x1080 @ 60.00fps
Output: 768x432 @ 25.00fps
Clip:   5.3s → 10.3s  (5.0s)
Saved:  F:\Githubrepostotest\Dragon Diffusion Video Prep\output\clip_2026-08-20 17-49-42_5s.mp4
2026-08-20 18:10:13,367 [INFO] Tab1 extract from: C:\Users\Andrew Baines\AppData\Local\Temp\gradio\969f89ddd9a7a89a7d0b9c3c025c71fa8c40ea7144b17633dcf1d1f1df4c3d74\2026-08-20 17-49-42.mp4  start=11  length=5
2026-08-20 18:10:13,367 [INFO] Probing: C:\Users\Andrew Baines\AppData\Local\Temp\gradio\969f89ddd9a7a89a7d0b9c3c025c71fa8c40ea7144b17633dcf1d1f1df4c3d74\2026-08-20 17-49-42.mp4
2026-08-20 18:10:13,370 [DEBUG] cmd: F:\Githubrepostotest\Dragon Diffusion Video Prep\venv\Lib\site-packages\static_ffmpeg\bin\win32\ffprobe.EXE -v error -select_streams v:0 -show_entries stream=width,height,r_frame_rate,duration -of csv=p=0 C:\Users\Andrew Baines\AppData\Local\Temp\gradio\969f89ddd9a7a89a7d0b9c3c025c71fa8c40ea7144b17633dcf1d1f1df4c3d74\2026-08-20 17-49-42.mp4
2026-08-20 18:10:13,437 [DEBUG] stdout: '1920,1080,60/1,22.283333\n'  stderr: ''
2026-08-20 18:10:13,437 [INFO]   -> 1920x1080 @ 60.000fps  22.28s
2026-08-20 18:10:13,437 [INFO] ffmpeg: F:\Githubrepostotest\Dragon Diffusion Video Prep\venv\Lib\site-packages\static_ffmpeg\bin\win32\ffmpeg.EXE -y -ss 11.0 -to 16.0 -i C:\Users\Andrew Baines\AppData\Local\Temp\gradio\969f89ddd9a7a89a7d0b9c3c025c71fa8c40ea7144b17633dcf1d1f1df4c3d74\2026-08-20 17-49-42.mp4 -vf scale=768:432,fps=25.0 -c:v libx264 -crf 18 -preset slow -c:a aac -b:a 192k F:\Githubrepostotest\Dragon Diffusion Video Prep\output\clip_2026-08-20 17-49-42_11s.mp4
2026-08-20 18:10:14,617 [INFO] ffmpeg OK.
2026-08-20 18:10:14,617 [INFO] Done.
Input:  1920x1080 @ 60.00fps
Output: 768x432 @ 25.00fps
Clip:   11.0s → 16.0s  (5.0s)
Saved:  F:\Githubrepostotest\Dragon Diffusion Video Prep\output\clip_2026-08-20 17-49-42_11s.mp4
2026-08-20 18:10:27,080 [INFO] Tab1 extract from: C:\Users\Andrew Baines\AppData\Local\Temp\gradio\969f89ddd9a7a89a7d0b9c3c025c71fa8c40ea7144b17633dcf1d1f1df4c3d74\2026-08-20 17-49-42.mp4  start=16  length=5
2026-08-20 18:10:27,080 [INFO] Probing: C:\Users\Andrew Baines\AppData\Local\Temp\gradio\969f89ddd9a7a89a7d0b9c3c025c71fa8c40ea7144b17633dcf1d1f1df4c3d74\2026-08-20 17-49-42.mp4
2026-08-20 18:10:27,080 [DEBUG] cmd: F:\Githubrepostotest\Dragon Diffusion Video Prep\venv\Lib\site-packages\static_ffmpeg\bin\win32\ffprobe.EXE -v error -select_streams v:0 -show_entries stream=width,height,r_frame_rate,duration -of csv=p=0 C:\Users\Andrew Baines\AppData\Local\Temp\gradio\969f89ddd9a7a89a7d0b9c3c025c71fa8c40ea7144b17633dcf1d1f1df4c3d74\2026-08-20 17-49-42.mp4
2026-08-20 18:10:27,154 [DEBUG] stdout: '1920,1080,60/1,22.283333\n'  stderr: ''
2026-08-20 18:10:27,154 [INFO]   -> 1920x1080 @ 60.000fps  22.28s
2026-08-20 18:10:27,154 [INFO] ffmpeg: F:\Githubrepostotest\Dragon Diffusion Video Prep\venv\Lib\site-packages\static_ffmpeg\bin\win32\ffmpeg.EXE -y -ss 16.0 -to 21.0 -i C:\Users\Andrew Baines\AppData\Local\Temp\gradio\969f89ddd9a7a89a7d0b9c3c025c71fa8c40ea7144b17633dcf1d1f1df4c3d74\2026-08-20 17-49-42.mp4 -vf scale=768:432,fps=25.0 -c:v libx264 -crf 18 -preset slow -c:a aac -b:a 192k F:\Githubrepostotest\Dragon Diffusion Video Prep\output\clip_2026-08-20 17-49-42_16s.mp4
2026-08-20 18:10:28,393 [INFO] ffmpeg OK.
2026-08-20 18:10:28,393 [INFO] Done.
Input:  1920x1080 @ 60.00fps
Output: 768x432 @ 25.00fps
Clip:   16.0s → 21.0s  (5.0s)
Saved:  F:\Githubrepostotest\Dragon Diffusion Video Prep\output\clip_2026-08-20 17-49-42_16s.mp4
2026-08-20 18:10:33,220 [INFO] Tab1 upload received: C:\Users\Andrew Baines\AppData\Local\Temp\gradio\df7e862f6fba48bd841338e1aff0e69b057219462828f2abbdb64fa2ccd0ff27\2026-08-20 17-50-24.mp4
2026-08-20 18:10:33,220 [INFO] Probing: C:\Users\Andrew Baines\AppData\Local\Temp\gradio\df7e862f6fba48bd841338e1aff0e69b057219462828f2abbdb64fa2ccd0ff27\2026-08-20 17-50-24.mp4
2026-08-20 18:10:33,220 [DEBUG] cmd: F:\Githubrepostotest\Dragon Diffusion Video Prep\venv\Lib\site-packages\static_ffmpeg\bin\win32\ffprobe.EXE -v error -select_streams v:0 -show_entries stream=width,height,r_frame_rate,duration -of csv=p=0 C:\Users\Andrew Baines\AppData\Local\Temp\gradio\df7e862f6fba48bd841338e1aff0e69b057219462828f2abbdb64fa2ccd0ff27\2026-08-20 17-50-24.mp4
2026-08-20 18:10:33,324 [DEBUG] stdout: '1920,1080,60/1,16.183333\n'  stderr: ''
2026-08-20 18:10:33,324 [INFO]   -> 1920x1080 @ 60.000fps  16.18s
2026-08-20 18:10:42,625 [INFO] Tab1 extract from: C:\Users\Andrew Baines\AppData\Local\Temp\gradio\df7e862f6fba48bd841338e1aff0e69b057219462828f2abbdb64fa2ccd0ff27\2026-08-20 17-50-24.mp4  start=0  length=5
2026-08-20 18:10:42,625 [INFO] Probing: C:\Users\Andrew Baines\AppData\Local\Temp\gradio\df7e862f6fba48bd841338e1aff0e69b057219462828f2abbdb64fa2ccd0ff27\2026-08-20 17-50-24.mp4
2026-08-20 18:10:42,625 [DEBUG] cmd: F:\Githubrepostotest\Dragon Diffusion Video Prep\venv\Lib\site-packages\static_ffmpeg\bin\win32\ffprobe.EXE -v error -select_streams v:0 -show_entries stream=width,height,r_frame_rate,duration -of csv=p=0 C:\Users\Andrew Baines\AppData\Local\Temp\gradio\df7e862f6fba48bd841338e1aff0e69b057219462828f2abbdb64fa2ccd0ff27\2026-08-20 17-50-24.mp4
2026-08-20 18:10:42,709 [DEBUG] stdout: '1920,1080,60/1,16.183333\n'  stderr: ''
2026-08-20 18:10:42,709 [INFO]   -> 1920x1080 @ 60.000fps  16.18s
2026-08-20 18:10:42,709 [INFO] ffmpeg: F:\Githubrepostotest\Dragon Diffusion Video Prep\venv\Lib\site-packages\static_ffmpeg\bin\win32\ffmpeg.EXE -y -ss 0.0 -to 5.0 -i C:\Users\Andrew Baines\AppData\Local\Temp\gradio\df7e862f6fba48bd841338e1aff0e69b057219462828f2abbdb64fa2ccd0ff27\2026-08-20 17-50-24.mp4 -vf scale=768:432,fps=25.0 -c:v libx264 -crf 18 -preset slow -c:a aac -b:a 192k F:\Githubrepostotest\Dragon Diffusion Video Prep\output\clip_2026-08-20 17-50-24_0s.mp4
2026-08-20 18:10:43,686 [INFO] ffmpeg OK.
2026-08-20 18:10:43,686 [INFO] Done.
Input:  1920x1080 @ 60.00fps
Output: 768x432 @ 25.00fps
Clip:   0.0s → 5.0s  (5.0s)
Saved:  F:\Githubrepostotest\Dragon Diffusion Video Prep\output\clip_2026-08-20 17-50-24_0s.mp4
2026-08-20 18:10:52,309 [INFO] Tab1 extract from: C:\Users\Andrew Baines\AppData\Local\Temp\gradio\df7e862f6fba48bd841338e1aff0e69b057219462828f2abbdb64fa2ccd0ff27\2026-08-20 17-50-24.mp4  start=5.6  length=5
2026-08-20 18:10:52,309 [INFO] Probing: C:\Users\Andrew Baines\AppData\Local\Temp\gradio\df7e862f6fba48bd841338e1aff0e69b057219462828f2abbdb64fa2ccd0ff27\2026-08-20 17-50-24.mp4
2026-08-20 18:10:52,309 [DEBUG] cmd: F:\Githubrepostotest\Dragon Diffusion Video Prep\venv\Lib\site-packages\static_ffmpeg\bin\win32\ffprobe.EXE -v error -select_streams v:0 -show_entries stream=width,height,r_frame_rate,duration -of csv=p=0 C:\Users\Andrew Baines\AppData\Local\Temp\gradio\df7e862f6fba48bd841338e1aff0e69b057219462828f2abbdb64fa2ccd0ff27\2026-08-20 17-50-24.mp4
2026-08-20 18:10:52,387 [DEBUG] stdout: '1920,1080,60/1,16.183333\n'  stderr: ''
2026-08-20 18:10:52,387 [INFO]   -> 1920x1080 @ 60.000fps  16.18s
2026-08-20 18:10:52,387 [INFO] ffmpeg: F:\Githubrepostotest\Dragon Diffusion Video Prep\venv\Lib\site-packages\static_ffmpeg\bin\win32\ffmpeg.EXE -y -ss 5.6 -to 10.6 -i C:\Users\Andrew Baines\AppData\Local\Temp\gradio\df7e862f6fba48bd841338e1aff0e69b057219462828f2abbdb64fa2ccd0ff27\2026-08-20 17-50-24.mp4 -vf scale=768:432,fps=25.0 -c:v libx264 -crf 18 -preset slow -c:a aac -b:a 192k F:\Githubrepostotest\Dragon Diffusion Video Prep\output\clip_2026-08-20 17-50-24_5s.mp4
2026-08-20 18:10:53,432 [INFO] ffmpeg OK.
2026-08-20 18:10:53,445 [INFO] Done.
Input:  1920x1080 @ 60.00fps
Output: 768x432 @ 25.00fps
Clip:   5.6s → 10.6s  (5.0s)
Saved:  F:\Githubrepostotest\Dragon Diffusion Video Prep\output\clip_2026-08-20 17-50-24_5s.mp4
2026-08-20 18:11:06,414 [INFO] Tab1 extract from: C:\Users\Andrew Baines\AppData\Local\Temp\gradio\df7e862f6fba48bd841338e1aff0e69b057219462828f2abbdb64fa2ccd0ff27\2026-08-20 17-50-24.mp4  start=10.6  length=5
2026-08-20 18:11:06,414 [INFO] Probing: C:\Users\Andrew Baines\AppData\Local\Temp\gradio\df7e862f6fba48bd841338e1aff0e69b057219462828f2abbdb64fa2ccd0ff27\2026-08-20 17-50-24.mp4
2026-08-20 18:11:06,415 [DEBUG] cmd: F:\Githubrepostotest\Dragon Diffusion Video Prep\venv\Lib\site-packages\static_ffmpeg\bin\win32\ffprobe.EXE -v error -select_streams v:0 -show_entries stream=width,height,r_frame_rate,duration -of csv=p=0 C:\Users\Andrew Baines\AppData\Local\Temp\gradio\df7e862f6fba48bd841338e1aff0e69b057219462828f2abbdb64fa2ccd0ff27\2026-08-20 17-50-24.mp4
2026-08-20 18:11:06,489 [DEBUG] stdout: '1920,1080,60/1,16.183333\n'  stderr: ''
2026-08-20 18:11:06,489 [INFO]   -> 1920x1080 @ 60.000fps  16.18s
2026-08-20 18:11:06,489 [INFO] ffmpeg: F:\Githubrepostotest\Dragon Diffusion Video Prep\venv\Lib\site-packages\static_ffmpeg\bin\win32\ffmpeg.EXE -y -ss 10.6 -to 15.6 -i C:\Users\Andrew Baines\AppData\Local\Temp\gradio\df7e862f6fba48bd841338e1aff0e69b057219462828f2abbdb64fa2ccd0ff27\2026-08-20 17-50-24.mp4 -vf scale=768:432,fps=25.0 -c:v libx264 -crf 18 -preset slow -c:a aac -b:a 192k F:\Githubrepostotest\Dragon Diffusion Video Prep\output\clip_2026-08-20 17-50-24_10s.mp4
2026-08-20 18:11:07,644 [INFO] ffmpeg OK.
2026-08-20 18:11:07,644 [INFO] Done.
Input:  1920x1080 @ 60.00fps
Output: 768x432 @ 25.00fps
Clip:   10.6s → 15.6s  (5.0s)
Saved:  F:\Githubrepostotest\Dragon Diffusion Video Prep\output\clip_2026-08-20 17-50-24_10s.mp4
2026-08-20 18:11:16,664 [INFO] Tab1 upload received: C:\Users\Andrew Baines\AppData\Local\Temp\gradio\df7e862f6fba48bd841338e1aff0e69b057219462828f2abbdb64fa2ccd0ff27\2026-08-20 17-50-24.mp4
2026-08-20 18:11:16,670 [INFO] Probing: C:\Users\Andrew Baines\AppData\Local\Temp\gradio\df7e862f6fba48bd841338e1aff0e69b057219462828f2abbdb64fa2ccd0ff27\2026-08-20 17-50-24.mp4
2026-08-20 18:11:16,670 [DEBUG] cmd: F:\Githubrepostotest\Dragon Diffusion Video Prep\venv\Lib\site-packages\static_ffmpeg\bin\win32\ffprobe.EXE -v error -select_streams v:0 -show_entries stream=width,height,r_frame_rate,duration -of csv=p=0 C:\Users\Andrew Baines\AppData\Local\Temp\gradio\df7e862f6fba48bd841338e1aff0e69b057219462828f2abbdb64fa2ccd0ff27\2026-08-20 17-50-24.mp4
2026-08-20 18:11:16,809 [DEBUG] stdout: '1920,1080,60/1,16.183333\n'  stderr: ''
2026-08-20 18:11:16,809 [INFO]   -> 1920x1080 @ 60.000fps  16.18s
2026-08-20 18:11:28,359 [INFO] Tab1 upload received: C:\Users\Andrew Baines\AppData\Local\Temp\gradio\ffffe4af97e7d1b31c940891b75fba62ec2d0048557bc3f2a3b7ae3924059a00\2026-08-20 17-51-12.mp4
2026-08-20 18:11:28,359 [INFO] Probing: C:\Users\Andrew Baines\AppData\Local\Temp\gradio\ffffe4af97e7d1b31c940891b75fba62ec2d0048557bc3f2a3b7ae3924059a00\2026-08-20 17-51-12.mp4
2026-08-20 18:11:28,359 [DEBUG] cmd: F:\Githubrepostotest\Dragon Diffusion Video Prep\venv\Lib\site-packages\static_ffmpeg\bin\win32\ffprobe.EXE -v error -select_streams v:0 -show_entries stream=width,height,r_frame_rate,duration -of csv=p=0 C:\Users\Andrew Baines\AppData\Local\Temp\gradio\ffffe4af97e7d1b31c940891b75fba62ec2d0048557bc3f2a3b7ae3924059a00\2026-08-20 17-51-12.mp4
2026-08-20 18:11:28,518 [DEBUG] stdout: '1920,1080,60/1,128.716667\n'  stderr: ''
2026-08-20 18:11:28,519 [INFO]   -> 1920x1080 @ 60.000fps  128.72s
2026-08-20 18:11:36,871 [INFO] Tab1 extract from: C:\Users\Andrew Baines\AppData\Local\Temp\gradio\ffffe4af97e7d1b31c940891b75fba62ec2d0048557bc3f2a3b7ae3924059a00\2026-08-20 17-51-12.mp4  start=0  length=5
2026-08-20 18:11:36,871 [INFO] Probing: C:\Users\Andrew Baines\AppData\Local\Temp\gradio\ffffe4af97e7d1b31c940891b75fba62ec2d0048557bc3f2a3b7ae3924059a00\2026-08-20 17-51-12.mp4
2026-08-20 18:11:36,876 [DEBUG] cmd: F:\Githubrepostotest\Dragon Diffusion Video Prep\venv\Lib\site-packages\static_ffmpeg\bin\win32\ffprobe.EXE -v error -select_streams v:0 -show_entries stream=width,height,r_frame_rate,duration -of csv=p=0 C:\Users\Andrew Baines\AppData\Local\Temp\gradio\ffffe4af97e7d1b31c940891b75fba62ec2d0048557bc3f2a3b7ae3924059a00\2026-08-20 17-51-12.mp4
2026-08-20 18:11:36,964 [DEBUG] stdout: '1920,1080,60/1,128.716667\n'  stderr: ''
2026-08-20 18:11:36,964 [INFO]   -> 1920x1080 @ 60.000fps  128.72s
2026-08-20 18:11:36,965 [INFO] ffmpeg: F:\Githubrepostotest\Dragon Diffusion Video Prep\venv\Lib\site-packages\static_ffmpeg\bin\win32\ffmpeg.EXE -y -ss 0.0 -to 5.0 -i C:\Users\Andrew Baines\AppData\Local\Temp\gradio\ffffe4af97e7d1b31c940891b75fba62ec2d0048557bc3f2a3b7ae3924059a00\2026-08-20 17-51-12.mp4 -vf scale=768:432,fps=25.0 -c:v libx264 -crf 18 -preset slow -c:a aac -b:a 192k F:\Githubrepostotest\Dragon Diffusion Video Prep\output\clip_2026-08-20 17-51-12_0s.mp4
2026-08-20 18:11:38,097 [INFO] ffmpeg OK.
2026-08-20 18:11:38,097 [INFO] Done.
Input:  1920x1080 @ 60.00fps
Output: 768x432 @ 25.00fps
Clip:   0.0s → 5.0s  (5.0s)
Saved:  F:\Githubrepostotest\Dragon Diffusion Video Prep\output\clip_2026-08-20 17-51-12_0s.mp4
2026-08-20 18:11:42,876 [INFO] Tab1 extract from: C:\Users\Andrew Baines\AppData\Local\Temp\gradio\ffffe4af97e7d1b31c940891b75fba62ec2d0048557bc3f2a3b7ae3924059a00\2026-08-20 17-51-12.mp4  start=10.5  length=5
2026-08-20 18:11:42,876 [INFO] Probing: C:\Users\Andrew Baines\AppData\Local\Temp\gradio\ffffe4af97e7d1b31c940891b75fba62ec2d0048557bc3f2a3b7ae3924059a00\2026-08-20 17-51-12.mp4
2026-08-20 18:11:42,877 [DEBUG] cmd: F:\Githubrepostotest\Dragon Diffusion Video Prep\venv\Lib\site-packages\static_ffmpeg\bin\win32\ffprobe.EXE -v error -select_streams v:0 -show_entries stream=width,height,r_frame_rate,duration -of csv=p=0 C:\Users\Andrew Baines\AppData\Local\Temp\gradio\ffffe4af97e7d1b31c940891b75fba62ec2d0048557bc3f2a3b7ae3924059a00\2026-08-20 17-51-12.mp4
2026-08-20 18:11:42,956 [DEBUG] stdout: '1920,1080,60/1,128.716667\n'  stderr: ''
2026-08-20 18:11:42,956 [INFO]   -> 1920x1080 @ 60.000fps  128.72s
2026-08-20 18:11:42,956 [INFO] ffmpeg: F:\Githubrepostotest\Dragon Diffusion Video Prep\venv\Lib\site-packages\static_ffmpeg\bin\win32\ffmpeg.EXE -y -ss 10.5 -to 15.5 -i C:\Users\Andrew Baines\AppData\Local\Temp\gradio\ffffe4af97e7d1b31c940891b75fba62ec2d0048557bc3f2a3b7ae3924059a00\2026-08-20 17-51-12.mp4 -vf scale=768:432,fps=25.0 -c:v libx264 -crf 18 -preset slow -c:a aac -b:a 192k F:\Githubrepostotest\Dragon Diffusion Video Prep\output\clip_2026-08-20 17-51-12_10s.mp4
2026-08-20 18:11:44,229 [INFO] ffmpeg OK.
2026-08-20 18:11:44,229 [INFO] Done.
Input:  1920x1080 @ 60.00fps
Output: 768x432 @ 25.00fps
Clip:   10.5s → 15.5s  (5.0s)
Saved:  F:\Githubrepostotest\Dragon Diffusion Video Prep\output\clip_2026-08-20 17-51-12_10s.mp4
2026-08-20 18:11:48,557 [INFO] Tab1 extract from: C:\Users\Andrew Baines\AppData\Local\Temp\gradio\ffffe4af97e7d1b31c940891b75fba62ec2d0048557bc3f2a3b7ae3924059a00\2026-08-20 17-51-12.mp4  start=30.4  length=5
2026-08-20 18:11:48,557 [INFO] Probing: C:\Users\Andrew Baines\AppData\Local\Temp\gradio\ffffe4af97e7d1b31c940891b75fba62ec2d0048557bc3f2a3b7ae3924059a00\2026-08-20 17-51-12.mp4
2026-08-20 18:11:48,557 [DEBUG] cmd: F:\Githubrepostotest\Dragon Diffusion Video Prep\venv\Lib\site-packages\static_ffmpeg\bin\win32\ffprobe.EXE -v error -select_streams v:0 -show_entries stream=width,height,r_frame_rate,duration -of csv=p=0 C:\Users\Andrew Baines\AppData\Local\Temp\gradio\ffffe4af97e7d1b31c940891b75fba62ec2d0048557bc3f2a3b7ae3924059a00\2026-08-20 17-51-12.mp4
2026-08-20 18:11:48,635 [DEBUG] stdout: '1920,1080,60/1,128.716667\n'  stderr: ''
2026-08-20 18:11:48,635 [INFO]   -> 1920x1080 @ 60.000fps  128.72s
2026-08-20 18:11:48,635 [INFO] ffmpeg: F:\Githubrepostotest\Dragon Diffusion Video Prep\venv\Lib\site-packages\static_ffmpeg\bin\win32\ffmpeg.EXE -y -ss 30.4 -to 35.4 -i C:\Users\Andrew Baines\AppData\Local\Temp\gradio\ffffe4af97e7d1b31c940891b75fba62ec2d0048557bc3f2a3b7ae3924059a00\2026-08-20 17-51-12.mp4 -vf scale=768:432,fps=25.0 -c:v libx264 -crf 18 -preset slow -c:a aac -b:a 192k F:\Githubrepostotest\Dragon Diffusion Video Prep\output\clip_2026-08-20 17-51-12_30s.mp4
2026-08-20 18:11:49,765 [INFO] ffmpeg OK.
2026-08-20 18:11:49,765 [INFO] Done.
Input:  1920x1080 @ 60.00fps
Output: 768x432 @ 25.00fps
Clip:   30.4s → 35.4s  (5.0s)
Saved:  F:\Githubrepostotest\Dragon Diffusion Video Prep\output\clip_2026-08-20 17-51-12_30s.mp4
2026-08-20 18:11:53,988 [INFO] Tab1 extract from: C:\Users\Andrew Baines\AppData\Local\Temp\gradio\ffffe4af97e7d1b31c940891b75fba62ec2d0048557bc3f2a3b7ae3924059a00\2026-08-20 17-51-12.mp4  start=36.9  length=5
2026-08-20 18:11:53,988 [INFO] Probing: C:\Users\Andrew Baines\AppData\Local\Temp\gradio\ffffe4af97e7d1b31c940891b75fba62ec2d0048557bc3f2a3b7ae3924059a00\2026-08-20 17-51-12.mp4
2026-08-20 18:11:53,988 [DEBUG] cmd: F:\Githubrepostotest\Dragon Diffusion Video Prep\venv\Lib\site-packages\static_ffmpeg\bin\win32\ffprobe.EXE -v error -select_streams v:0 -show_entries stream=width,height,r_frame_rate,duration -of csv=p=0 C:\Users\Andrew Baines\AppData\Local\Temp\gradio\ffffe4af97e7d1b31c940891b75fba62ec2d0048557bc3f2a3b7ae3924059a00\2026-08-20 17-51-12.mp4
2026-08-20 18:11:54,072 [DEBUG] stdout: '1920,1080,60/1,128.716667\n'  stderr: ''
2026-08-20 18:11:54,072 [INFO]   -> 1920x1080 @ 60.000fps  128.72s
2026-08-20 18:11:54,072 [INFO] ffmpeg: F:\Githubrepostotest\Dragon Diffusion Video Prep\venv\Lib\site-packages\static_ffmpeg\bin\win32\ffmpeg.EXE -y -ss 36.9 -to 41.9 -i C:\Users\Andrew Baines\AppData\Local\Temp\gradio\ffffe4af97e7d1b31c940891b75fba62ec2d0048557bc3f2a3b7ae3924059a00\2026-08-20 17-51-12.mp4 -vf scale=768:432,fps=25.0 -c:v libx264 -crf 18 -preset slow -c:a aac -b:a 192k F:\Githubrepostotest\Dragon Diffusion Video Prep\output\clip_2026-08-20 17-51-12_36s.mp4
2026-08-20 18:11:55,253 [INFO] ffmpeg OK.
2026-08-20 18:11:55,253 [INFO] Done.
Input:  1920x1080 @ 60.00fps
Output: 768x432 @ 25.00fps
Clip:   36.9s → 41.9s  (5.0s)
Saved:  F:\Githubrepostotest\Dragon Diffusion Video Prep\output\clip_2026-08-20 17-51-12_36s.mp4
2026-08-20 18:11:58,863 [INFO] Tab1 extract from: C:\Users\Andrew Baines\AppData\Local\Temp\gradio\ffffe4af97e7d1b31c940891b75fba62ec2d0048557bc3f2a3b7ae3924059a00\2026-08-20 17-51-12.mp4  start=43  length=5
2026-08-20 18:11:58,863 [INFO] Probing: C:\Users\Andrew Baines\AppData\Local\Temp\gradio\ffffe4af97e7d1b31c940891b75fba62ec2d0048557bc3f2a3b7ae3924059a00\2026-08-20 17-51-12.mp4
2026-08-20 18:11:58,863 [DEBUG] cmd: F:\Githubrepostotest\Dragon Diffusion Video Prep\venv\Lib\site-packages\static_ffmpeg\bin\win32\ffprobe.EXE -v error -select_streams v:0 -show_entries stream=width,height,r_frame_rate,duration -of csv=p=0 C:\Users\Andrew Baines\AppData\Local\Temp\gradio\ffffe4af97e7d1b31c940891b75fba62ec2d0048557bc3f2a3b7ae3924059a00\2026-08-20 17-51-12.mp4
2026-08-20 18:11:58,947 [DEBUG] stdout: '1920,1080,60/1,128.716667\n'  stderr: ''
2026-08-20 18:11:58,947 [INFO]   -> 1920x1080 @ 60.000fps  128.72s
2026-08-20 18:11:58,947 [INFO] ffmpeg: F:\Githubrepostotest\Dragon Diffusion Video Prep\venv\Lib\site-packages\static_ffmpeg\bin\win32\ffmpeg.EXE -y -ss 43.0 -to 48.0 -i C:\Users\Andrew Baines\AppData\Local\Temp\gradio\ffffe4af97e7d1b31c940891b75fba62ec2d0048557bc3f2a3b7ae3924059a00\2026-08-20 17-51-12.mp4 -vf scale=768:432,fps=25.0 -c:v libx264 -crf 18 -preset slow -c:a aac -b:a 192k F:\Githubrepostotest\Dragon Diffusion Video Prep\output\clip_2026-08-20 17-51-12_43s.mp4
2026-08-20 18:12:00,045 [INFO] ffmpeg OK.
2026-08-20 18:12:00,051 [INFO] Done.
Input:  1920x1080 @ 60.00fps
Output: 768x432 @ 25.00fps
Clip:   43.0s → 48.0s  (5.0s)
Saved:  F:\Githubrepostotest\Dragon Diffusion Video Prep\output\clip_2026-08-20 17-51-12_43s.mp4
2026-08-20 18:12:08,106 [INFO] Tab1 extract from: C:\Users\Andrew Baines\AppData\Local\Temp\gradio\ffffe4af97e7d1b31c940891b75fba62ec2d0048557bc3f2a3b7ae3924059a00\2026-08-20 17-51-12.mp4  start=49.8  length=5
2026-08-20 18:12:08,106 [INFO] Probing: C:\Users\Andrew Baines\AppData\Local\Temp\gradio\ffffe4af97e7d1b31c940891b75fba62ec2d0048557bc3f2a3b7ae3924059a00\2026-08-20 17-51-12.mp4
2026-08-20 18:12:08,108 [DEBUG] cmd: F:\Githubrepostotest\Dragon Diffusion Video Prep\venv\Lib\site-packages\static_ffmpeg\bin\win32\ffprobe.EXE -v error -select_streams v:0 -show_entries stream=width,height,r_frame_rate,duration -of csv=p=0 C:\Users\Andrew Baines\AppData\Local\Temp\gradio\ffffe4af97e7d1b31c940891b75fba62ec2d0048557bc3f2a3b7ae3924059a00\2026-08-20 17-51-12.mp4
2026-08-20 18:12:08,189 [DEBUG] stdout: '1920,1080,60/1,128.716667\n'  stderr: ''
2026-08-20 18:12:08,189 [INFO]   -> 1920x1080 @ 60.000fps  128.72s
2026-08-20 18:12:08,193 [INFO] ffmpeg: F:\Githubrepostotest\Dragon Diffusion Video Prep\venv\Lib\site-packages\static_ffmpeg\bin\win32\ffmpeg.EXE -y -ss 49.8 -to 54.8 -i C:\Users\Andrew Baines\AppData\Local\Temp\gradio\ffffe4af97e7d1b31c940891b75fba62ec2d0048557bc3f2a3b7ae3924059a00\2026-08-20 17-51-12.mp4 -vf scale=768:432,fps=25.0 -c:v libx264 -crf 18 -preset slow -c:a aac -b:a 192k F:\Githubrepostotest\Dragon Diffusion Video Prep\output\clip_2026-08-20 17-51-12_49s.mp4
2026-08-20 18:12:09,420 [INFO] ffmpeg OK.
2026-08-20 18:12:09,420 [INFO] Done.
Input:  1920x1080 @ 60.00fps
Output: 768x432 @ 25.00fps
Clip:   49.8s → 54.8s  (5.0s)
Saved:  F:\Githubrepostotest\Dragon Diffusion Video Prep\output\clip_2026-08-20 17-51-12_49s.mp4
2026-08-20 18:12:12,229 [INFO] Tab1 extract from: C:\Users\Andrew Baines\AppData\Local\Temp\gradio\ffffe4af97e7d1b31c940891b75fba62ec2d0048557bc3f2a3b7ae3924059a00\2026-08-20 17-51-12.mp4  start=57.6  length=5
2026-08-20 18:12:12,234 [INFO] Probing: C:\Users\Andrew Baines\AppData\Local\Temp\gradio\ffffe4af97e7d1b31c940891b75fba62ec2d0048557bc3f2a3b7ae3924059a00\2026-08-20 17-51-12.mp4
2026-08-20 18:12:12,234 [DEBUG] cmd: F:\Githubrepostotest\Dragon Diffusion Video Prep\venv\Lib\site-packages\static_ffmpeg\bin\win32\ffprobe.EXE -v error -select_streams v:0 -show_entries stream=width,height,r_frame_rate,duration -of csv=p=0 C:\Users\Andrew Baines\AppData\Local\Temp\gradio\ffffe4af97e7d1b31c940891b75fba62ec2d0048557bc3f2a3b7ae3924059a00\2026-08-20 17-51-12.mp4
2026-08-20 18:12:12,322 [DEBUG] stdout: '1920,1080,60/1,128.716667\n'  stderr: ''
2026-08-20 18:12:12,322 [INFO]   -> 1920x1080 @ 60.000fps  128.72s
2026-08-20 18:12:12,322 [INFO] ffmpeg: F:\Githubrepostotest\Dragon Diffusion Video Prep\venv\Lib\site-packages\static_ffmpeg\bin\win32\ffmpeg.EXE -y -ss 57.6 -to 62.6 -i C:\Users\Andrew Baines\AppData\Local\Temp\gradio\ffffe4af97e7d1b31c940891b75fba62ec2d0048557bc3f2a3b7ae3924059a00\2026-08-20 17-51-12.mp4 -vf scale=768:432,fps=25.0 -c:v libx264 -crf 18 -preset slow -c:a aac -b:a 192k F:\Githubrepostotest\Dragon Diffusion Video Prep\output\clip_2026-08-20 17-51-12_57s.mp4
2026-08-20 18:12:13,358 [INFO] ffmpeg OK.
2026-08-20 18:12:13,358 [INFO] Done.
Input:  1920x1080 @ 60.00fps
Output: 768x432 @ 25.00fps
Clip:   57.6s → 62.6s  (5.0s)
Saved:  F:\Githubrepostotest\Dragon Diffusion Video Prep\output\clip_2026-08-20 17-51-12_57s.mp4
2026-08-20 18:12:19,655 [INFO] Tab1 extract from: C:\Users\Andrew Baines\AppData\Local\Temp\gradio\ffffe4af97e7d1b31c940891b75fba62ec2d0048557bc3f2a3b7ae3924059a00\2026-08-20 17-51-12.mp4  start=65.7  length=5
2026-08-20 18:12:19,655 [INFO] Probing: C:\Users\Andrew Baines\AppData\Local\Temp\gradio\ffffe4af97e7d1b31c940891b75fba62ec2d0048557bc3f2a3b7ae3924059a00\2026-08-20 17-51-12.mp4
2026-08-20 18:12:19,655 [DEBUG] cmd: F:\Githubrepostotest\Dragon Diffusion Video Prep\venv\Lib\site-packages\static_ffmpeg\bin\win32\ffprobe.EXE -v error -select_streams v:0 -show_entries stream=width,height,r_frame_rate,duration -of csv=p=0 C:\Users\Andrew Baines\AppData\Local\Temp\gradio\ffffe4af97e7d1b31c940891b75fba62ec2d0048557bc3f2a3b7ae3924059a00\2026-08-20 17-51-12.mp4
2026-08-20 18:12:19,741 [DEBUG] stdout: '1920,1080,60/1,128.716667\n'  stderr: ''
2026-08-20 18:12:19,741 [INFO]   -> 1920x1080 @ 60.000fps  128.72s
2026-08-20 18:12:19,741 [INFO] ffmpeg: F:\Githubrepostotest\Dragon Diffusion Video Prep\venv\Lib\site-packages\static_ffmpeg\bin\win32\ffmpeg.EXE -y -ss 65.7 -to 70.7 -i C:\Users\Andrew Baines\AppData\Local\Temp\gradio\ffffe4af97e7d1b31c940891b75fba62ec2d0048557bc3f2a3b7ae3924059a00\2026-08-20 17-51-12.mp4 -vf scale=768:432,fps=25.0 -c:v libx264 -crf 18 -preset slow -c:a aac -b:a 192k F:\Githubrepostotest\Dragon Diffusion Video Prep\output\clip_2026-08-20 17-51-12_65s.mp4
2026-08-20 18:12:21,079 [INFO] ffmpeg OK.
2026-08-20 18:12:21,079 [INFO] Done.
Input:  1920x1080 @ 60.00fps
Output: 768x432 @ 25.00fps
Clip:   65.7s → 70.7s  (5.0s)
Saved:  F:\Githubrepostotest\Dragon Diffusion Video Prep\output\clip_2026-08-20 17-51-12_65s.mp4
2026-08-20 18:12:24,911 [INFO] Tab1 extract from: C:\Users\Andrew Baines\AppData\Local\Temp\gradio\ffffe4af97e7d1b31c940891b75fba62ec2d0048557bc3f2a3b7ae3924059a00\2026-08-20 17-51-12.mp4  start=72.6  length=5
2026-08-20 18:12:24,912 [INFO] Probing: C:\Users\Andrew Baines\AppData\Local\Temp\gradio\ffffe4af97e7d1b31c940891b75fba62ec2d0048557bc3f2a3b7ae3924059a00\2026-08-20 17-51-12.mp4
2026-08-20 18:12:24,912 [DEBUG] cmd: F:\Githubrepostotest\Dragon Diffusion Video Prep\venv\Lib\site-packages\static_ffmpeg\bin\win32\ffprobe.EXE -v error -select_streams v:0 -show_entries stream=width,height,r_frame_rate,duration -of csv=p=0 C:\Users\Andrew Baines\AppData\Local\Temp\gradio\ffffe4af97e7d1b31c940891b75fba62ec2d0048557bc3f2a3b7ae3924059a00\2026-08-20 17-51-12.mp4
2026-08-20 18:12:24,991 [DEBUG] stdout: '1920,1080,60/1,128.716667\n'  stderr: ''
2026-08-20 18:12:24,991 [INFO]   -> 1920x1080 @ 60.000fps  128.72s
2026-08-20 18:12:24,991 [INFO] ffmpeg: F:\Githubrepostotest\Dragon Diffusion Video Prep\venv\Lib\site-packages\static_ffmpeg\bin\win32\ffmpeg.EXE -y -ss 72.6 -to 77.6 -i C:\Users\Andrew Baines\AppData\Local\Temp\gradio\ffffe4af97e7d1b31c940891b75fba62ec2d0048557bc3f2a3b7ae3924059a00\2026-08-20 17-51-12.mp4 -vf scale=768:432,fps=25.0 -c:v libx264 -crf 18 -preset slow -c:a aac -b:a 192k F:\Githubrepostotest\Dragon Diffusion Video Prep\output\clip_2026-08-20 17-51-12_72s.mp4
2026-08-20 18:12:26,210 [INFO] ffmpeg OK.
2026-08-20 18:12:26,210 [INFO] Done.
Input:  1920x1080 @ 60.00fps
Output: 768x432 @ 25.00fps
Clip:   72.6s → 77.6s  (5.0s)
Saved:  F:\Githubrepostotest\Dragon Diffusion Video Prep\output\clip_2026-08-20 17-51-12_72s.mp4
2026-08-20 18:12:30,023 [INFO] Tab1 extract from: C:\Users\Andrew Baines\AppData\Local\Temp\gradio\ffffe4af97e7d1b31c940891b75fba62ec2d0048557bc3f2a3b7ae3924059a00\2026-08-20 17-51-12.mp4  start=81  length=5
2026-08-20 18:12:30,023 [INFO] Probing: C:\Users\Andrew Baines\AppData\Local\Temp\gradio\ffffe4af97e7d1b31c940891b75fba62ec2d0048557bc3f2a3b7ae3924059a00\2026-08-20 17-51-12.mp4
2026-08-20 18:12:30,023 [DEBUG] cmd: F:\Githubrepostotest\Dragon Diffusion Video Prep\venv\Lib\site-packages\static_ffmpeg\bin\win32\ffprobe.EXE -v error -select_streams v:0 -show_entries stream=width,height,r_frame_rate,duration -of csv=p=0 C:\Users\Andrew Baines\AppData\Local\Temp\gradio\ffffe4af97e7d1b31c940891b75fba62ec2d0048557bc3f2a3b7ae3924059a00\2026-08-20 17-51-12.mp4
2026-08-20 18:12:30,111 [DEBUG] stdout: '1920,1080,60/1,128.716667\n'  stderr: ''
2026-08-20 18:12:30,111 [INFO]   -> 1920x1080 @ 60.000fps  128.72s
2026-08-20 18:12:30,111 [INFO] ffmpeg: F:\Githubrepostotest\Dragon Diffusion Video Prep\venv\Lib\site-packages\static_ffmpeg\bin\win32\ffmpeg.EXE -y -ss 81.0 -to 86.0 -i C:\Users\Andrew Baines\AppData\Local\Temp\gradio\ffffe4af97e7d1b31c940891b75fba62ec2d0048557bc3f2a3b7ae3924059a00\2026-08-20 17-51-12.mp4 -vf scale=768:432,fps=25.0 -c:v libx264 -crf 18 -preset slow -c:a aac -b:a 192k F:\Githubrepostotest\Dragon Diffusion Video Prep\output\clip_2026-08-20 17-51-12_81s.mp4
2026-08-20 18:12:31,207 [INFO] ffmpeg OK.
2026-08-20 18:12:31,207 [INFO] Done.
Input:  1920x1080 @ 60.00fps
Output: 768x432 @ 25.00fps
Clip:   81.0s → 86.0s  (5.0s)
Saved:  F:\Githubrepostotest\Dragon Diffusion Video Prep\output\clip_2026-08-20 17-51-12_81s.mp4
2026-08-20 18:12:38,291 [INFO] Tab1 extract from: C:\Users\Andrew Baines\AppData\Local\Temp\gradio\ffffe4af97e7d1b31c940891b75fba62ec2d0048557bc3f2a3b7ae3924059a00\2026-08-20 17-51-12.mp4  start=90  length=5
2026-08-20 18:12:38,294 [INFO] Probing: C:\Users\Andrew Baines\AppData\Local\Temp\gradio\ffffe4af97e7d1b31c940891b75fba62ec2d0048557bc3f2a3b7ae3924059a00\2026-08-20 17-51-12.mp4
2026-08-20 18:12:38,294 [DEBUG] cmd: F:\Githubrepostotest\Dragon Diffusion Video Prep\venv\Lib\site-packages\static_ffmpeg\bin\win32\ffprobe.EXE -v error -select_streams v:0 -show_entries stream=width,height,r_frame_rate,duration -of csv=p=0 C:\Users\Andrew Baines\AppData\Local\Temp\gradio\ffffe4af97e7d1b31c940891b75fba62ec2d0048557bc3f2a3b7ae3924059a00\2026-08-20 17-51-12.mp4
2026-08-20 18:12:38,373 [DEBUG] stdout: '1920,1080,60/1,128.716667\n'  stderr: ''
2026-08-20 18:12:38,373 [INFO]   -> 1920x1080 @ 60.000fps  128.72s
2026-08-20 18:12:38,373 [INFO] ffmpeg: F:\Githubrepostotest\Dragon Diffusion Video Prep\venv\Lib\site-packages\static_ffmpeg\bin\win32\ffmpeg.EXE -y -ss 90.0 -to 95.0 -i C:\Users\Andrew Baines\AppData\Local\Temp\gradio\ffffe4af97e7d1b31c940891b75fba62ec2d0048557bc3f2a3b7ae3924059a00\2026-08-20 17-51-12.mp4 -vf scale=768:432,fps=25.0 -c:v libx264 -crf 18 -preset slow -c:a aac -b:a 192k F:\Githubrepostotest\Dragon Diffusion Video Prep\output\clip_2026-08-20 17-51-12_90s.mp4
2026-08-20 18:12:39,436 [INFO] ffmpeg OK.
2026-08-20 18:12:39,436 [INFO] Done.
Input:  1920x1080 @ 60.00fps
Output: 768x432 @ 25.00fps
Clip:   90.0s → 95.0s  (5.0s)
Saved:  F:\Githubrepostotest\Dragon Diffusion Video Prep\output\clip_2026-08-20 17-51-12_90s.mp4
2026-08-20 18:12:43,905 [INFO] Tab1 extract from: C:\Users\Andrew Baines\AppData\Local\Temp\gradio\ffffe4af97e7d1b31c940891b75fba62ec2d0048557bc3f2a3b7ae3924059a00\2026-08-20 17-51-12.mp4  start=100.3  length=5
2026-08-20 18:12:43,905 [INFO] Probing: C:\Users\Andrew Baines\AppData\Local\Temp\gradio\ffffe4af97e7d1b31c940891b75fba62ec2d0048557bc3f2a3b7ae3924059a00\2026-08-20 17-51-12.mp4
2026-08-20 18:12:43,905 [DEBUG] cmd: F:\Githubrepostotest\Dragon Diffusion Video Prep\venv\Lib\site-packages\static_ffmpeg\bin\win32\ffprobe.EXE -v error -select_streams v:0 -show_entries stream=width,height,r_frame_rate,duration -of csv=p=0 C:\Users\Andrew Baines\AppData\Local\Temp\gradio\ffffe4af97e7d1b31c940891b75fba62ec2d0048557bc3f2a3b7ae3924059a00\2026-08-20 17-51-12.mp4
2026-08-20 18:12:43,983 [DEBUG] stdout: '1920,1080,60/1,128.716667\n'  stderr: ''
2026-08-20 18:12:43,983 [INFO]   -> 1920x1080 @ 60.000fps  128.72s
2026-08-20 18:12:43,994 [INFO] ffmpeg: F:\Githubrepostotest\Dragon Diffusion Video Prep\venv\Lib\site-packages\static_ffmpeg\bin\win32\ffmpeg.EXE -y -ss 100.3 -to 105.3 -i C:\Users\Andrew Baines\AppData\Local\Temp\gradio\ffffe4af97e7d1b31c940891b75fba62ec2d0048557bc3f2a3b7ae3924059a00\2026-08-20 17-51-12.mp4 -vf scale=768:432,fps=25.0 -c:v libx264 -crf 18 -preset slow -c:a aac -b:a 192k F:\Githubrepostotest\Dragon Diffusion Video Prep\output\clip_2026-08-20 17-51-12_100s.mp4
2026-08-20 18:12:45,119 [INFO] ffmpeg OK.
2026-08-20 18:12:45,119 [INFO] Done.
Input:  1920x1080 @ 60.00fps
Output: 768x432 @ 25.00fps
Clip:   100.3s → 105.3s  (5.0s)
Saved:  F:\Githubrepostotest\Dragon Diffusion Video Prep\output\clip_2026-08-20 17-51-12_100s.mp4
2026-08-20 18:12:49,329 [INFO] Tab1 extract from: C:\Users\Andrew Baines\AppData\Local\Temp\gradio\ffffe4af97e7d1b31c940891b75fba62ec2d0048557bc3f2a3b7ae3924059a00\2026-08-20 17-51-12.mp4  start=109.1  length=5
2026-08-20 18:12:49,329 [INFO] Probing: C:\Users\Andrew Baines\AppData\Local\Temp\gradio\ffffe4af97e7d1b31c940891b75fba62ec2d0048557bc3f2a3b7ae3924059a00\2026-08-20 17-51-12.mp4
2026-08-20 18:12:49,329 [DEBUG] cmd: F:\Githubrepostotest\Dragon Diffusion Video Prep\venv\Lib\site-packages\static_ffmpeg\bin\win32\ffprobe.EXE -v error -select_streams v:0 -show_entries stream=width,height,r_frame_rate,duration -of csv=p=0 C:\Users\Andrew Baines\AppData\Local\Temp\gradio\ffffe4af97e7d1b31c940891b75fba62ec2d0048557bc3f2a3b7ae3924059a00\2026-08-20 17-51-12.mp4
2026-08-20 18:12:49,424 [DEBUG] stdout: '1920,1080,60/1,128.716667\n'  stderr: ''
2026-08-20 18:12:49,424 [INFO]   -> 1920x1080 @ 60.000fps  128.72s
2026-08-20 18:12:49,424 [INFO] ffmpeg: F:\Githubrepostotest\Dragon Diffusion Video Prep\venv\Lib\site-packages\static_ffmpeg\bin\win32\ffmpeg.EXE -y -ss 109.1 -to 114.1 -i C:\Users\Andrew Baines\AppData\Local\Temp\gradio\ffffe4af97e7d1b31c940891b75fba62ec2d0048557bc3f2a3b7ae3924059a00\2026-08-20 17-51-12.mp4 -vf scale=768:432,fps=25.0 -c:v libx264 -crf 18 -preset slow -c:a aac -b:a 192k F:\Githubrepostotest\Dragon Diffusion Video Prep\output\clip_2026-08-20 17-51-12_109s.mp4
2026-08-20 18:12:50,543 [INFO] ffmpeg OK.
2026-08-20 18:12:50,543 [INFO] Done.
Input:  1920x1080 @ 60.00fps
Output: 768x432 @ 25.00fps
Clip:   109.1s → 114.1s  (5.0s)
Saved:  F:\Githubrepostotest\Dragon Diffusion Video Prep\output\clip_2026-08-20 17-51-12_109s.mp4
2026-08-20 18:12:54,586 [INFO] Tab1 extract from: C:\Users\Andrew Baines\AppData\Local\Temp\gradio\ffffe4af97e7d1b31c940891b75fba62ec2d0048557bc3f2a3b7ae3924059a00\2026-08-20 17-51-12.mp4  start=116.6  length=5
2026-08-20 18:12:54,587 [INFO] Probing: C:\Users\Andrew Baines\AppData\Local\Temp\gradio\ffffe4af97e7d1b31c940891b75fba62ec2d0048557bc3f2a3b7ae3924059a00\2026-08-20 17-51-12.mp4
2026-08-20 18:12:54,587 [DEBUG] cmd: F:\Githubrepostotest\Dragon Diffusion Video Prep\venv\Lib\site-packages\static_ffmpeg\bin\win32\ffprobe.EXE -v error -select_streams v:0 -show_entries stream=width,height,r_frame_rate,duration -of csv=p=0 C:\Users\Andrew Baines\AppData\Local\Temp\gradio\ffffe4af97e7d1b31c940891b75fba62ec2d0048557bc3f2a3b7ae3924059a00\2026-08-20 17-51-12.mp4
2026-08-20 18:12:54,669 [DEBUG] stdout: '1920,1080,60/1,128.716667\n'  stderr: ''
2026-08-20 18:12:54,669 [INFO]   -> 1920x1080 @ 60.000fps  128.72s
2026-08-20 18:12:54,669 [INFO] ffmpeg: F:\Githubrepostotest\Dragon Diffusion Video Prep\venv\Lib\site-packages\static_ffmpeg\bin\win32\ffmpeg.EXE -y -ss 116.6 -to 121.6 -i C:\Users\Andrew Baines\AppData\Local\Temp\gradio\ffffe4af97e7d1b31c940891b75fba62ec2d0048557bc3f2a3b7ae3924059a00\2026-08-20 17-51-12.mp4 -vf scale=768:432,fps=25.0 -c:v libx264 -crf 18 -preset slow -c:a aac -b:a 192k F:\Githubrepostotest\Dragon Diffusion Video Prep\output\clip_2026-08-20 17-51-12_116s.mp4
2026-08-20 18:12:55,753 [INFO] ffmpeg OK.
2026-08-20 18:12:55,753 [INFO] Done.
Input:  1920x1080 @ 60.00fps
Output: 768x432 @ 25.00fps
Clip:   116.6s → 121.6s  (5.0s)
Saved:  F:\Githubrepostotest\Dragon Diffusion Video Prep\output\clip_2026-08-20 17-51-12_116s.mp4
2026-08-20 18:13:02,823 [INFO] Tab1 extract from: C:\Users\Andrew Baines\AppData\Local\Temp\gradio\ffffe4af97e7d1b31c940891b75fba62ec2d0048557bc3f2a3b7ae3924059a00\2026-08-20 17-51-12.mp4  start=121.7  length=5
2026-08-20 18:13:02,823 [INFO] Probing: C:\Users\Andrew Baines\AppData\Local\Temp\gradio\ffffe4af97e7d1b31c940891b75fba62ec2d0048557bc3f2a3b7ae3924059a00\2026-08-20 17-51-12.mp4
2026-08-20 18:13:02,823 [DEBUG] cmd: F:\Githubrepostotest\Dragon Diffusion Video Prep\venv\Lib\site-packages\static_ffmpeg\bin\win32\ffprobe.EXE -v error -select_streams v:0 -show_entries stream=width,height,r_frame_rate,duration -of csv=p=0 C:\Users\Andrew Baines\AppData\Local\Temp\gradio\ffffe4af97e7d1b31c940891b75fba62ec2d0048557bc3f2a3b7ae3924059a00\2026-08-20 17-51-12.mp4
2026-08-20 18:13:02,907 [DEBUG] stdout: '1920,1080,60/1,128.716667\n'  stderr: ''
2026-08-20 18:13:02,907 [INFO]   -> 1920x1080 @ 60.000fps  128.72s
2026-08-20 18:13:02,907 [INFO] ffmpeg: F:\Githubrepostotest\Dragon Diffusion Video Prep\venv\Lib\site-packages\static_ffmpeg\bin\win32\ffmpeg.EXE -y -ss 121.7 -to 126.7 -i C:\Users\Andrew Baines\AppData\Local\Temp\gradio\ffffe4af97e7d1b31c940891b75fba62ec2d0048557bc3f2a3b7ae3924059a00\2026-08-20 17-51-12.mp4 -vf scale=768:432,fps=25.0 -c:v libx264 -crf 18 -preset slow -c:a aac -b:a 192k F:\Githubrepostotest\Dragon Diffusion Video Prep\output\clip_2026-08-20 17-51-12_121s.mp4
2026-08-20 18:13:04,000 [INFO] ffmpeg OK.
2026-08-20 18:13:04,000 [INFO] Done.
Input:  1920x1080 @ 60.00fps
Output: 768x432 @ 25.00fps
Clip:   121.7s → 126.7s  (5.0s)
Saved:  F:\Githubrepostotest\Dragon Diffusion Video Prep\output\clip_2026-08-20 17-51-12_121s.mp4
2026-08-20 18:13:14,189 [INFO] Tab1 upload received: C:\Users\Andrew Baines\AppData\Local\Temp\gradio\c30aa59d902902e1c90727f96f75a000bf385d7610c6cce1e86568d801b7cc25\2026-08-20 17-54-02.mp4
2026-08-20 18:13:14,189 [INFO] Probing: C:\Users\Andrew Baines\AppData\Local\Temp\gradio\c30aa59d902902e1c90727f96f75a000bf385d7610c6cce1e86568d801b7cc25\2026-08-20 17-54-02.mp4
2026-08-20 18:13:14,194 [DEBUG] cmd: F:\Githubrepostotest\Dragon Diffusion Video Prep\venv\Lib\site-packages\static_ffmpeg\bin\win32\ffprobe.EXE -v error -select_streams v:0 -show_entries stream=width,height,r_frame_rate,duration -of csv=p=0 C:\Users\Andrew Baines\AppData\Local\Temp\gradio\c30aa59d902902e1c90727f96f75a000bf385d7610c6cce1e86568d801b7cc25\2026-08-20 17-54-02.mp4
2026-08-20 18:13:14,306 [DEBUG] stdout: '1920,1080,60/1,58.466667\n'  stderr: ''
2026-08-20 18:13:14,308 [INFO]   -> 1920x1080 @ 60.000fps  58.47s
2026-08-20 18:13:27,048 [INFO] Tab1 extract from: C:\Users\Andrew Baines\AppData\Local\Temp\gradio\c30aa59d902902e1c90727f96f75a000bf385d7610c6cce1e86568d801b7cc25\2026-08-20 17-54-02.mp4  start=0  length=5
2026-08-20 18:13:27,048 [INFO] Probing: C:\Users\Andrew Baines\AppData\Local\Temp\gradio\c30aa59d902902e1c90727f96f75a000bf385d7610c6cce1e86568d801b7cc25\2026-08-20 17-54-02.mp4
2026-08-20 18:13:27,048 [DEBUG] cmd: F:\Githubrepostotest\Dragon Diffusion Video Prep\venv\Lib\site-packages\static_ffmpeg\bin\win32\ffprobe.EXE -v error -select_streams v:0 -show_entries stream=width,height,r_frame_rate,duration -of csv=p=0 C:\Users\Andrew Baines\AppData\Local\Temp\gradio\c30aa59d902902e1c90727f96f75a000bf385d7610c6cce1e86568d801b7cc25\2026-08-20 17-54-02.mp4
2026-08-20 18:13:27,116 [DEBUG] stdout: '1920,1080,60/1,58.466667\n'  stderr: ''
2026-08-20 18:13:27,116 [INFO]   -> 1920x1080 @ 60.000fps  58.47s
2026-08-20 18:13:27,116 [INFO] ffmpeg: F:\Githubrepostotest\Dragon Diffusion Video Prep\venv\Lib\site-packages\static_ffmpeg\bin\win32\ffmpeg.EXE -y -ss 0.0 -to 5.0 -i C:\Users\Andrew Baines\AppData\Local\Temp\gradio\c30aa59d902902e1c90727f96f75a000bf385d7610c6cce1e86568d801b7cc25\2026-08-20 17-54-02.mp4 -vf scale=768:432,fps=25.0 -c:v libx264 -crf 18 -preset slow -c:a aac -b:a 192k F:\Githubrepostotest\Dragon Diffusion Video Prep\output\clip_2026-08-20 17-54-02_0s.mp4
2026-08-20 18:13:28,030 [INFO] ffmpeg OK.
2026-08-20 18:13:28,030 [INFO] Done.
Input:  1920x1080 @ 60.00fps
Output: 768x432 @ 25.00fps
Clip:   0.0s → 5.0s  (5.0s)
Saved:  F:\Githubrepostotest\Dragon Diffusion Video Prep\output\clip_2026-08-20 17-54-02_0s.mp4
2026-08-20 18:13:33,452 [INFO] Tab1 extract from: C:\Users\Andrew Baines\AppData\Local\Temp\gradio\c30aa59d902902e1c90727f96f75a000bf385d7610c6cce1e86568d801b7cc25\2026-08-20 17-54-02.mp4  start=6.4  length=5
2026-08-20 18:13:33,452 [INFO] Probing: C:\Users\Andrew Baines\AppData\Local\Temp\gradio\c30aa59d902902e1c90727f96f75a000bf385d7610c6cce1e86568d801b7cc25\2026-08-20 17-54-02.mp4
2026-08-20 18:13:33,452 [DEBUG] cmd: F:\Githubrepostotest\Dragon Diffusion Video Prep\venv\Lib\site-packages\static_ffmpeg\bin\win32\ffprobe.EXE -v error -select_streams v:0 -show_entries stream=width,height,r_frame_rate,duration -of csv=p=0 C:\Users\Andrew Baines\AppData\Local\Temp\gradio\c30aa59d902902e1c90727f96f75a000bf385d7610c6cce1e86568d801b7cc25\2026-08-20 17-54-02.mp4
2026-08-20 18:13:33,515 [DEBUG] stdout: '1920,1080,60/1,58.466667\n'  stderr: ''
2026-08-20 18:13:33,515 [INFO]   -> 1920x1080 @ 60.000fps  58.47s
2026-08-20 18:13:33,515 [INFO] ffmpeg: F:\Githubrepostotest\Dragon Diffusion Video Prep\venv\Lib\site-packages\static_ffmpeg\bin\win32\ffmpeg.EXE -y -ss 6.4 -to 11.4 -i C:\Users\Andrew Baines\AppData\Local\Temp\gradio\c30aa59d902902e1c90727f96f75a000bf385d7610c6cce1e86568d801b7cc25\2026-08-20 17-54-02.mp4 -vf scale=768:432,fps=25.0 -c:v libx264 -crf 18 -preset slow -c:a aac -b:a 192k F:\Githubrepostotest\Dragon Diffusion Video Prep\output\clip_2026-08-20 17-54-02_6s.mp4
2026-08-20 18:13:34,489 [INFO] ffmpeg OK.
2026-08-20 18:13:34,489 [INFO] Done.
Input:  1920x1080 @ 60.00fps
Output: 768x432 @ 25.00fps
Clip:   6.4s → 11.4s  (5.0s)
Saved:  F:\Githubrepostotest\Dragon Diffusion Video Prep\output\clip_2026-08-20 17-54-02_6s.mp4
2026-08-20 18:13:41,055 [INFO] Tab1 extract from: C:\Users\Andrew Baines\AppData\Local\Temp\gradio\c30aa59d902902e1c90727f96f75a000bf385d7610c6cce1e86568d801b7cc25\2026-08-20 17-54-02.mp4  start=11.2  length=5
2026-08-20 18:13:41,055 [INFO] Probing: C:\Users\Andrew Baines\AppData\Local\Temp\gradio\c30aa59d902902e1c90727f96f75a000bf385d7610c6cce1e86568d801b7cc25\2026-08-20 17-54-02.mp4
2026-08-20 18:13:41,055 [DEBUG] cmd: F:\Githubrepostotest\Dragon Diffusion Video Prep\venv\Lib\site-packages\static_ffmpeg\bin\win32\ffprobe.EXE -v error -select_streams v:0 -show_entries stream=width,height,r_frame_rate,duration -of csv=p=0 C:\Users\Andrew Baines\AppData\Local\Temp\gradio\c30aa59d902902e1c90727f96f75a000bf385d7610c6cce1e86568d801b7cc25\2026-08-20 17-54-02.mp4
2026-08-20 18:13:41,116 [DEBUG] stdout: '1920,1080,60/1,58.466667\n'  stderr: ''
2026-08-20 18:13:41,116 [INFO]   -> 1920x1080 @ 60.000fps  58.47s
2026-08-20 18:13:41,116 [INFO] ffmpeg: F:\Githubrepostotest\Dragon Diffusion Video Prep\venv\Lib\site-packages\static_ffmpeg\bin\win32\ffmpeg.EXE -y -ss 11.2 -to 16.2 -i C:\Users\Andrew Baines\AppData\Local\Temp\gradio\c30aa59d902902e1c90727f96f75a000bf385d7610c6cce1e86568d801b7cc25\2026-08-20 17-54-02.mp4 -vf scale=768:432,fps=25.0 -c:v libx264 -crf 18 -preset slow -c:a aac -b:a 192k F:\Githubrepostotest\Dragon Diffusion Video Prep\output\clip_2026-08-20 17-54-02_11s.mp4
2026-08-20 18:13:42,053 [INFO] ffmpeg OK.
2026-08-20 18:13:42,053 [INFO] Done.
Input:  1920x1080 @ 60.00fps
Output: 768x432 @ 25.00fps
Clip:   11.2s → 16.2s  (5.0s)
Saved:  F:\Githubrepostotest\Dragon Diffusion Video Prep\output\clip_2026-08-20 17-54-02_11s.mp4
2026-08-20 18:13:49,889 [INFO] Tab1 extract from: C:\Users\Andrew Baines\AppData\Local\Temp\gradio\c30aa59d902902e1c90727f96f75a000bf385d7610c6cce1e86568d801b7cc25\2026-08-20 17-54-02.mp4  start=17.7  length=5
2026-08-20 18:13:49,889 [INFO] Probing: C:\Users\Andrew Baines\AppData\Local\Temp\gradio\c30aa59d902902e1c90727f96f75a000bf385d7610c6cce1e86568d801b7cc25\2026-08-20 17-54-02.mp4
2026-08-20 18:13:49,889 [DEBUG] cmd: F:\Githubrepostotest\Dragon Diffusion Video Prep\venv\Lib\site-packages\static_ffmpeg\bin\win32\ffprobe.EXE -v error -select_streams v:0 -show_entries stream=width,height,r_frame_rate,duration -of csv=p=0 C:\Users\Andrew Baines\AppData\Local\Temp\gradio\c30aa59d902902e1c90727f96f75a000bf385d7610c6cce1e86568d801b7cc25\2026-08-20 17-54-02.mp4
2026-08-20 18:13:49,953 [DEBUG] stdout: '1920,1080,60/1,58.466667\n'  stderr: ''
2026-08-20 18:13:49,953 [INFO]   -> 1920x1080 @ 60.000fps  58.47s
2026-08-20 18:13:49,953 [INFO] ffmpeg: F:\Githubrepostotest\Dragon Diffusion Video Prep\venv\Lib\site-packages\static_ffmpeg\bin\win32\ffmpeg.EXE -y -ss 17.7 -to 22.7 -i C:\Users\Andrew Baines\AppData\Local\Temp\gradio\c30aa59d902902e1c90727f96f75a000bf385d7610c6cce1e86568d801b7cc25\2026-08-20 17-54-02.mp4 -vf scale=768:432,fps=25.0 -c:v libx264 -crf 18 -preset slow -c:a aac -b:a 192k F:\Githubrepostotest\Dragon Diffusion Video Prep\output\clip_2026-08-20 17-54-02_17s.mp4
2026-08-20 18:13:50,903 [INFO] ffmpeg OK.
2026-08-20 18:13:50,903 [INFO] Done.
Input:  1920x1080 @ 60.00fps
Output: 768x432 @ 25.00fps
Clip:   17.7s → 22.7s  (5.0s)
Saved:  F:\Githubrepostotest\Dragon Diffusion Video Prep\output\clip_2026-08-20 17-54-02_17s.mp4
2026-08-20 18:13:54,309 [INFO] Tab1 extract from: C:\Users\Andrew Baines\AppData\Local\Temp\gradio\c30aa59d902902e1c90727f96f75a000bf385d7610c6cce1e86568d801b7cc25\2026-08-20 17-54-02.mp4  start=21.6  length=5
2026-08-20 18:13:54,309 [INFO] Probing: C:\Users\Andrew Baines\AppData\Local\Temp\gradio\c30aa59d902902e1c90727f96f75a000bf385d7610c6cce1e86568d801b7cc25\2026-08-20 17-54-02.mp4
2026-08-20 18:13:54,309 [DEBUG] cmd: F:\Githubrepostotest\Dragon Diffusion Video Prep\venv\Lib\site-packages\static_ffmpeg\bin\win32\ffprobe.EXE -v error -select_streams v:0 -show_entries stream=width,height,r_frame_rate,duration -of csv=p=0 C:\Users\Andrew Baines\AppData\Local\Temp\gradio\c30aa59d902902e1c90727f96f75a000bf385d7610c6cce1e86568d801b7cc25\2026-08-20 17-54-02.mp4
2026-08-20 18:13:54,376 [DEBUG] stdout: '1920,1080,60/1,58.466667\n'  stderr: ''
2026-08-20 18:13:54,376 [INFO]   -> 1920x1080 @ 60.000fps  58.47s
2026-08-20 18:13:54,376 [INFO] ffmpeg: F:\Githubrepostotest\Dragon Diffusion Video Prep\venv\Lib\site-packages\static_ffmpeg\bin\win32\ffmpeg.EXE -y -ss 21.6 -to 26.6 -i C:\Users\Andrew Baines\AppData\Local\Temp\gradio\c30aa59d902902e1c90727f96f75a000bf385d7610c6cce1e86568d801b7cc25\2026-08-20 17-54-02.mp4 -vf scale=768:432,fps=25.0 -c:v libx264 -crf 18 -preset slow -c:a aac -b:a 192k F:\Githubrepostotest\Dragon Diffusion Video Prep\output\clip_2026-08-20 17-54-02_21s.mp4
2026-08-20 18:13:55,352 [INFO] ffmpeg OK.
2026-08-20 18:13:55,352 [INFO] Done.
Input:  1920x1080 @ 60.00fps
Output: 768x432 @ 25.00fps
Clip:   21.6s → 26.6s  (5.0s)
Saved:  F:\Githubrepostotest\Dragon Diffusion Video Prep\output\clip_2026-08-20 17-54-02_21s.mp4
2026-08-20 18:14:01,471 [INFO] Tab1 extract from: C:\Users\Andrew Baines\AppData\Local\Temp\gradio\c30aa59d902902e1c90727f96f75a000bf385d7610c6cce1e86568d801b7cc25\2026-08-20 17-54-02.mp4  start=29  length=5
2026-08-20 18:14:01,471 [INFO] Probing: C:\Users\Andrew Baines\AppData\Local\Temp\gradio\c30aa59d902902e1c90727f96f75a000bf385d7610c6cce1e86568d801b7cc25\2026-08-20 17-54-02.mp4
2026-08-20 18:14:01,473 [DEBUG] cmd: F:\Githubrepostotest\Dragon Diffusion Video Prep\venv\Lib\site-packages\static_ffmpeg\bin\win32\ffprobe.EXE -v error -select_streams v:0 -show_entries stream=width,height,r_frame_rate,duration -of csv=p=0 C:\Users\Andrew Baines\AppData\Local\Temp\gradio\c30aa59d902902e1c90727f96f75a000bf385d7610c6cce1e86568d801b7cc25\2026-08-20 17-54-02.mp4
2026-08-20 18:14:01,534 [DEBUG] stdout: '1920,1080,60/1,58.466667\n'  stderr: ''
2026-08-20 18:14:01,534 [INFO]   -> 1920x1080 @ 60.000fps  58.47s
2026-08-20 18:14:01,534 [INFO] ffmpeg: F:\Githubrepostotest\Dragon Diffusion Video Prep\venv\Lib\site-packages\static_ffmpeg\bin\win32\ffmpeg.EXE -y -ss 29.0 -to 34.0 -i C:\Users\Andrew Baines\AppData\Local\Temp\gradio\c30aa59d902902e1c90727f96f75a000bf385d7610c6cce1e86568d801b7cc25\2026-08-20 17-54-02.mp4 -vf scale=768:432,fps=25.0 -c:v libx264 -crf 18 -preset slow -c:a aac -b:a 192k F:\Githubrepostotest\Dragon Diffusion Video Prep\output\clip_2026-08-20 17-54-02_29s.mp4
2026-08-20 18:14:02,610 [INFO] ffmpeg OK.
2026-08-20 18:14:02,610 [INFO] Done.
Input:  1920x1080 @ 60.00fps
Output: 768x432 @ 25.00fps
Clip:   29.0s → 34.0s  (5.0s)
Saved:  F:\Githubrepostotest\Dragon Diffusion Video Prep\output\clip_2026-08-20 17-54-02_29s.mp4
2026-08-20 18:14:07,468 [INFO] Tab1 extract from: C:\Users\Andrew Baines\AppData\Local\Temp\gradio\c30aa59d902902e1c90727f96f75a000bf385d7610c6cce1e86568d801b7cc25\2026-08-20 17-54-02.mp4  start=35.7  length=5
2026-08-20 18:14:07,472 [INFO] Probing: C:\Users\Andrew Baines\AppData\Local\Temp\gradio\c30aa59d902902e1c90727f96f75a000bf385d7610c6cce1e86568d801b7cc25\2026-08-20 17-54-02.mp4
2026-08-20 18:14:07,473 [DEBUG] cmd: F:\Githubrepostotest\Dragon Diffusion Video Prep\venv\Lib\site-packages\static_ffmpeg\bin\win32\ffprobe.EXE -v error -select_streams v:0 -show_entries stream=width,height,r_frame_rate,duration -of csv=p=0 C:\Users\Andrew Baines\AppData\Local\Temp\gradio\c30aa59d902902e1c90727f96f75a000bf385d7610c6cce1e86568d801b7cc25\2026-08-20 17-54-02.mp4
2026-08-20 18:14:07,534 [DEBUG] stdout: '1920,1080,60/1,58.466667\n'  stderr: ''
2026-08-20 18:14:07,534 [INFO]   -> 1920x1080 @ 60.000fps  58.47s
2026-08-20 18:14:07,534 [INFO] ffmpeg: F:\Githubrepostotest\Dragon Diffusion Video Prep\venv\Lib\site-packages\static_ffmpeg\bin\win32\ffmpeg.EXE -y -ss 35.7 -to 40.7 -i C:\Users\Andrew Baines\AppData\Local\Temp\gradio\c30aa59d902902e1c90727f96f75a000bf385d7610c6cce1e86568d801b7cc25\2026-08-20 17-54-02.mp4 -vf scale=768:432,fps=25.0 -c:v libx264 -crf 18 -preset slow -c:a aac -b:a 192k F:\Githubrepostotest\Dragon Diffusion Video Prep\output\clip_2026-08-20 17-54-02_35s.mp4
2026-08-20 18:14:08,554 [INFO] ffmpeg OK.
2026-08-20 18:14:08,554 [INFO] Done.
Input:  1920x1080 @ 60.00fps
Output: 768x432 @ 25.00fps
Clip:   35.7s → 40.7s  (5.0s)
Saved:  F:\Githubrepostotest\Dragon Diffusion Video Prep\output\clip_2026-08-20 17-54-02_35s.mp4
2026-08-20 18:14:12,808 [INFO] Tab1 extract from: C:\Users\Andrew Baines\AppData\Local\Temp\gradio\c30aa59d902902e1c90727f96f75a000bf385d7610c6cce1e86568d801b7cc25\2026-08-20 17-54-02.mp4  start=42.5  length=5
2026-08-20 18:14:12,808 [INFO] Probing: C:\Users\Andrew Baines\AppData\Local\Temp\gradio\c30aa59d902902e1c90727f96f75a000bf385d7610c6cce1e86568d801b7cc25\2026-08-20 17-54-02.mp4
2026-08-20 18:14:12,812 [DEBUG] cmd: F:\Githubrepostotest\Dragon Diffusion Video Prep\venv\Lib\site-packages\static_ffmpeg\bin\win32\ffprobe.EXE -v error -select_streams v:0 -show_entries stream=width,height,r_frame_rate,duration -of csv=p=0 C:\Users\Andrew Baines\AppData\Local\Temp\gradio\c30aa59d902902e1c90727f96f75a000bf385d7610c6cce1e86568d801b7cc25\2026-08-20 17-54-02.mp4
2026-08-20 18:14:12,872 [DEBUG] stdout: '1920,1080,60/1,58.466667\n'  stderr: ''
2026-08-20 18:14:12,872 [INFO]   -> 1920x1080 @ 60.000fps  58.47s
2026-08-20 18:14:12,872 [INFO] ffmpeg: F:\Githubrepostotest\Dragon Diffusion Video Prep\venv\Lib\site-packages\static_ffmpeg\bin\win32\ffmpeg.EXE -y -ss 42.5 -to 47.5 -i C:\Users\Andrew Baines\AppData\Local\Temp\gradio\c30aa59d902902e1c90727f96f75a000bf385d7610c6cce1e86568d801b7cc25\2026-08-20 17-54-02.mp4 -vf scale=768:432,fps=25.0 -c:v libx264 -crf 18 -preset slow -c:a aac -b:a 192k F:\Githubrepostotest\Dragon Diffusion Video Prep\output\clip_2026-08-20 17-54-02_42s.mp4
2026-08-20 18:14:13,830 [INFO] ffmpeg OK.
2026-08-20 18:14:13,830 [INFO] Done.
Input:  1920x1080 @ 60.00fps
Output: 768x432 @ 25.00fps
Clip:   42.5s → 47.5s  (5.0s)
Saved:  F:\Githubrepostotest\Dragon Diffusion Video Prep\output\clip_2026-08-20 17-54-02_42s.mp4
2026-08-20 18:14:17,523 [INFO] Tab1 extract from: C:\Users\Andrew Baines\AppData\Local\Temp\gradio\c30aa59d902902e1c90727f96f75a000bf385d7610c6cce1e86568d801b7cc25\2026-08-20 17-54-02.mp4  start=47.9  length=5
2026-08-20 18:14:17,523 [INFO] Probing: C:\Users\Andrew Baines\AppData\Local\Temp\gradio\c30aa59d902902e1c90727f96f75a000bf385d7610c6cce1e86568d801b7cc25\2026-08-20 17-54-02.mp4
2026-08-20 18:14:17,524 [DEBUG] cmd: F:\Githubrepostotest\Dragon Diffusion Video Prep\venv\Lib\site-packages\static_ffmpeg\bin\win32\ffprobe.EXE -v error -select_streams v:0 -show_entries stream=width,height,r_frame_rate,duration -of csv=p=0 C:\Users\Andrew Baines\AppData\Local\Temp\gradio\c30aa59d902902e1c90727f96f75a000bf385d7610c6cce1e86568d801b7cc25\2026-08-20 17-54-02.mp4
2026-08-20 18:14:17,584 [DEBUG] stdout: '1920,1080,60/1,58.466667\n'  stderr: ''
2026-08-20 18:14:17,584 [INFO]   -> 1920x1080 @ 60.000fps  58.47s
2026-08-20 18:14:17,584 [INFO] ffmpeg: F:\Githubrepostotest\Dragon Diffusion Video Prep\venv\Lib\site-packages\static_ffmpeg\bin\win32\ffmpeg.EXE -y -ss 47.9 -to 52.9 -i C:\Users\Andrew Baines\AppData\Local\Temp\gradio\c30aa59d902902e1c90727f96f75a000bf385d7610c6cce1e86568d801b7cc25\2026-08-20 17-54-02.mp4 -vf scale=768:432,fps=25.0 -c:v libx264 -crf 18 -preset slow -c:a aac -b:a 192k F:\Githubrepostotest\Dragon Diffusion Video Prep\output\clip_2026-08-20 17-54-02_47s.mp4
2026-08-20 18:14:18,634 [INFO] ffmpeg OK.
2026-08-20 18:14:18,634 [INFO] Done.
Input:  1920x1080 @ 60.00fps
Output: 768x432 @ 25.00fps
Clip:   47.9s → 52.9s  (5.0s)
Saved:  F:\Githubrepostotest\Dragon Diffusion Video Prep\output\clip_2026-08-20 17-54-02_47s.mp4
2026-08-20 18:14:20,526 [INFO] Tab1 extract from: C:\Users\Andrew Baines\AppData\Local\Temp\gradio\c30aa59d902902e1c90727f96f75a000bf385d7610c6cce1e86568d801b7cc25\2026-08-20 17-54-02.mp4  start=53.3  length=5
2026-08-20 18:14:20,526 [INFO] Probing: C:\Users\Andrew Baines\AppData\Local\Temp\gradio\c30aa59d902902e1c90727f96f75a000bf385d7610c6cce1e86568d801b7cc25\2026-08-20 17-54-02.mp4
2026-08-20 18:14:20,526 [DEBUG] cmd: F:\Githubrepostotest\Dragon Diffusion Video Prep\venv\Lib\site-packages\static_ffmpeg\bin\win32\ffprobe.EXE -v error -select_streams v:0 -show_entries stream=width,height,r_frame_rate,duration -of csv=p=0 C:\Users\Andrew Baines\AppData\Local\Temp\gradio\c30aa59d902902e1c90727f96f75a000bf385d7610c6cce1e86568d801b7cc25\2026-08-20 17-54-02.mp4
2026-08-20 18:14:20,595 [DEBUG] stdout: '1920,1080,60/1,58.466667\n'  stderr: ''
2026-08-20 18:14:20,595 [INFO]   -> 1920x1080 @ 60.000fps  58.47s
2026-08-20 18:14:20,595 [INFO] ffmpeg: F:\Githubrepostotest\Dragon Diffusion Video Prep\venv\Lib\site-packages\static_ffmpeg\bin\win32\ffmpeg.EXE -y -ss 53.3 -to 58.3 -i C:\Users\Andrew Baines\AppData\Local\Temp\gradio\c30aa59d902902e1c90727f96f75a000bf385d7610c6cce1e86568d801b7cc25\2026-08-20 17-54-02.mp4 -vf scale=768:432,fps=25.0 -c:v libx264 -crf 18 -preset slow -c:a aac -b:a 192k F:\Githubrepostotest\Dragon Diffusion Video Prep\output\clip_2026-08-20 17-54-02_53s.mp4
2026-08-20 18:14:21,640 [INFO] ffmpeg OK.
2026-08-20 18:14:21,640 [INFO] Done.
Input:  1920x1080 @ 60.00fps
Output: 768x432 @ 25.00fps
Clip:   53.3s → 58.3s  (5.0s)
Saved:  F:\Githubrepostotest\Dragon Diffusion Video Prep\output\clip_2026-08-20 17-54-02_53s.mp4
2026-08-20 18:14:30,363 [INFO] Tab1 upload received: C:\Users\Andrew Baines\AppData\Local\Temp\gradio\473be02bd36ddef420fd01e82ac9495b4bc4c96589b419fbca69bb1530d1a4d8\2026-08-20 17-56-57.mp4
2026-08-20 18:14:30,363 [INFO] Probing: C:\Users\Andrew Baines\AppData\Local\Temp\gradio\473be02bd36ddef420fd01e82ac9495b4bc4c96589b419fbca69bb1530d1a4d8\2026-08-20 17-56-57.mp4
2026-08-20 18:14:30,363 [DEBUG] cmd: F:\Githubrepostotest\Dragon Diffusion Video Prep\venv\Lib\site-packages\static_ffmpeg\bin\win32\ffprobe.EXE -v error -select_streams v:0 -show_entries stream=width,height,r_frame_rate,duration -of csv=p=0 C:\Users\Andrew Baines\AppData\Local\Temp\gradio\473be02bd36ddef420fd01e82ac9495b4bc4c96589b419fbca69bb1530d1a4d8\2026-08-20 17-56-57.mp4
2026-08-20 18:14:30,519 [DEBUG] stdout: '1920,1080,60/1,52.200000\n'  stderr: ''
2026-08-20 18:14:30,519 [INFO]   -> 1920x1080 @ 60.000fps  52.20s
2026-08-20 18:14:39,330 [INFO] Tab1 extract from: C:\Users\Andrew Baines\AppData\Local\Temp\gradio\473be02bd36ddef420fd01e82ac9495b4bc4c96589b419fbca69bb1530d1a4d8\2026-08-20 17-56-57.mp4  start=0  length=5
2026-08-20 18:14:39,334 [INFO] Probing: C:\Users\Andrew Baines\AppData\Local\Temp\gradio\473be02bd36ddef420fd01e82ac9495b4bc4c96589b419fbca69bb1530d1a4d8\2026-08-20 17-56-57.mp4
2026-08-20 18:14:39,334 [DEBUG] cmd: F:\Githubrepostotest\Dragon Diffusion Video Prep\venv\Lib\site-packages\static_ffmpeg\bin\win32\ffprobe.EXE -v error -select_streams v:0 -show_entries stream=width,height,r_frame_rate,duration -of csv=p=0 C:\Users\Andrew Baines\AppData\Local\Temp\gradio\473be02bd36ddef420fd01e82ac9495b4bc4c96589b419fbca69bb1530d1a4d8\2026-08-20 17-56-57.mp4
2026-08-20 18:14:39,428 [DEBUG] stdout: '1920,1080,60/1,52.200000\n'  stderr: ''
2026-08-20 18:14:39,428 [INFO]   -> 1920x1080 @ 60.000fps  52.20s
2026-08-20 18:14:39,428 [INFO] ffmpeg: F:\Githubrepostotest\Dragon Diffusion Video Prep\venv\Lib\site-packages\static_ffmpeg\bin\win32\ffmpeg.EXE -y -ss 0.0 -to 5.0 -i C:\Users\Andrew Baines\AppData\Local\Temp\gradio\473be02bd36ddef420fd01e82ac9495b4bc4c96589b419fbca69bb1530d1a4d8\2026-08-20 17-56-57.mp4 -vf scale=768:432,fps=25.0 -c:v libx264 -crf 18 -preset slow -c:a aac -b:a 192k F:\Githubrepostotest\Dragon Diffusion Video Prep\output\clip_2026-08-20 17-56-57_0s.mp4
2026-08-20 18:14:40,657 [INFO] ffmpeg OK.
2026-08-20 18:14:40,657 [INFO] Done.
Input:  1920x1080 @ 60.00fps
Output: 768x432 @ 25.00fps
Clip:   0.0s → 5.0s  (5.0s)
Saved:  F:\Githubrepostotest\Dragon Diffusion Video Prep\output\clip_2026-08-20 17-56-57_0s.mp4
2026-08-20 18:14:47,934 [INFO] Tab1 extract from: C:\Users\Andrew Baines\AppData\Local\Temp\gradio\473be02bd36ddef420fd01e82ac9495b4bc4c96589b419fbca69bb1530d1a4d8\2026-08-20 17-56-57.mp4  start=6.6  length=5
2026-08-20 18:14:47,934 [INFO] Probing: C:\Users\Andrew Baines\AppData\Local\Temp\gradio\473be02bd36ddef420fd01e82ac9495b4bc4c96589b419fbca69bb1530d1a4d8\2026-08-20 17-56-57.mp4
2026-08-20 18:14:47,934 [DEBUG] cmd: F:\Githubrepostotest\Dragon Diffusion Video Prep\venv\Lib\site-packages\static_ffmpeg\bin\win32\ffprobe.EXE -v error -select_streams v:0 -show_entries stream=width,height,r_frame_rate,duration -of csv=p=0 C:\Users\Andrew Baines\AppData\Local\Temp\gradio\473be02bd36ddef420fd01e82ac9495b4bc4c96589b419fbca69bb1530d1a4d8\2026-08-20 17-56-57.mp4
2026-08-20 18:14:48,031 [DEBUG] stdout: '1920,1080,60/1,52.200000\n'  stderr: ''
2026-08-20 18:14:48,031 [INFO]   -> 1920x1080 @ 60.000fps  52.20s
2026-08-20 18:14:48,031 [INFO] ffmpeg: F:\Githubrepostotest\Dragon Diffusion Video Prep\venv\Lib\site-packages\static_ffmpeg\bin\win32\ffmpeg.EXE -y -ss 6.6 -to 11.6 -i C:\Users\Andrew Baines\AppData\Local\Temp\gradio\473be02bd36ddef420fd01e82ac9495b4bc4c96589b419fbca69bb1530d1a4d8\2026-08-20 17-56-57.mp4 -vf scale=768:432,fps=25.0 -c:v libx264 -crf 18 -preset slow -c:a aac -b:a 192k F:\Githubrepostotest\Dragon Diffusion Video Prep\output\clip_2026-08-20 17-56-57_6s.mp4
2026-08-20 18:14:49,273 [INFO] ffmpeg OK.
2026-08-20 18:14:49,273 [INFO] Done.
Input:  1920x1080 @ 60.00fps
Output: 768x432 @ 25.00fps
Clip:   6.6s → 11.6s  (5.0s)
Saved:  F:\Githubrepostotest\Dragon Diffusion Video Prep\output\clip_2026-08-20 17-56-57_6s.mp4
2026-08-20 18:14:52,801 [INFO] Tab1 extract from: C:\Users\Andrew Baines\AppData\Local\Temp\gradio\473be02bd36ddef420fd01e82ac9495b4bc4c96589b419fbca69bb1530d1a4d8\2026-08-20 17-56-57.mp4  start=16.5  length=5
2026-08-20 18:14:52,801 [INFO] Probing: C:\Users\Andrew Baines\AppData\Local\Temp\gradio\473be02bd36ddef420fd01e82ac9495b4bc4c96589b419fbca69bb1530d1a4d8\2026-08-20 17-56-57.mp4
2026-08-20 18:14:52,801 [DEBUG] cmd: F:\Githubrepostotest\Dragon Diffusion Video Prep\venv\Lib\site-packages\static_ffmpeg\bin\win32\ffprobe.EXE -v error -select_streams v:0 -show_entries stream=width,height,r_frame_rate,duration -of csv=p=0 C:\Users\Andrew Baines\AppData\Local\Temp\gradio\473be02bd36ddef420fd01e82ac9495b4bc4c96589b419fbca69bb1530d1a4d8\2026-08-20 17-56-57.mp4
2026-08-20 18:14:52,894 [DEBUG] stdout: '1920,1080,60/1,52.200000\n'  stderr: ''
2026-08-20 18:14:52,894 [INFO]   -> 1920x1080 @ 60.000fps  52.20s
2026-08-20 18:14:52,894 [INFO] ffmpeg: F:\Githubrepostotest\Dragon Diffusion Video Prep\venv\Lib\site-packages\static_ffmpeg\bin\win32\ffmpeg.EXE -y -ss 16.5 -to 21.5 -i C:\Users\Andrew Baines\AppData\Local\Temp\gradio\473be02bd36ddef420fd01e82ac9495b4bc4c96589b419fbca69bb1530d1a4d8\2026-08-20 17-56-57.mp4 -vf scale=768:432,fps=25.0 -c:v libx264 -crf 18 -preset slow -c:a aac -b:a 192k F:\Githubrepostotest\Dragon Diffusion Video Prep\output\clip_2026-08-20 17-56-57_16s.mp4
2026-08-20 18:14:53,918 [INFO] ffmpeg OK.
2026-08-20 18:14:53,918 [INFO] Done.
Input:  1920x1080 @ 60.00fps
Output: 768x432 @ 25.00fps
Clip:   16.5s → 21.5s  (5.0s)
Saved:  F:\Githubrepostotest\Dragon Diffusion Video Prep\output\clip_2026-08-20 17-56-57_16s.mp4
2026-08-20 18:14:55,893 [INFO] Tab1 extract from: C:\Users\Andrew Baines\AppData\Local\Temp\gradio\473be02bd36ddef420fd01e82ac9495b4bc4c96589b419fbca69bb1530d1a4d8\2026-08-20 17-56-57.mp4  start=24  length=5
2026-08-20 18:14:55,893 [INFO] Probing: C:\Users\Andrew Baines\AppData\Local\Temp\gradio\473be02bd36ddef420fd01e82ac9495b4bc4c96589b419fbca69bb1530d1a4d8\2026-08-20 17-56-57.mp4
2026-08-20 18:14:55,893 [DEBUG] cmd: F:\Githubrepostotest\Dragon Diffusion Video Prep\venv\Lib\site-packages\static_ffmpeg\bin\win32\ffprobe.EXE -v error -select_streams v:0 -show_entries stream=width,height,r_frame_rate,duration -of csv=p=0 C:\Users\Andrew Baines\AppData\Local\Temp\gradio\473be02bd36ddef420fd01e82ac9495b4bc4c96589b419fbca69bb1530d1a4d8\2026-08-20 17-56-57.mp4
2026-08-20 18:14:55,976 [DEBUG] stdout: '1920,1080,60/1,52.200000\n'  stderr: ''
2026-08-20 18:14:55,976 [INFO]   -> 1920x1080 @ 60.000fps  52.20s
2026-08-20 18:14:55,976 [INFO] ffmpeg: F:\Githubrepostotest\Dragon Diffusion Video Prep\venv\Lib\site-packages\static_ffmpeg\bin\win32\ffmpeg.EXE -y -ss 24.0 -to 29.0 -i C:\Users\Andrew Baines\AppData\Local\Temp\gradio\473be02bd36ddef420fd01e82ac9495b4bc4c96589b419fbca69bb1530d1a4d8\2026-08-20 17-56-57.mp4 -vf scale=768:432,fps=25.0 -c:v libx264 -crf 18 -preset slow -c:a aac -b:a 192k F:\Githubrepostotest\Dragon Diffusion Video Prep\output\clip_2026-08-20 17-56-57_24s.mp4
2026-08-20 18:14:57,001 [INFO] ffmpeg OK.
2026-08-20 18:14:57,001 [INFO] Done.
Input:  1920x1080 @ 60.00fps
Output: 768x432 @ 25.00fps
Clip:   24.0s → 29.0s  (5.0s)
Saved:  F:\Githubrepostotest\Dragon Diffusion Video Prep\output\clip_2026-08-20 17-56-57_24s.mp4
2026-08-20 18:15:00,723 [INFO] Tab1 extract from: C:\Users\Andrew Baines\AppData\Local\Temp\gradio\473be02bd36ddef420fd01e82ac9495b4bc4c96589b419fbca69bb1530d1a4d8\2026-08-20 17-56-57.mp4  start=32.7  length=5
2026-08-20 18:15:00,723 [INFO] Probing: C:\Users\Andrew Baines\AppData\Local\Temp\gradio\473be02bd36ddef420fd01e82ac9495b4bc4c96589b419fbca69bb1530d1a4d8\2026-08-20 17-56-57.mp4
2026-08-20 18:15:00,729 [DEBUG] cmd: F:\Githubrepostotest\Dragon Diffusion Video Prep\venv\Lib\site-packages\static_ffmpeg\bin\win32\ffprobe.EXE -v error -select_streams v:0 -show_entries stream=width,height,r_frame_rate,duration -of csv=p=0 C:\Users\Andrew Baines\AppData\Local\Temp\gradio\473be02bd36ddef420fd01e82ac9495b4bc4c96589b419fbca69bb1530d1a4d8\2026-08-20 17-56-57.mp4
2026-08-20 18:15:00,822 [DEBUG] stdout: '1920,1080,60/1,52.200000\n'  stderr: ''
2026-08-20 18:15:00,822 [INFO]   -> 1920x1080 @ 60.000fps  52.20s
2026-08-20 18:15:00,822 [INFO] ffmpeg: F:\Githubrepostotest\Dragon Diffusion Video Prep\venv\Lib\site-packages\static_ffmpeg\bin\win32\ffmpeg.EXE -y -ss 32.7 -to 37.7 -i C:\Users\Andrew Baines\AppData\Local\Temp\gradio\473be02bd36ddef420fd01e82ac9495b4bc4c96589b419fbca69bb1530d1a4d8\2026-08-20 17-56-57.mp4 -vf scale=768:432,fps=25.0 -c:v libx264 -crf 18 -preset slow -c:a aac -b:a 192k F:\Githubrepostotest\Dragon Diffusion Video Prep\output\clip_2026-08-20 17-56-57_32s.mp4
2026-08-20 18:15:02,016 [INFO] ffmpeg OK.
2026-08-20 18:15:02,016 [INFO] Done.
Input:  1920x1080 @ 60.00fps
Output: 768x432 @ 25.00fps
Clip:   32.7s → 37.7s  (5.0s)
Saved:  F:\Githubrepostotest\Dragon Diffusion Video Prep\output\clip_2026-08-20 17-56-57_32s.mp4
2026-08-20 18:15:04,448 [INFO] Tab1 extract from: C:\Users\Andrew Baines\AppData\Local\Temp\gradio\473be02bd36ddef420fd01e82ac9495b4bc4c96589b419fbca69bb1530d1a4d8\2026-08-20 17-56-57.mp4  start=39.7  length=5
2026-08-20 18:15:04,448 [INFO] Probing: C:\Users\Andrew Baines\AppData\Local\Temp\gradio\473be02bd36ddef420fd01e82ac9495b4bc4c96589b419fbca69bb1530d1a4d8\2026-08-20 17-56-57.mp4
2026-08-20 18:15:04,448 [DEBUG] cmd: F:\Githubrepostotest\Dragon Diffusion Video Prep\venv\Lib\site-packages\static_ffmpeg\bin\win32\ffprobe.EXE -v error -select_streams v:0 -show_entries stream=width,height,r_frame_rate,duration -of csv=p=0 C:\Users\Andrew Baines\AppData\Local\Temp\gradio\473be02bd36ddef420fd01e82ac9495b4bc4c96589b419fbca69bb1530d1a4d8\2026-08-20 17-56-57.mp4
2026-08-20 18:15:04,543 [DEBUG] stdout: '1920,1080,60/1,52.200000\n'  stderr: ''
2026-08-20 18:15:04,543 [INFO]   -> 1920x1080 @ 60.000fps  52.20s
2026-08-20 18:15:04,543 [INFO] ffmpeg: F:\Githubrepostotest\Dragon Diffusion Video Prep\venv\Lib\site-packages\static_ffmpeg\bin\win32\ffmpeg.EXE -y -ss 39.7 -to 44.7 -i C:\Users\Andrew Baines\AppData\Local\Temp\gradio\473be02bd36ddef420fd01e82ac9495b4bc4c96589b419fbca69bb1530d1a4d8\2026-08-20 17-56-57.mp4 -vf scale=768:432,fps=25.0 -c:v libx264 -crf 18 -preset slow -c:a aac -b:a 192k F:\Githubrepostotest\Dragon Diffusion Video Prep\output\clip_2026-08-20 17-56-57_39s.mp4
2026-08-20 18:15:05,797 [INFO] ffmpeg OK.
2026-08-20 18:15:05,797 [INFO] Done.
Input:  1920x1080 @ 60.00fps
Output: 768x432 @ 25.00fps
Clip:   39.7s → 44.7s  (5.0s)
Saved:  F:\Githubrepostotest\Dragon Diffusion Video Prep\output\clip_2026-08-20 17-56-57_39s.mp4
2026-08-20 18:15:10,625 [INFO] Tab1 extract from: C:\Users\Andrew Baines\AppData\Local\Temp\gradio\473be02bd36ddef420fd01e82ac9495b4bc4c96589b419fbca69bb1530d1a4d8\2026-08-20 17-56-57.mp4  start=46.2  length=5
2026-08-20 18:15:10,625 [INFO] Probing: C:\Users\Andrew Baines\AppData\Local\Temp\gradio\473be02bd36ddef420fd01e82ac9495b4bc4c96589b419fbca69bb1530d1a4d8\2026-08-20 17-56-57.mp4
2026-08-20 18:15:10,625 [DEBUG] cmd: F:\Githubrepostotest\Dragon Diffusion Video Prep\venv\Lib\site-packages\static_ffmpeg\bin\win32\ffprobe.EXE -v error -select_streams v:0 -show_entries stream=width,height,r_frame_rate,duration -of csv=p=0 C:\Users\Andrew Baines\AppData\Local\Temp\gradio\473be02bd36ddef420fd01e82ac9495b4bc4c96589b419fbca69bb1530d1a4d8\2026-08-20 17-56-57.mp4
2026-08-20 18:15:10,717 [DEBUG] stdout: '1920,1080,60/1,52.200000\n'  stderr: ''
2026-08-20 18:15:10,717 [INFO]   -> 1920x1080 @ 60.000fps  52.20s
2026-08-20 18:15:10,717 [INFO] ffmpeg: F:\Githubrepostotest\Dragon Diffusion Video Prep\venv\Lib\site-packages\static_ffmpeg\bin\win32\ffmpeg.EXE -y -ss 46.2 -to 51.2 -i C:\Users\Andrew Baines\AppData\Local\Temp\gradio\473be02bd36ddef420fd01e82ac9495b4bc4c96589b419fbca69bb1530d1a4d8\2026-08-20 17-56-57.mp4 -vf scale=768:432,fps=25.0 -c:v libx264 -crf 18 -preset slow -c:a aac -b:a 192k F:\Githubrepostotest\Dragon Diffusion Video Prep\output\clip_2026-08-20 17-56-57_46s.mp4
2026-08-20 18:15:11,740 [INFO] ffmpeg OK.
2026-08-20 18:15:11,740 [INFO] Done.
Input:  1920x1080 @ 60.00fps
Output: 768x432 @ 25.00fps
Clip:   46.2s → 51.2s  (5.0s)
Saved:  F:\Githubrepostotest\Dragon Diffusion Video Prep\output\clip_2026-08-20 17-56-57_46s.mp4
2026-08-20 18:15:17,747 [INFO] Tab1 upload received: C:\Users\Andrew Baines\AppData\Local\Temp\gradio\fc46afcfab6853b023db7aa2771a18e63efc3757d28d7f148a98244dfa529963\2026-08-20 18-00-49.mp4
2026-08-20 18:15:17,752 [INFO] Probing: C:\Users\Andrew Baines\AppData\Local\Temp\gradio\fc46afcfab6853b023db7aa2771a18e63efc3757d28d7f148a98244dfa529963\2026-08-20 18-00-49.mp4
2026-08-20 18:15:17,752 [DEBUG] cmd: F:\Githubrepostotest\Dragon Diffusion Video Prep\venv\Lib\site-packages\static_ffmpeg\bin\win32\ffprobe.EXE -v error -select_streams v:0 -show_entries stream=width,height,r_frame_rate,duration -of csv=p=0 C:\Users\Andrew Baines\AppData\Local\Temp\gradio\fc46afcfab6853b023db7aa2771a18e63efc3757d28d7f148a98244dfa529963\2026-08-20 18-00-49.mp4
2026-08-20 18:15:17,864 [DEBUG] stdout: '1920,1080,60/1,78.200000\n'  stderr: ''
2026-08-20 18:15:17,864 [INFO]   -> 1920x1080 @ 60.000fps  78.20s
2026-08-20 18:15:25,741 [INFO] Tab1 extract from: C:\Users\Andrew Baines\AppData\Local\Temp\gradio\fc46afcfab6853b023db7aa2771a18e63efc3757d28d7f148a98244dfa529963\2026-08-20 18-00-49.mp4  start=0  length=5
2026-08-20 18:15:25,741 [INFO] Probing: C:\Users\Andrew Baines\AppData\Local\Temp\gradio\fc46afcfab6853b023db7aa2771a18e63efc3757d28d7f148a98244dfa529963\2026-08-20 18-00-49.mp4
2026-08-20 18:15:25,741 [DEBUG] cmd: F:\Githubrepostotest\Dragon Diffusion Video Prep\venv\Lib\site-packages\static_ffmpeg\bin\win32\ffprobe.EXE -v error -select_streams v:0 -show_entries stream=width,height,r_frame_rate,duration -of csv=p=0 C:\Users\Andrew Baines\AppData\Local\Temp\gradio\fc46afcfab6853b023db7aa2771a18e63efc3757d28d7f148a98244dfa529963\2026-08-20 18-00-49.mp4
2026-08-20 18:15:25,817 [DEBUG] stdout: '1920,1080,60/1,78.200000\n'  stderr: ''
2026-08-20 18:15:25,817 [INFO]   -> 1920x1080 @ 60.000fps  78.20s
2026-08-20 18:15:25,817 [INFO] ffmpeg: F:\Githubrepostotest\Dragon Diffusion Video Prep\venv\Lib\site-packages\static_ffmpeg\bin\win32\ffmpeg.EXE -y -ss 0.0 -to 5.0 -i C:\Users\Andrew Baines\AppData\Local\Temp\gradio\fc46afcfab6853b023db7aa2771a18e63efc3757d28d7f148a98244dfa529963\2026-08-20 18-00-49.mp4 -vf scale=768:432,fps=25.0 -c:v libx264 -crf 18 -preset slow -c:a aac -b:a 192k F:\Githubrepostotest\Dragon Diffusion Video Prep\output\clip_2026-08-20 18-00-49_0s.mp4
2026-08-20 18:15:26,613 [INFO] ffmpeg OK.
2026-08-20 18:15:26,613 [INFO] Done.
Input:  1920x1080 @ 60.00fps
Output: 768x432 @ 25.00fps
Clip:   0.0s → 5.0s  (5.0s)
Saved:  F:\Githubrepostotest\Dragon Diffusion Video Prep\output\clip_2026-08-20 18-00-49_0s.mp4
2026-08-20 18:15:33,110 [INFO] Tab1 extract from: C:\Users\Andrew Baines\AppData\Local\Temp\gradio\fc46afcfab6853b023db7aa2771a18e63efc3757d28d7f148a98244dfa529963\2026-08-20 18-00-49.mp4  start=7.6  length=5
2026-08-20 18:15:33,113 [INFO] Probing: C:\Users\Andrew Baines\AppData\Local\Temp\gradio\fc46afcfab6853b023db7aa2771a18e63efc3757d28d7f148a98244dfa529963\2026-08-20 18-00-49.mp4
2026-08-20 18:15:33,113 [DEBUG] cmd: F:\Githubrepostotest\Dragon Diffusion Video Prep\venv\Lib\site-packages\static_ffmpeg\bin\win32\ffprobe.EXE -v error -select_streams v:0 -show_entries stream=width,height,r_frame_rate,duration -of csv=p=0 C:\Users\Andrew Baines\AppData\Local\Temp\gradio\fc46afcfab6853b023db7aa2771a18e63efc3757d28d7f148a98244dfa529963\2026-08-20 18-00-49.mp4
2026-08-20 18:15:33,178 [DEBUG] stdout: '1920,1080,60/1,78.200000\n'  stderr: ''
2026-08-20 18:15:33,178 [INFO]   -> 1920x1080 @ 60.000fps  78.20s
2026-08-20 18:15:33,178 [INFO] ffmpeg: F:\Githubrepostotest\Dragon Diffusion Video Prep\venv\Lib\site-packages\static_ffmpeg\bin\win32\ffmpeg.EXE -y -ss 7.6 -to 12.6 -i C:\Users\Andrew Baines\AppData\Local\Temp\gradio\fc46afcfab6853b023db7aa2771a18e63efc3757d28d7f148a98244dfa529963\2026-08-20 18-00-49.mp4 -vf scale=768:432,fps=25.0 -c:v libx264 -crf 18 -preset slow -c:a aac -b:a 192k F:\Githubrepostotest\Dragon Diffusion Video Prep\output\clip_2026-08-20 18-00-49_7s.mp4
2026-08-20 18:15:34,256 [INFO] ffmpeg OK.
2026-08-20 18:15:34,256 [INFO] Done.
Input:  1920x1080 @ 60.00fps
Output: 768x432 @ 25.00fps
Clip:   7.6s → 12.6s  (5.0s)
Saved:  F:\Githubrepostotest\Dragon Diffusion Video Prep\output\clip_2026-08-20 18-00-49_7s.mp4
2026-08-20 18:15:39,795 [INFO] Tab1 extract from: C:\Users\Andrew Baines\AppData\Local\Temp\gradio\fc46afcfab6853b023db7aa2771a18e63efc3757d28d7f148a98244dfa529963\2026-08-20 18-00-49.mp4  start=18.8  length=5
2026-08-20 18:15:39,795 [INFO] Probing: C:\Users\Andrew Baines\AppData\Local\Temp\gradio\fc46afcfab6853b023db7aa2771a18e63efc3757d28d7f148a98244dfa529963\2026-08-20 18-00-49.mp4
2026-08-20 18:15:39,798 [DEBUG] cmd: F:\Githubrepostotest\Dragon Diffusion Video Prep\venv\Lib\site-packages\static_ffmpeg\bin\win32\ffprobe.EXE -v error -select_streams v:0 -show_entries stream=width,height,r_frame_rate,duration -of csv=p=0 C:\Users\Andrew Baines\AppData\Local\Temp\gradio\fc46afcfab6853b023db7aa2771a18e63efc3757d28d7f148a98244dfa529963\2026-08-20 18-00-49.mp4
2026-08-20 18:15:39,864 [DEBUG] stdout: '1920,1080,60/1,78.200000\n'  stderr: ''
2026-08-20 18:15:39,864 [INFO]   -> 1920x1080 @ 60.000fps  78.20s
2026-08-20 18:15:39,864 [INFO] ffmpeg: F:\Githubrepostotest\Dragon Diffusion Video Prep\venv\Lib\site-packages\static_ffmpeg\bin\win32\ffmpeg.EXE -y -ss 18.8 -to 23.8 -i C:\Users\Andrew Baines\AppData\Local\Temp\gradio\fc46afcfab6853b023db7aa2771a18e63efc3757d28d7f148a98244dfa529963\2026-08-20 18-00-49.mp4 -vf scale=768:432,fps=25.0 -c:v libx264 -crf 18 -preset slow -c:a aac -b:a 192k F:\Githubrepostotest\Dragon Diffusion Video Prep\output\clip_2026-08-20 18-00-49_18s.mp4
2026-08-20 18:15:40,928 [INFO] ffmpeg OK.
2026-08-20 18:15:40,928 [INFO] Done.
Input:  1920x1080 @ 60.00fps
Output: 768x432 @ 25.00fps
Clip:   18.8s → 23.8s  (5.0s)
Saved:  F:\Githubrepostotest\Dragon Diffusion Video Prep\output\clip_2026-08-20 18-00-49_18s.mp4
2026-08-20 18:15:45,197 [INFO] Tab1 extract from: C:\Users\Andrew Baines\AppData\Local\Temp\gradio\fc46afcfab6853b023db7aa2771a18e63efc3757d28d7f148a98244dfa529963\2026-08-20 18-00-49.mp4  start=29.1  length=5
2026-08-20 18:15:45,197 [INFO] Probing: C:\Users\Andrew Baines\AppData\Local\Temp\gradio\fc46afcfab6853b023db7aa2771a18e63efc3757d28d7f148a98244dfa529963\2026-08-20 18-00-49.mp4
2026-08-20 18:15:45,197 [DEBUG] cmd: F:\Githubrepostotest\Dragon Diffusion Video Prep\venv\Lib\site-packages\static_ffmpeg\bin\win32\ffprobe.EXE -v error -select_streams v:0 -show_entries stream=width,height,r_frame_rate,duration -of csv=p=0 C:\Users\Andrew Baines\AppData\Local\Temp\gradio\fc46afcfab6853b023db7aa2771a18e63efc3757d28d7f148a98244dfa529963\2026-08-20 18-00-49.mp4
2026-08-20 18:15:45,264 [DEBUG] stdout: '1920,1080,60/1,78.200000\n'  stderr: ''
2026-08-20 18:15:45,269 [INFO]   -> 1920x1080 @ 60.000fps  78.20s
2026-08-20 18:15:45,269 [INFO] ffmpeg: F:\Githubrepostotest\Dragon Diffusion Video Prep\venv\Lib\site-packages\static_ffmpeg\bin\win32\ffmpeg.EXE -y -ss 29.1 -to 34.1 -i C:\Users\Andrew Baines\AppData\Local\Temp\gradio\fc46afcfab6853b023db7aa2771a18e63efc3757d28d7f148a98244dfa529963\2026-08-20 18-00-49.mp4 -vf scale=768:432,fps=25.0 -c:v libx264 -crf 18 -preset slow -c:a aac -b:a 192k F:\Githubrepostotest\Dragon Diffusion Video Prep\output\clip_2026-08-20 18-00-49_29s.mp4
2026-08-20 18:15:46,525 [INFO] ffmpeg OK.
2026-08-20 18:15:46,525 [INFO] Done.
Input:  1920x1080 @ 60.00fps
Output: 768x432 @ 25.00fps
Clip:   29.1s → 34.1s  (5.0s)
Saved:  F:\Githubrepostotest\Dragon Diffusion Video Prep\output\clip_2026-08-20 18-00-49_29s.mp4
2026-08-20 18:15:50,771 [INFO] Tab1 extract from: C:\Users\Andrew Baines\AppData\Local\Temp\gradio\fc46afcfab6853b023db7aa2771a18e63efc3757d28d7f148a98244dfa529963\2026-08-20 18-00-49.mp4  start=39.9  length=5
2026-08-20 18:15:50,771 [INFO] Probing: C:\Users\Andrew Baines\AppData\Local\Temp\gradio\fc46afcfab6853b023db7aa2771a18e63efc3757d28d7f148a98244dfa529963\2026-08-20 18-00-49.mp4
2026-08-20 18:15:50,771 [DEBUG] cmd: F:\Githubrepostotest\Dragon Diffusion Video Prep\venv\Lib\site-packages\static_ffmpeg\bin\win32\ffprobe.EXE -v error -select_streams v:0 -show_entries stream=width,height,r_frame_rate,duration -of csv=p=0 C:\Users\Andrew Baines\AppData\Local\Temp\gradio\fc46afcfab6853b023db7aa2771a18e63efc3757d28d7f148a98244dfa529963\2026-08-20 18-00-49.mp4
2026-08-20 18:15:50,838 [DEBUG] stdout: '1920,1080,60/1,78.200000\n'  stderr: ''
2026-08-20 18:15:50,838 [INFO]   -> 1920x1080 @ 60.000fps  78.20s
2026-08-20 18:15:50,838 [INFO] ffmpeg: F:\Githubrepostotest\Dragon Diffusion Video Prep\venv\Lib\site-packages\static_ffmpeg\bin\win32\ffmpeg.EXE -y -ss 39.9 -to 44.9 -i C:\Users\Andrew Baines\AppData\Local\Temp\gradio\fc46afcfab6853b023db7aa2771a18e63efc3757d28d7f148a98244dfa529963\2026-08-20 18-00-49.mp4 -vf scale=768:432,fps=25.0 -c:v libx264 -crf 18 -preset slow -c:a aac -b:a 192k F:\Githubrepostotest\Dragon Diffusion Video Prep\output\clip_2026-08-20 18-00-49_39s.mp4
2026-08-20 18:15:51,905 [INFO] ffmpeg OK.
2026-08-20 18:15:51,911 [INFO] Done.
Input:  1920x1080 @ 60.00fps
Output: 768x432 @ 25.00fps
Clip:   39.9s → 44.9s  (5.0s)
Saved:  F:\Githubrepostotest\Dragon Diffusion Video Prep\output\clip_2026-08-20 18-00-49_39s.mp4
2026-08-20 18:15:57,645 [INFO] Tab1 extract from: C:\Users\Andrew Baines\AppData\Local\Temp\gradio\fc46afcfab6853b023db7aa2771a18e63efc3757d28d7f148a98244dfa529963\2026-08-20 18-00-49.mp4  start=50.8  length=5
2026-08-20 18:15:57,645 [INFO] Probing: C:\Users\Andrew Baines\AppData\Local\Temp\gradio\fc46afcfab6853b023db7aa2771a18e63efc3757d28d7f148a98244dfa529963\2026-08-20 18-00-49.mp4
2026-08-20 18:15:57,645 [DEBUG] cmd: F:\Githubrepostotest\Dragon Diffusion Video Prep\venv\Lib\site-packages\static_ffmpeg\bin\win32\ffprobe.EXE -v error -select_streams v:0 -show_entries stream=width,height,r_frame_rate,duration -of csv=p=0 C:\Users\Andrew Baines\AppData\Local\Temp\gradio\fc46afcfab6853b023db7aa2771a18e63efc3757d28d7f148a98244dfa529963\2026-08-20 18-00-49.mp4
2026-08-20 18:15:57,707 [DEBUG] stdout: '1920,1080,60/1,78.200000\n'  stderr: ''
2026-08-20 18:15:57,707 [INFO]   -> 1920x1080 @ 60.000fps  78.20s
2026-08-20 18:15:57,707 [INFO] ffmpeg: F:\Githubrepostotest\Dragon Diffusion Video Prep\venv\Lib\site-packages\static_ffmpeg\bin\win32\ffmpeg.EXE -y -ss 50.8 -to 55.8 -i C:\Users\Andrew Baines\AppData\Local\Temp\gradio\fc46afcfab6853b023db7aa2771a18e63efc3757d28d7f148a98244dfa529963\2026-08-20 18-00-49.mp4 -vf scale=768:432,fps=25.0 -c:v libx264 -crf 18 -preset slow -c:a aac -b:a 192k F:\Githubrepostotest\Dragon Diffusion Video Prep\output\clip_2026-08-20 18-00-49_50s.mp4
2026-08-20 18:15:58,822 [INFO] ffmpeg OK.
2026-08-20 18:15:58,822 [INFO] Done.
Input:  1920x1080 @ 60.00fps
Output: 768x432 @ 25.00fps
Clip:   50.8s → 55.8s  (5.0s)
Saved:  F:\Githubrepostotest\Dragon Diffusion Video Prep\output\clip_2026-08-20 18-00-49_50s.mp4
2026-08-20 18:16:01,594 [INFO] Tab1 extract from: C:\Users\Andrew Baines\AppData\Local\Temp\gradio\fc46afcfab6853b023db7aa2771a18e63efc3757d28d7f148a98244dfa529963\2026-08-20 18-00-49.mp4  start=60  length=5
2026-08-20 18:16:01,597 [INFO] Probing: C:\Users\Andrew Baines\AppData\Local\Temp\gradio\fc46afcfab6853b023db7aa2771a18e63efc3757d28d7f148a98244dfa529963\2026-08-20 18-00-49.mp4
2026-08-20 18:16:01,597 [DEBUG] cmd: F:\Githubrepostotest\Dragon Diffusion Video Prep\venv\Lib\site-packages\static_ffmpeg\bin\win32\ffprobe.EXE -v error -select_streams v:0 -show_entries stream=width,height,r_frame_rate,duration -of csv=p=0 C:\Users\Andrew Baines\AppData\Local\Temp\gradio\fc46afcfab6853b023db7aa2771a18e63efc3757d28d7f148a98244dfa529963\2026-08-20 18-00-49.mp4
2026-08-20 18:16:01,657 [DEBUG] stdout: '1920,1080,60/1,78.200000\n'  stderr: ''
2026-08-20 18:16:01,657 [INFO]   -> 1920x1080 @ 60.000fps  78.20s
2026-08-20 18:16:01,657 [INFO] ffmpeg: F:\Githubrepostotest\Dragon Diffusion Video Prep\venv\Lib\site-packages\static_ffmpeg\bin\win32\ffmpeg.EXE -y -ss 60.0 -to 65.0 -i C:\Users\Andrew Baines\AppData\Local\Temp\gradio\fc46afcfab6853b023db7aa2771a18e63efc3757d28d7f148a98244dfa529963\2026-08-20 18-00-49.mp4 -vf scale=768:432,fps=25.0 -c:v libx264 -crf 18 -preset slow -c:a aac -b:a 192k F:\Githubrepostotest\Dragon Diffusion Video Prep\output\clip_2026-08-20 18-00-49_60s.mp4
2026-08-20 18:16:02,729 [INFO] ffmpeg OK.
2026-08-20 18:16:02,729 [INFO] Done.
Input:  1920x1080 @ 60.00fps
Output: 768x432 @ 25.00fps
Clip:   60.0s → 65.0s  (5.0s)
Saved:  F:\Githubrepostotest\Dragon Diffusion Video Prep\output\clip_2026-08-20 18-00-49_60s.mp4
2026-08-20 18:16:05,759 [INFO] Tab1 extract from: C:\Users\Andrew Baines\AppData\Local\Temp\gradio\fc46afcfab6853b023db7aa2771a18e63efc3757d28d7f148a98244dfa529963\2026-08-20 18-00-49.mp4  start=70.1  length=5
2026-08-20 18:16:05,759 [INFO] Probing: C:\Users\Andrew Baines\AppData\Local\Temp\gradio\fc46afcfab6853b023db7aa2771a18e63efc3757d28d7f148a98244dfa529963\2026-08-20 18-00-49.mp4
2026-08-20 18:16:05,759 [DEBUG] cmd: F:\Githubrepostotest\Dragon Diffusion Video Prep\venv\Lib\site-packages\static_ffmpeg\bin\win32\ffprobe.EXE -v error -select_streams v:0 -show_entries stream=width,height,r_frame_rate,duration -of csv=p=0 C:\Users\Andrew Baines\AppData\Local\Temp\gradio\fc46afcfab6853b023db7aa2771a18e63efc3757d28d7f148a98244dfa529963\2026-08-20 18-00-49.mp4
2026-08-20 18:16:05,826 [DEBUG] stdout: '1920,1080,60/1,78.200000\n'  stderr: ''
2026-08-20 18:16:05,826 [INFO]   -> 1920x1080 @ 60.000fps  78.20s
2026-08-20 18:16:05,826 [INFO] ffmpeg: F:\Githubrepostotest\Dragon Diffusion Video Prep\venv\Lib\site-packages\static_ffmpeg\bin\win32\ffmpeg.EXE -y -ss 70.1 -to 75.1 -i C:\Users\Andrew Baines\AppData\Local\Temp\gradio\fc46afcfab6853b023db7aa2771a18e63efc3757d28d7f148a98244dfa529963\2026-08-20 18-00-49.mp4 -vf scale=768:432,fps=25.0 -c:v libx264 -crf 18 -preset slow -c:a aac -b:a 192k F:\Githubrepostotest\Dragon Diffusion Video Prep\output\clip_2026-08-20 18-00-49_70s.mp4
2026-08-20 18:16:06,760 [INFO] ffmpeg OK.
2026-08-20 18:16:06,760 [INFO] Done.
Input:  1920x1080 @ 60.00fps
Output: 768x432 @ 25.00fps
Clip:   70.1s → 75.1s  (5.0s)
Saved:  F:\Githubrepostotest\Dragon Diffusion Video Prep\output\clip_2026-08-20 18-00-49_70s.mp4
2026-08-20 18:16:10,837 [INFO] Tab1 upload received: C:\Users\Andrew Baines\AppData\Local\Temp\gradio\31592e2c2b66a4cc867c81155866c273f9d54930833363cc0687066cb0f6b480\2026-08-20 18-04-00.mp4
2026-08-20 18:16:10,837 [INFO] Probing: C:\Users\Andrew Baines\AppData\Local\Temp\gradio\31592e2c2b66a4cc867c81155866c273f9d54930833363cc0687066cb0f6b480\2026-08-20 18-04-00.mp4
2026-08-20 18:16:10,837 [DEBUG] cmd: F:\Githubrepostotest\Dragon Diffusion Video Prep\venv\Lib\site-packages\static_ffmpeg\bin\win32\ffprobe.EXE -v error -select_streams v:0 -show_entries stream=width,height,r_frame_rate,duration -of csv=p=0 C:\Users\Andrew Baines\AppData\Local\Temp\gradio\31592e2c2b66a4cc867c81155866c273f9d54930833363cc0687066cb0f6b480\2026-08-20 18-04-00.mp4
2026-08-20 18:16:10,941 [DEBUG] stdout: '1920,1080,60/1,49.316667\n'  stderr: ''
2026-08-20 18:16:10,941 [INFO]   -> 1920x1080 @ 60.000fps  49.32s
2026-08-20 18:16:30,025 [INFO] Tab1 extract from: C:\Users\Andrew Baines\AppData\Local\Temp\gradio\31592e2c2b66a4cc867c81155866c273f9d54930833363cc0687066cb0f6b480\2026-08-20 18-04-00.mp4  start=0  length=5
2026-08-20 18:16:30,025 [INFO] Probing: C:\Users\Andrew Baines\AppData\Local\Temp\gradio\31592e2c2b66a4cc867c81155866c273f9d54930833363cc0687066cb0f6b480\2026-08-20 18-04-00.mp4
2026-08-20 18:16:30,025 [DEBUG] cmd: F:\Githubrepostotest\Dragon Diffusion Video Prep\venv\Lib\site-packages\static_ffmpeg\bin\win32\ffprobe.EXE -v error -select_streams v:0 -show_entries stream=width,height,r_frame_rate,duration -of csv=p=0 C:\Users\Andrew Baines\AppData\Local\Temp\gradio\31592e2c2b66a4cc867c81155866c273f9d54930833363cc0687066cb0f6b480\2026-08-20 18-04-00.mp4
2026-08-20 18:16:30,093 [DEBUG] stdout: '1920,1080,60/1,49.316667\n'  stderr: ''
2026-08-20 18:16:30,093 [INFO]   -> 1920x1080 @ 60.000fps  49.32s
2026-08-20 18:16:30,093 [INFO] ffmpeg: F:\Githubrepostotest\Dragon Diffusion Video Prep\venv\Lib\site-packages\static_ffmpeg\bin\win32\ffmpeg.EXE -y -ss 0.0 -to 5.0 -i C:\Users\Andrew Baines\AppData\Local\Temp\gradio\31592e2c2b66a4cc867c81155866c273f9d54930833363cc0687066cb0f6b480\2026-08-20 18-04-00.mp4 -vf scale=768:432,fps=25.0 -c:v libx264 -crf 18 -preset slow -c:a aac -b:a 192k F:\Githubrepostotest\Dragon Diffusion Video Prep\output\clip_2026-08-20 18-04-00_0s.mp4
2026-08-20 18:16:30,786 [INFO] ffmpeg OK.
2026-08-20 18:16:30,786 [INFO] Done.
Input:  1920x1080 @ 60.00fps
Output: 768x432 @ 25.00fps
Clip:   0.0s → 5.0s  (5.0s)
Saved:  F:\Githubrepostotest\Dragon Diffusion Video Prep\output\clip_2026-08-20 18-04-00_0s.mp4
2026-08-20 18:16:37,060 [INFO] Tab1 extract from: C:\Users\Andrew Baines\AppData\Local\Temp\gradio\31592e2c2b66a4cc867c81155866c273f9d54930833363cc0687066cb0f6b480\2026-08-20 18-04-00.mp4  start=5.4  length=5
2026-08-20 18:16:37,063 [INFO] Probing: C:\Users\Andrew Baines\AppData\Local\Temp\gradio\31592e2c2b66a4cc867c81155866c273f9d54930833363cc0687066cb0f6b480\2026-08-20 18-04-00.mp4
2026-08-20 18:16:37,063 [DEBUG] cmd: F:\Githubrepostotest\Dragon Diffusion Video Prep\venv\Lib\site-packages\static_ffmpeg\bin\win32\ffprobe.EXE -v error -select_streams v:0 -show_entries stream=width,height,r_frame_rate,duration -of csv=p=0 C:\Users\Andrew Baines\AppData\Local\Temp\gradio\31592e2c2b66a4cc867c81155866c273f9d54930833363cc0687066cb0f6b480\2026-08-20 18-04-00.mp4
2026-08-20 18:16:37,126 [DEBUG] stdout: '1920,1080,60/1,49.316667\n'  stderr: ''
2026-08-20 18:16:37,126 [INFO]   -> 1920x1080 @ 60.000fps  49.32s
2026-08-20 18:16:37,126 [INFO] ffmpeg: F:\Githubrepostotest\Dragon Diffusion Video Prep\venv\Lib\site-packages\static_ffmpeg\bin\win32\ffmpeg.EXE -y -ss 5.4 -to 10.4 -i C:\Users\Andrew Baines\AppData\Local\Temp\gradio\31592e2c2b66a4cc867c81155866c273f9d54930833363cc0687066cb0f6b480\2026-08-20 18-04-00.mp4 -vf scale=768:432,fps=25.0 -c:v libx264 -crf 18 -preset slow -c:a aac -b:a 192k F:\Githubrepostotest\Dragon Diffusion Video Prep\output\clip_2026-08-20 18-04-00_5s.mp4
2026-08-20 18:16:37,970 [INFO] ffmpeg OK.
2026-08-20 18:16:37,970 [INFO] Done.
Input:  1920x1080 @ 60.00fps
Output: 768x432 @ 25.00fps
Clip:   5.4s → 10.4s  (5.0s)
Saved:  F:\Githubrepostotest\Dragon Diffusion Video Prep\output\clip_2026-08-20 18-04-00_5s.mp4
2026-08-20 18:16:43,980 [INFO] Tab1 extract from: C:\Users\Andrew Baines\AppData\Local\Temp\gradio\31592e2c2b66a4cc867c81155866c273f9d54930833363cc0687066cb0f6b480\2026-08-20 18-04-00.mp4  start=17.4  length=5
2026-08-20 18:16:43,980 [INFO] Probing: C:\Users\Andrew Baines\AppData\Local\Temp\gradio\31592e2c2b66a4cc867c81155866c273f9d54930833363cc0687066cb0f6b480\2026-08-20 18-04-00.mp4
2026-08-20 18:16:43,984 [DEBUG] cmd: F:\Githubrepostotest\Dragon Diffusion Video Prep\venv\Lib\site-packages\static_ffmpeg\bin\win32\ffprobe.EXE -v error -select_streams v:0 -show_entries stream=width,height,r_frame_rate,duration -of csv=p=0 C:\Users\Andrew Baines\AppData\Local\Temp\gradio\31592e2c2b66a4cc867c81155866c273f9d54930833363cc0687066cb0f6b480\2026-08-20 18-04-00.mp4
2026-08-20 18:16:44,039 [DEBUG] stdout: '1920,1080,60/1,49.316667\n'  stderr: ''
2026-08-20 18:16:44,039 [INFO]   -> 1920x1080 @ 60.000fps  49.32s
2026-08-20 18:16:44,043 [INFO] ffmpeg: F:\Githubrepostotest\Dragon Diffusion Video Prep\venv\Lib\site-packages\static_ffmpeg\bin\win32\ffmpeg.EXE -y -ss 17.4 -to 22.4 -i C:\Users\Andrew Baines\AppData\Local\Temp\gradio\31592e2c2b66a4cc867c81155866c273f9d54930833363cc0687066cb0f6b480\2026-08-20 18-04-00.mp4 -vf scale=768:432,fps=25.0 -c:v libx264 -crf 18 -preset slow -c:a aac -b:a 192k F:\Githubrepostotest\Dragon Diffusion Video Prep\output\clip_2026-08-20 18-04-00_17s.mp4
2026-08-20 18:16:44,870 [INFO] ffmpeg OK.
2026-08-20 18:16:44,870 [INFO] Done.
Input:  1920x1080 @ 60.00fps
Output: 768x432 @ 25.00fps
Clip:   17.4s → 22.4s  (5.0s)
Saved:  F:\Githubrepostotest\Dragon Diffusion Video Prep\output\clip_2026-08-20 18-04-00_17s.mp4
2026-08-20 18:16:52,303 [INFO] Tab1 extract from: C:\Users\Andrew Baines\AppData\Local\Temp\gradio\31592e2c2b66a4cc867c81155866c273f9d54930833363cc0687066cb0f6b480\2026-08-20 18-04-00.mp4  start=25.1  length=5
2026-08-20 18:16:52,303 [INFO] Probing: C:\Users\Andrew Baines\AppData\Local\Temp\gradio\31592e2c2b66a4cc867c81155866c273f9d54930833363cc0687066cb0f6b480\2026-08-20 18-04-00.mp4
2026-08-20 18:16:52,303 [DEBUG] cmd: F:\Githubrepostotest\Dragon Diffusion Video Prep\venv\Lib\site-packages\static_ffmpeg\bin\win32\ffprobe.EXE -v error -select_streams v:0 -show_entries stream=width,height,r_frame_rate,duration -of csv=p=0 C:\Users\Andrew Baines\AppData\Local\Temp\gradio\31592e2c2b66a4cc867c81155866c273f9d54930833363cc0687066cb0f6b480\2026-08-20 18-04-00.mp4
2026-08-20 18:16:52,361 [DEBUG] stdout: '1920,1080,60/1,49.316667\n'  stderr: ''
2026-08-20 18:16:52,361 [INFO]   -> 1920x1080 @ 60.000fps  49.32s
2026-08-20 18:16:52,361 [INFO] ffmpeg: F:\Githubrepostotest\Dragon Diffusion Video Prep\venv\Lib\site-packages\static_ffmpeg\bin\win32\ffmpeg.EXE -y -ss 25.1 -to 30.1 -i C:\Users\Andrew Baines\AppData\Local\Temp\gradio\31592e2c2b66a4cc867c81155866c273f9d54930833363cc0687066cb0f6b480\2026-08-20 18-04-00.mp4 -vf scale=768:432,fps=25.0 -c:v libx264 -crf 18 -preset slow -c:a aac -b:a 192k F:\Githubrepostotest\Dragon Diffusion Video Prep\output\clip_2026-08-20 18-04-00_25s.mp4
2026-08-20 18:16:53,190 [INFO] ffmpeg OK.
2026-08-20 18:16:53,190 [INFO] Done.
Input:  1920x1080 @ 60.00fps
Output: 768x432 @ 25.00fps
Clip:   25.1s → 30.1s  (5.0s)
Saved:  F:\Githubrepostotest\Dragon Diffusion Video Prep\output\clip_2026-08-20 18-04-00_25s.mp4
2026-08-20 18:16:58,609 [INFO] Tab1 extract from: C:\Users\Andrew Baines\AppData\Local\Temp\gradio\31592e2c2b66a4cc867c81155866c273f9d54930833363cc0687066cb0f6b480\2026-08-20 18-04-00.mp4  start=32.4  length=5
2026-08-20 18:16:58,609 [INFO] Probing: C:\Users\Andrew Baines\AppData\Local\Temp\gradio\31592e2c2b66a4cc867c81155866c273f9d54930833363cc0687066cb0f6b480\2026-08-20 18-04-00.mp4
2026-08-20 18:16:58,613 [DEBUG] cmd: F:\Githubrepostotest\Dragon Diffusion Video Prep\venv\Lib\site-packages\static_ffmpeg\bin\win32\ffprobe.EXE -v error -select_streams v:0 -show_entries stream=width,height,r_frame_rate,duration -of csv=p=0 C:\Users\Andrew Baines\AppData\Local\Temp\gradio\31592e2c2b66a4cc867c81155866c273f9d54930833363cc0687066cb0f6b480\2026-08-20 18-04-00.mp4
2026-08-20 18:16:58,668 [DEBUG] stdout: '1920,1080,60/1,49.316667\n'  stderr: ''
2026-08-20 18:16:58,668 [INFO]   -> 1920x1080 @ 60.000fps  49.32s
2026-08-20 18:16:58,668 [INFO] ffmpeg: F:\Githubrepostotest\Dragon Diffusion Video Prep\venv\Lib\site-packages\static_ffmpeg\bin\win32\ffmpeg.EXE -y -ss 32.4 -to 37.4 -i C:\Users\Andrew Baines\AppData\Local\Temp\gradio\31592e2c2b66a4cc867c81155866c273f9d54930833363cc0687066cb0f6b480\2026-08-20 18-04-00.mp4 -vf scale=768:432,fps=25.0 -c:v libx264 -crf 18 -preset slow -c:a aac -b:a 192k F:\Githubrepostotest\Dragon Diffusion Video Prep\output\clip_2026-08-20 18-04-00_32s.mp4
2026-08-20 18:16:59,642 [INFO] ffmpeg OK.
2026-08-20 18:16:59,642 [INFO] Done.
Input:  1920x1080 @ 60.00fps
Output: 768x432 @ 25.00fps
Clip:   32.4s → 37.4s  (5.0s)
Saved:  F:\Githubrepostotest\Dragon Diffusion Video Prep\output\clip_2026-08-20 18-04-00_32s.mp4
2026-08-20 18:17:04,849 [INFO] Tab1 extract from: C:\Users\Andrew Baines\AppData\Local\Temp\gradio\31592e2c2b66a4cc867c81155866c273f9d54930833363cc0687066cb0f6b480\2026-08-20 18-04-00.mp4  start=40.2  length=5
2026-08-20 18:17:04,849 [INFO] Probing: C:\Users\Andrew Baines\AppData\Local\Temp\gradio\31592e2c2b66a4cc867c81155866c273f9d54930833363cc0687066cb0f6b480\2026-08-20 18-04-00.mp4
2026-08-20 18:17:04,849 [DEBUG] cmd: F:\Githubrepostotest\Dragon Diffusion Video Prep\venv\Lib\site-packages\static_ffmpeg\bin\win32\ffprobe.EXE -v error -select_streams v:0 -show_entries stream=width,height,r_frame_rate,duration -of csv=p=0 C:\Users\Andrew Baines\AppData\Local\Temp\gradio\31592e2c2b66a4cc867c81155866c273f9d54930833363cc0687066cb0f6b480\2026-08-20 18-04-00.mp4
2026-08-20 18:17:04,911 [DEBUG] stdout: '1920,1080,60/1,49.316667\n'  stderr: ''
2026-08-20 18:17:04,911 [INFO]   -> 1920x1080 @ 60.000fps  49.32s
2026-08-20 18:17:04,911 [INFO] ffmpeg: F:\Githubrepostotest\Dragon Diffusion Video Prep\venv\Lib\site-packages\static_ffmpeg\bin\win32\ffmpeg.EXE -y -ss 40.2 -to 45.2 -i C:\Users\Andrew Baines\AppData\Local\Temp\gradio\31592e2c2b66a4cc867c81155866c273f9d54930833363cc0687066cb0f6b480\2026-08-20 18-04-00.mp4 -vf scale=768:432,fps=25.0 -c:v libx264 -crf 18 -preset slow -c:a aac -b:a 192k F:\Githubrepostotest\Dragon Diffusion Video Prep\output\clip_2026-08-20 18-04-00_40s.mp4
2026-08-20 18:17:05,740 [INFO] ffmpeg OK.
2026-08-20 18:17:05,740 [INFO] Done.
Input:  1920x1080 @ 60.00fps
Output: 768x432 @ 25.00fps
Clip:   40.2s → 45.2s  (5.0s)
Saved:  F:\Githubrepostotest\Dragon Diffusion Video Prep\output\clip_2026-08-20 18-04-00_40s.mp4
2026-08-29 18:42:44,417 [INFO] Starting — pulling FFmpeg binaries...
2026-08-29 18:42:44,420 [DEBUG] Attempting to acquire lock 2397782909456 on F:\Githubrepostotest\Dragon Diffusion Video Prep\venv\Lib\site-packages\static_ffmpeg\lock.file
2026-08-29 18:42:44,422 [DEBUG] Lock 2397782909456 acquired on F:\Githubrepostotest\Dragon Diffusion Video Prep\venv\Lib\site-packages\static_ffmpeg\lock.file
2026-08-29 18:42:44,422 [DEBUG] Attempting to release lock 2397782909456 on F:\Githubrepostotest\Dragon Diffusion Video Prep\venv\Lib\site-packages\static_ffmpeg\lock.file
2026-08-29 18:42:44,422 [DEBUG] Lock 2397782909456 released on F:\Githubrepostotest\Dragon Diffusion Video Prep\venv\Lib\site-packages\static_ffmpeg\lock.file
2026-08-29 18:42:44,422 [INFO] FFmpeg ready.
2026-08-29 18:42:44,425 [INFO] Input  folder: F:\Githubrepostotest\Dragon Diffusion Video Prep\input
2026-08-29 18:42:44,425 [INFO] Output folder: F:\Githubrepostotest\Dragon Diffusion Video Prep\output
2026-08-29 18:42:44,427 [DEBUG] Using proactor: IocpProactor
2026-08-29 18:42:44,427 [DEBUG] Using proactor: IocpProactor
2026-08-29 18:42:44,429 [DEBUG] Using proactor: IocpProactor
2026-08-29 18:42:44,429 [DEBUG] Using proactor: IocpProactor
2026-08-29 18:42:44,632 [DEBUG] connect_tcp.started host='api.gradio.app' port=443 local_address=None timeout=3 socket_options=None
2026-08-29 18:42:44,641 [DEBUG] connect_tcp.started host='huggingface.co' port=443 local_address=None timeout=3 socket_options=None
2026-08-29 18:42:44,678 [DEBUG] Using proactor: IocpProactor
2026-08-29 18:42:44,678 [DEBUG] Using proactor: IocpProactor
2026-08-29 18:42:44,716 [DEBUG] Using proactor: IocpProactor
2026-08-29 18:42:44,717 [DEBUG] Using proactor: IocpProactor
2026-08-29 18:42:44,720 [DEBUG] connect_tcp.complete return_value=<httpcore._backends.sync.SyncStream object at 0x0000022E4727B3B0>
2026-08-29 18:42:44,742 [DEBUG] start_tls.started ssl_context=<ssl.SSLContext object at 0x0000022E470763D0> server_hostname='huggingface.co' timeout=3
2026-08-29 18:42:44,765 [DEBUG] start_tls.complete return_value=<httpcore._backends.sync.SyncStream object at 0x0000022E4727B2F0>
2026-08-29 18:42:44,765 [DEBUG] send_request_headers.started request=<Request [b'GET']>
2026-08-29 18:42:44,765 [DEBUG] send_request_headers.complete
2026-08-29 18:42:44,765 [DEBUG] send_request_body.started request=<Request [b'GET']>
2026-08-29 18:42:44,765 [DEBUG] send_request_body.complete
2026-08-29 18:42:44,765 [DEBUG] receive_response_headers.started request=<Request [b'GET']>
2026-08-29 18:42:44,861 [DEBUG] receive_response_headers.complete return_value=(b'HTTP/1.1', 200, b'OK', [(b'Content-Type', b'application/json; charset=utf-8'), (b'Transfer-Encoding', b'chunked'), (b'Connection', b'keep-alive'), (b'Date', b'Sat, 29 Aug 2026 17:42:43 GMT'), (b'content-encoding', b'gzip'), (b'ETag', b'W/"1523-mQdmV5Bv85jNaKvO4A7GDNtqjeQ"'), (b'X-Powered-By', b'huggingface-moon'), (b'X-Request-Id', b'Root=1-6a931a13-21dba2b97b697522680bbcfc;40bbd41d-2a32-4aad-bfc1-5f55165ea77d'), (b'RateLimit', b'"api";r=499;t=147'), (b'RateLimit-Policy', b'"fixed window";"api";q=500;w=300'), (b'cross-origin-opener-policy', b'same-origin'), (b'Referrer-Policy', b'strict-origin-when-cross-origin'), (b'Access-Control-Max-Age', b'86400'), (b'Access-Control-Allow-Origin', b'https://huggingface.co'), (b'Vary', b'Origin'), (b'vary', b'Accept-Encoding'), (b'Access-Control-Expose-Headers', b'X-Repo-Commit,X-Request-Id,X-Error-Code,X-Error-Message,X-Total-Count,ETag,Link,Accept-Ranges,Content-Range,X-Linked-Size,X-Linked-ETag,X-Xet-Hash'), (b'X-Cache', b'Miss from cloudfront'), (b'Via', b'1.1 72a04db090fbbd82771157077fb21266.cloudfront.net (CloudFront)'), (b'X-Amz-Cf-Pop', b'LHR3-P3'), (b'Alt-Svc', b'h3=":443"; ma=86400'), (b'X-Amz-Cf-Id', b'R1_rXinIVplqCcvmDiDMSukMbAkGxxOj93sJqZtaVRiokcnSNP3Zdg=='), (b'Strict-Transport-Security', b'max-age=31536000')])
2026-08-29 18:42:44,870 [DEBUG] connect_tcp.complete return_value=<httpcore._backends.sync.SyncStream object at 0x0000022E47092060>
2026-08-29 18:42:44,871 [INFO] HTTP Request: GET https://huggingface.co/api/agent-harnesses "HTTP/1.1 200 OK"
2026-08-29 18:42:44,871 [DEBUG] start_tls.started ssl_context=<ssl.SSLContext object at 0x0000022E47076150> server_hostname='api.gradio.app' timeout=3
2026-08-29 18:42:44,871 [DEBUG] receive_response_body.started request=<Request [b'GET']>
2026-08-29 18:42:44,875 [DEBUG] receive_response_body.complete
2026-08-29 18:42:44,875 [DEBUG] response_closed.started
2026-08-29 18:42:44,875 [DEBUG] response_closed.complete
2026-08-29 18:42:44,876 [DEBUG] Using proactor: IocpProactor
2026-08-29 18:42:44,902 [DEBUG] send_request_headers.started request=<Request [b'HEAD']>
2026-08-29 18:42:44,904 [DEBUG] send_request_headers.complete
2026-08-29 18:42:44,904 [DEBUG] send_request_body.started request=<Request [b'HEAD']>
2026-08-29 18:42:44,904 [DEBUG] send_request_body.complete
2026-08-29 18:42:44,904 [DEBUG] receive_response_headers.started request=<Request [b'HEAD']>
2026-08-29 18:42:44,996 [DEBUG] receive_response_headers.complete return_value=(b'HTTP/1.1', 200, b'OK', [(b'Content-Type', b'text/plain; charset=utf-8'), (b'Content-Length', b'2'), (b'Connection', b'keep-alive'), (b'Date', b'Sat, 29 Aug 2026 17:42:44 GMT'), (b'ETag', b'W/"2-nOO9QiTIwXgNtWtBJezz8kv3SLc"'), (b'X-Powered-By', b'huggingface-moon'), (b'X-Request-Id', b'Root=1-6a931a14-008075287368be48492e3b1e;28de8d9a-412f-41a5-9faa-d764ca7e69e4'), (b'RateLimit', b'"api";r=9998;t=146'), (b'RateLimit-Policy', b'"fixed window";"api";q=10000;w=300'), (b'cross-origin-opener-policy', b'same-origin'), (b'Referrer-Policy', b'strict-origin-when-cross-origin'), (b'Access-Control-Max-Age', b'86400'), (b'Access-Control-Allow-Origin', b'https://huggingface.co'), (b'Vary', b'Origin'), (b'Access-Control-Expose-Headers', b'X-Repo-Commit,X-Request-Id,X-Error-Code,X-Error-Message,X-Total-Count,ETag,Link,Accept-Ranges,Content-Range,X-Linked-Size,X-Linked-ETag,X-Xet-Hash'), (b'X-Cache', b'Miss from cloudfront'), (b'Via', b'1.1 72a04db090fbbd82771157077fb21266.cloudfront.net (CloudFront)'), (b'X-Amz-Cf-Pop', b'LHR3-P3'), (b'Alt-Svc', b'h3=":443"; ma=86400'), (b'X-Amz-Cf-Id', b'rh-VhL7XrRIntBrLYbUZ7Cmf2f-Gshd_Og-t38S6tWLu6llRiOWngQ=='), (b'Strict-Transport-Security', b'max-age=31536000')])
2026-08-29 18:42:45,000 [INFO] HTTP Request: HEAD https://huggingface.co/api/telemetry/https%3A/api.gradio.app/gradio-initiated-analytics "HTTP/1.1 200 OK"
2026-08-29 18:42:45,000 [DEBUG] receive_response_body.started request=<Request [b'HEAD']>
2026-08-29 18:42:45,000 [DEBUG] receive_response_body.complete
2026-08-29 18:42:45,000 [DEBUG] response_closed.started
2026-08-29 18:42:45,000 [DEBUG] response_closed.complete
2026-08-29 18:42:45,058 [DEBUG] connect_tcp.started host='127.0.0.1' port=7860 local_address=None timeout=None socket_options=None
2026-08-29 18:42:45,060 [DEBUG] connect_tcp.complete return_value=<httpcore._backends.sync.SyncStream object at 0x0000022E4784EFF0>
2026-08-29 18:42:45,060 [DEBUG] send_request_headers.started request=<Request [b'GET']>
2026-08-29 18:42:45,060 [DEBUG] send_request_headers.complete
2026-08-29 18:42:45,076 [DEBUG] send_request_body.started request=<Request [b'GET']>
2026-08-29 18:42:45,076 [DEBUG] send_request_body.complete
2026-08-29 18:42:45,076 [DEBUG] receive_response_headers.started request=<Request [b'GET']>
2026-08-29 18:42:45,148 [DEBUG] receive_response_headers.complete return_value=(b'HTTP/1.1', 200, b'OK', [(b'date', b'Sat, 29 Aug 2026 17:42:44 GMT'), (b'server', b'uvicorn'), (b'content-length', b'4'), (b'content-type', b'application/json')])
2026-08-29 18:42:45,150 [INFO] HTTP Request: GET http://127.0.0.1:7860/gradio_api/startup-events "HTTP/1.1 200 OK"
2026-08-29 18:42:45,150 [DEBUG] receive_response_body.started request=<Request [b'GET']>
2026-08-29 18:42:45,152 [DEBUG] receive_response_body.complete
2026-08-29 18:42:45,152 [DEBUG] response_closed.started
2026-08-29 18:42:45,152 [DEBUG] response_closed.complete
2026-08-29 18:42:45,152 [DEBUG] close.started
2026-08-29 18:42:45,152 [DEBUG] close.complete
2026-08-29 18:42:45,155 [DEBUG] connect_tcp.started host='127.0.0.1' port=7860 local_address=None timeout=3 socket_options=None
2026-08-29 18:42:45,155 [DEBUG] connect_tcp.complete return_value=<httpcore._backends.sync.SyncStream object at 0x0000022E478C4980>
2026-08-29 18:42:45,155 [DEBUG] send_request_headers.started request=<Request [b'HEAD']>
2026-08-29 18:42:45,157 [DEBUG] send_request_headers.complete
2026-08-29 18:42:45,158 [DEBUG] send_request_body.started request=<Request [b'HEAD']>
2026-08-29 18:42:45,158 [DEBUG] send_request_body.complete
2026-08-29 18:42:45,158 [DEBUG] receive_response_headers.started request=<Request [b'HEAD']>
2026-08-29 18:42:45,180 [DEBUG] start_tls.complete return_value=<httpcore._backends.sync.SyncStream object at 0x0000022E47264C80>
2026-08-29 18:42:45,180 [DEBUG] send_request_headers.started request=<Request [b'GET']>
2026-08-29 18:42:45,180 [DEBUG] send_request_headers.complete
2026-08-29 18:42:45,180 [DEBUG] send_request_body.started request=<Request [b'GET']>
2026-08-29 18:42:45,180 [DEBUG] send_request_body.complete
2026-08-29 18:42:45,180 [DEBUG] receive_response_headers.started request=<Request [b'GET']>
2026-08-29 18:42:45,275 [DEBUG] receive_response_headers.complete return_value=(b'HTTP/1.1', 200, b'OK', [(b'date', b'Sat, 29 Aug 2026 17:42:44 GMT'), (b'server', b'uvicorn'), (b'content-length', b'55710'), (b'content-type', b'text/html; charset=utf-8')])
2026-08-29 18:42:45,275 [INFO] HTTP Request: HEAD http://127.0.0.1:7860/ "HTTP/1.1 200 OK"
2026-08-29 18:42:45,275 [DEBUG] receive_response_body.started request=<Request [b'HEAD']>
2026-08-29 18:42:45,275 [DEBUG] receive_response_body.complete
2026-08-29 18:42:45,275 [DEBUG] response_closed.started
2026-08-29 18:42:45,275 [DEBUG] response_closed.complete
2026-08-29 18:42:45,275 [DEBUG] close.started
2026-08-29 18:42:45,275 [DEBUG] close.complete
2026-08-29 18:42:45,335 [DEBUG] receive_response_headers.complete return_value=(b'HTTP/1.1', 200, b'OK', [(b'Date', b'Sat, 29 Aug 2026 17:42:44 GMT'), (b'Content-Type', b'application/json'), (b'Content-Length', b'21'), (b'Connection', b'keep-alive'), (b'Server', b'nginx/1.18.0'), (b'Access-Control-Allow-Origin', b'*')])
2026-08-29 18:42:45,335 [INFO] HTTP Request: GET https://api.gradio.app/pkg-version "HTTP/1.1 200 OK"
2026-08-29 18:42:45,335 [DEBUG] receive_response_body.started request=<Request [b'GET']>
2026-08-29 18:42:45,335 [DEBUG] receive_response_body.complete
2026-08-29 18:42:45,335 [DEBUG] response_closed.started
2026-08-29 18:42:45,335 [DEBUG] response_closed.complete
2026-08-29 18:42:45,335 [DEBUG] close.started
2026-08-29 18:42:45,335 [DEBUG] close.complete
2026-08-29 18:42:45,432 [DEBUG] send_request_headers.started request=<Request [b'HEAD']>
2026-08-29 18:42:45,433 [DEBUG] send_request_headers.complete
2026-08-29 18:42:45,433 [DEBUG] send_request_body.started request=<Request [b'HEAD']>
2026-08-29 18:42:45,433 [DEBUG] send_request_body.complete
2026-08-29 18:42:45,433 [DEBUG] receive_response_headers.started request=<Request [b'HEAD']>
2026-08-29 18:42:45,533 [DEBUG] receive_response_headers.complete return_value=(b'HTTP/1.1', 200, b'OK', [(b'Content-Type', b'text/plain; charset=utf-8'), (b'Content-Length', b'2'), (b'Connection', b'keep-alive'), (b'Date', b'Sat, 29 Aug 2026 17:42:44 GMT'), (b'ETag', b'W/"2-nOO9QiTIwXgNtWtBJezz8kv3SLc"'), (b'X-Powered-By', b'huggingface-moon'), (b'X-Request-Id', b'Root=1-6a931a14-5c787b9b3066a15844ff167d;792e564e-1768-4aca-8d39-2a3e3031fb39'), (b'RateLimit', b'"api";r=9997;t=146'), (b'RateLimit-Policy', b'"fixed window";"api";q=10000;w=300'), (b'cross-origin-opener-policy', b'same-origin'), (b'Referrer-Policy', b'strict-origin-when-cross-origin'), (b'Access-Control-Max-Age', b'86400'), (b'Access-Control-Allow-Origin', b'https://huggingface.co'), (b'Vary', b'Origin'), (b'Access-Control-Expose-Headers', b'X-Repo-Commit,X-Request-Id,X-Error-Code,X-Error-Message,X-Total-Count,ETag,Link,Accept-Ranges,Content-Range,X-Linked-Size,X-Linked-ETag,X-Xet-Hash'), (b'X-Cache', b'Miss from cloudfront'), (b'Via', b'1.1 72a04db090fbbd82771157077fb21266.cloudfront.net (CloudFront)'), (b'X-Amz-Cf-Pop', b'LHR3-P3'), (b'Alt-Svc', b'h3=":443"; ma=86400'), (b'X-Amz-Cf-Id', b'XjXDzHkLGYyLmBKNXdYNGqEs4CJuNjAk3heaK4iX6lV_CVoKfeJfUQ=='), (b'Strict-Transport-Security', b'max-age=31536000')])
2026-08-29 18:42:45,533 [INFO] HTTP Request: HEAD https://huggingface.co/api/telemetry/https%3A/api.gradio.app/gradio-launched-telemetry "HTTP/1.1 200 OK"
2026-08-29 18:42:45,533 [DEBUG] receive_response_body.started request=<Request [b'HEAD']>
2026-08-29 18:42:45,533 [DEBUG] receive_response_body.complete
2026-08-29 18:42:45,533 [DEBUG] response_closed.started
2026-08-29 18:42:45,533 [DEBUG] response_closed.complete
2026-08-29 18:42:52,758 [INFO] Tab1 upload received: C:\Users\Andrew Baines\AppData\Local\Temp\gradio\3237bf1461d66aad879bc23c7e49fc47729e47cccbfc9b9c5a14adefba2c77b3\redgifs_academicinsidiousrattlesnake.mp4
2026-08-29 18:42:52,758 [INFO] Probing: C:\Users\Andrew Baines\AppData\Local\Temp\gradio\3237bf1461d66aad879bc23c7e49fc47729e47cccbfc9b9c5a14adefba2c77b3\redgifs_academicinsidiousrattlesnake.mp4
2026-08-29 18:42:52,759 [DEBUG] cmd: F:\Githubrepostotest\Dragon Diffusion Video Prep\venv\Lib\site-packages\static_ffmpeg\bin\win32\ffprobe.EXE -v error -select_streams v:0 -show_entries stream=width,height,r_frame_rate,duration -of csv=p=0 C:\Users\Andrew Baines\AppData\Local\Temp\gradio\3237bf1461d66aad879bc23c7e49fc47729e47cccbfc9b9c5a14adefba2c77b3\redgifs_academicinsidiousrattlesnake.mp4
2026-08-29 18:42:54,085 [DEBUG] stdout: '1920,1080,30000/1001,15.015000\n'  stderr: ''
2026-08-29 18:42:54,085 [INFO]   -> 1920x1080 @ 29.970fps  15.02s
2026-08-29 18:44:06,468 [INFO] Tab1 extract from: C:\Users\Andrew Baines\AppData\Local\Temp\gradio\3237bf1461d66aad879bc23c7e49fc47729e47cccbfc9b9c5a14adefba2c77b3\redgifs_academicinsidiousrattlesnake.mp4  start=3  length=5
2026-08-29 18:44:06,470 [INFO] Probing: C:\Users\Andrew Baines\AppData\Local\Temp\gradio\3237bf1461d66aad879bc23c7e49fc47729e47cccbfc9b9c5a14adefba2c77b3\redgifs_academicinsidiousrattlesnake.mp4
2026-08-29 18:44:06,474 [DEBUG] cmd: F:\Githubrepostotest\Dragon Diffusion Video Prep\venv\Lib\site-packages\static_ffmpeg\bin\win32\ffprobe.EXE -v error -select_streams v:0 -show_entries stream=width,height,r_frame_rate,duration -of csv=p=0 C:\Users\Andrew Baines\AppData\Local\Temp\gradio\3237bf1461d66aad879bc23c7e49fc47729e47cccbfc9b9c5a14adefba2c77b3\redgifs_academicinsidiousrattlesnake.mp4
2026-08-29 18:44:06,688 [DEBUG] stdout: '1920,1080,30000/1001,15.015000\n'  stderr: ''
2026-08-29 18:44:06,688 [INFO]   -> 1920x1080 @ 29.970fps  15.02s
2026-08-29 18:44:06,688 [INFO] ffmpeg: F:\Githubrepostotest\Dragon Diffusion Video Prep\venv\Lib\site-packages\static_ffmpeg\bin\win32\ffmpeg.EXE -y -ss 3.0 -to 8.0 -i C:\Users\Andrew Baines\AppData\Local\Temp\gradio\3237bf1461d66aad879bc23c7e49fc47729e47cccbfc9b9c5a14adefba2c77b3\redgifs_academicinsidiousrattlesnake.mp4 -vf scale=768:432,fps=25.0 -c:v libx264 -crf 18 -preset slow -c:a aac -b:a 192k F:\Githubrepostotest\Dragon Diffusion Video Prep\output\clip_redgifs_academicinsidiousrattlesnake_3s.mp4
2026-08-29 18:44:08,905 [INFO] ffmpeg OK.
2026-08-29 18:44:08,905 [INFO] Done.
Input:  1920x1080 @ 29.97fps
Output: 768x432 @ 25.00fps
Clip:   3.0s → 8.0s  (5.0s)
Saved:  F:\Githubrepostotest\Dragon Diffusion Video Prep\output\clip_redgifs_academicinsidiousrattlesnake_3s.mp4
2026-08-29 18:44:19,273 [INFO] Tab1 upload received: C:\Users\Andrew Baines\AppData\Local\Temp\gradio\5ee90d171530a98a0e0bcbdeff7d3e7ca8efb48f72e0c19a658f950b4969a389\redgifs_academicpepperyxenopus.mp4
2026-08-29 18:44:19,276 [INFO] Probing: C:\Users\Andrew Baines\AppData\Local\Temp\gradio\5ee90d171530a98a0e0bcbdeff7d3e7ca8efb48f72e0c19a658f950b4969a389\redgifs_academicpepperyxenopus.mp4
2026-08-29 18:44:19,276 [DEBUG] cmd: F:\Githubrepostotest\Dragon Diffusion Video Prep\venv\Lib\site-packages\static_ffmpeg\bin\win32\ffprobe.EXE -v error -select_streams v:0 -show_entries stream=width,height,r_frame_rate,duration -of csv=p=0 C:\Users\Andrew Baines\AppData\Local\Temp\gradio\5ee90d171530a98a0e0bcbdeff7d3e7ca8efb48f72e0c19a658f950b4969a389\redgifs_academicpepperyxenopus.mp4
2026-08-29 18:44:19,337 [DEBUG] stdout: '1974,1080,30/1,14.200000\n'  stderr: ''
2026-08-29 18:44:19,337 [INFO]   -> 1974x1080 @ 30.000fps  14.20s
2026-08-29 18:44:45,270 [INFO] Tab1 extract from: C:\Users\Andrew Baines\AppData\Local\Temp\gradio\5ee90d171530a98a0e0bcbdeff7d3e7ca8efb48f72e0c19a658f950b4969a389\redgifs_academicpepperyxenopus.mp4  start=0  length=10
2026-08-29 18:44:45,270 [INFO] Probing: C:\Users\Andrew Baines\AppData\Local\Temp\gradio\5ee90d171530a98a0e0bcbdeff7d3e7ca8efb48f72e0c19a658f950b4969a389\redgifs_academicpepperyxenopus.mp4
2026-08-29 18:44:45,270 [DEBUG] cmd: F:\Githubrepostotest\Dragon Diffusion Video Prep\venv\Lib\site-packages\static_ffmpeg\bin\win32\ffprobe.EXE -v error -select_streams v:0 -show_entries stream=width,height,r_frame_rate,duration -of csv=p=0 C:\Users\Andrew Baines\AppData\Local\Temp\gradio\5ee90d171530a98a0e0bcbdeff7d3e7ca8efb48f72e0c19a658f950b4969a389\redgifs_academicpepperyxenopus.mp4
2026-08-29 18:44:45,533 [DEBUG] stdout: '1974,1080,30/1,14.200000\n'  stderr: ''
2026-08-29 18:44:45,535 [INFO]   -> 1974x1080 @ 30.000fps  14.20s
2026-08-29 18:44:45,535 [INFO] ffmpeg: F:\Githubrepostotest\Dragon Diffusion Video Prep\venv\Lib\site-packages\static_ffmpeg\bin\win32\ffmpeg.EXE -y -ss 0.0 -to 10.0 -i C:\Users\Andrew Baines\AppData\Local\Temp\gradio\5ee90d171530a98a0e0bcbdeff7d3e7ca8efb48f72e0c19a658f950b4969a389\redgifs_academicpepperyxenopus.mp4 -vf scale=768:420,fps=25.0 -c:v libx264 -crf 18 -preset slow -c:a aac -b:a 192k F:\Githubrepostotest\Dragon Diffusion Video Prep\output\clip_redgifs_academicpepperyxenopus_0s.mp4
2026-08-29 18:44:47,078 [INFO] ffmpeg OK.
2026-08-29 18:44:47,078 [INFO] Done.
Input:  1974x1080 @ 30.00fps
Output: 768x420 @ 25.00fps
Clip:   0.0s → 10.0s  (10.0s)
Saved:  F:\Githubrepostotest\Dragon Diffusion Video Prep\output\clip_redgifs_academicpepperyxenopus_0s.mp4
2026-08-29 18:44:57,511 [INFO] Tab1 upload received: C:\Users\Andrew Baines\AppData\Local\Temp\gradio\986069df253bc657b37a2fa23f285c271aa2f9c5351cd2ea75a425b134aa17c0\redgifs_acceptablepurpletrumpeterbird.mp4
2026-08-29 18:44:57,511 [INFO] Probing: C:\Users\Andrew Baines\AppData\Local\Temp\gradio\986069df253bc657b37a2fa23f285c271aa2f9c5351cd2ea75a425b134aa17c0\redgifs_acceptablepurpletrumpeterbird.mp4
2026-08-29 18:44:57,514 [DEBUG] cmd: F:\Githubrepostotest\Dragon Diffusion Video Prep\venv\Lib\site-packages\static_ffmpeg\bin\win32\ffprobe.EXE -v error -select_streams v:0 -show_entries stream=width,height,r_frame_rate,duration -of csv=p=0 C:\Users\Andrew Baines\AppData\Local\Temp\gradio\986069df253bc657b37a2fa23f285c271aa2f9c5351cd2ea75a425b134aa17c0\redgifs_acceptablepurpletrumpeterbird.mp4
2026-08-29 18:44:57,576 [DEBUG] stdout: '1920,1080,60/1,20.066667\n'  stderr: ''
2026-08-29 18:44:57,576 [INFO]   -> 1920x1080 @ 60.000fps  20.07s
2026-08-29 18:45:24,796 [INFO] Tab1 upload received: C:\Users\Andrew Baines\AppData\Local\Temp\gradio\f51960041d29a185ad00f8f2b491fa36888f6703c105b464d4b50541f8c4b1e7\redgifs_adorablesizzlingbeardedcollie.mp4
2026-08-29 18:45:24,796 [INFO] Probing: C:\Users\Andrew Baines\AppData\Local\Temp\gradio\f51960041d29a185ad00f8f2b491fa36888f6703c105b464d4b50541f8c4b1e7\redgifs_adorablesizzlingbeardedcollie.mp4
2026-08-29 18:45:24,796 [DEBUG] cmd: F:\Githubrepostotest\Dragon Diffusion Video Prep\venv\Lib\site-packages\static_ffmpeg\bin\win32\ffprobe.EXE -v error -select_streams v:0 -show_entries stream=width,height,r_frame_rate,duration -of csv=p=0 C:\Users\Andrew Baines\AppData\Local\Temp\gradio\f51960041d29a185ad00f8f2b491fa36888f6703c105b464d4b50541f8c4b1e7\redgifs_adorablesizzlingbeardedcollie.mp4
2026-08-29 18:45:24,867 [DEBUG] stdout: '1920,1080,30/1,21.966667\n'  stderr: ''
2026-08-29 18:45:24,867 [INFO]   -> 1920x1080 @ 30.000fps  21.97s
2026-08-29 18:46:12,820 [INFO] Tab1 extract from: C:\Users\Andrew Baines\AppData\Local\Temp\gradio\f51960041d29a185ad00f8f2b491fa36888f6703c105b464d4b50541f8c4b1e7\redgifs_adorablesizzlingbeardedcollie.mp4  start=5  length=5
2026-08-29 18:46:12,835 [INFO] Probing: C:\Users\Andrew Baines\AppData\Local\Temp\gradio\f51960041d29a185ad00f8f2b491fa36888f6703c105b464d4b50541f8c4b1e7\redgifs_adorablesizzlingbeardedcollie.mp4
2026-08-29 18:46:12,835 [DEBUG] cmd: F:\Githubrepostotest\Dragon Diffusion Video Prep\venv\Lib\site-packages\static_ffmpeg\bin\win32\ffprobe.EXE -v error -select_streams v:0 -show_entries stream=width,height,r_frame_rate,duration -of csv=p=0 C:\Users\Andrew Baines\AppData\Local\Temp\gradio\f51960041d29a185ad00f8f2b491fa36888f6703c105b464d4b50541f8c4b1e7\redgifs_adorablesizzlingbeardedcollie.mp4
2026-08-29 18:46:13,082 [DEBUG] stdout: '1920,1080,30/1,21.966667\n'  stderr: ''
2026-08-29 18:46:13,082 [INFO]   -> 1920x1080 @ 30.000fps  21.97s
2026-08-29 18:46:13,082 [INFO] ffmpeg: F:\Githubrepostotest\Dragon Diffusion Video Prep\venv\Lib\site-packages\static_ffmpeg\bin\win32\ffmpeg.EXE -y -ss 5.0 -to 10.0 -i C:\Users\Andrew Baines\AppData\Local\Temp\gradio\f51960041d29a185ad00f8f2b491fa36888f6703c105b464d4b50541f8c4b1e7\redgifs_adorablesizzlingbeardedcollie.mp4 -vf scale=768:432,fps=25.0 -c:v libx264 -crf 18 -preset slow -c:a aac -b:a 192k F:\Githubrepostotest\Dragon Diffusion Video Prep\output\clip_redgifs_adorablesizzlingbeardedcollie_5s.mp4
2026-08-29 18:46:14,020 [INFO] ffmpeg OK.
2026-08-29 18:46:14,022 [INFO] Done.
Input:  1920x1080 @ 30.00fps
Output: 768x432 @ 25.00fps
Clip:   5.0s → 10.0s  (5.0s)
Saved:  F:\Githubrepostotest\Dragon Diffusion Video Prep\output\clip_redgifs_adorablesizzlingbeardedcollie_5s.mp4
2026-08-29 18:46:23,026 [INFO] Tab1 upload received: C:\Users\Andrew Baines\AppData\Local\Temp\gradio\e46eb2649947595316c7f9087723f7b7b6175e98738407637627198a9840ba43\redgifs_alarmingdarkorchidanemoneshrimp.mp4
2026-08-29 18:46:23,026 [INFO] Probing: C:\Users\Andrew Baines\AppData\Local\Temp\gradio\e46eb2649947595316c7f9087723f7b7b6175e98738407637627198a9840ba43\redgifs_alarmingdarkorchidanemoneshrimp.mp4
2026-08-29 18:46:23,029 [DEBUG] cmd: F:\Githubrepostotest\Dragon Diffusion Video Prep\venv\Lib\site-packages\static_ffmpeg\bin\win32\ffprobe.EXE -v error -select_streams v:0 -show_entries stream=width,height,r_frame_rate,duration -of csv=p=0 C:\Users\Andrew Baines\AppData\Local\Temp\gradio\e46eb2649947595316c7f9087723f7b7b6175e98738407637627198a9840ba43\redgifs_alarmingdarkorchidanemoneshrimp.mp4
2026-08-29 18:46:23,107 [DEBUG] stdout: '1920,1080,30/1,15.100000\n'  stderr: ''
2026-08-29 18:46:23,107 [INFO]   -> 1920x1080 @ 30.000fps  15.10s
2026-08-29 18:46:39,479 [INFO] Tab1 extract from: C:\Users\Andrew Baines\AppData\Local\Temp\gradio\e46eb2649947595316c7f9087723f7b7b6175e98738407637627198a9840ba43\redgifs_alarmingdarkorchidanemoneshrimp.mp4  start=0  length=10
2026-08-29 18:46:39,481 [INFO] Probing: C:\Users\Andrew Baines\AppData\Local\Temp\gradio\e46eb2649947595316c7f9087723f7b7b6175e98738407637627198a9840ba43\redgifs_alarmingdarkorchidanemoneshrimp.mp4
2026-08-29 18:46:39,481 [DEBUG] cmd: F:\Githubrepostotest\Dragon Diffusion Video Prep\venv\Lib\site-packages\static_ffmpeg\bin\win32\ffprobe.EXE -v error -select_streams v:0 -show_entries stream=width,height,r_frame_rate,duration -of csv=p=0 C:\Users\Andrew Baines\AppData\Local\Temp\gradio\e46eb2649947595316c7f9087723f7b7b6175e98738407637627198a9840ba43\redgifs_alarmingdarkorchidanemoneshrimp.mp4
2026-08-29 18:46:39,711 [DEBUG] stdout: '1920,1080,30/1,15.100000\n'  stderr: ''
2026-08-29 18:46:39,711 [INFO]   -> 1920x1080 @ 30.000fps  15.10s
2026-08-29 18:46:39,711 [INFO] ffmpeg: F:\Githubrepostotest\Dragon Diffusion Video Prep\venv\Lib\site-packages\static_ffmpeg\bin\win32\ffmpeg.EXE -y -ss 0.0 -to 10.0 -i C:\Users\Andrew Baines\AppData\Local\Temp\gradio\e46eb2649947595316c7f9087723f7b7b6175e98738407637627198a9840ba43\redgifs_alarmingdarkorchidanemoneshrimp.mp4 -vf scale=768:432,fps=25.0 -c:v libx264 -crf 18 -preset slow -c:a aac -b:a 192k F:\Githubrepostotest\Dragon Diffusion Video Prep\output\clip_redgifs_alarmingdarkorchidanemoneshrimp_0s.mp4
2026-08-29 18:46:41,114 [INFO] ffmpeg OK.
2026-08-29 18:46:41,114 [INFO] Done.
Input:  1920x1080 @ 30.00fps
Output: 768x432 @ 25.00fps
Clip:   0.0s → 10.0s  (10.0s)
Saved:  F:\Githubrepostotest\Dragon Diffusion Video Prep\output\clip_redgifs_alarmingdarkorchidanemoneshrimp_0s.mp4
2026-08-29 18:46:48,957 [INFO] Tab1 upload received: C:\Users\Andrew Baines\AppData\Local\Temp\gradio\19c672b2ac7e313d0fd63c0b575b994c7edaa9daa8b9bff7a61d67f4ee1fc331\redgifs_alarminggruesomefugu.mp4
2026-08-29 18:46:48,957 [INFO] Probing: C:\Users\Andrew Baines\AppData\Local\Temp\gradio\19c672b2ac7e313d0fd63c0b575b994c7edaa9daa8b9bff7a61d67f4ee1fc331\redgifs_alarminggruesomefugu.mp4
2026-08-29 18:46:48,959 [DEBUG] cmd: F:\Githubrepostotest\Dragon Diffusion Video Prep\venv\Lib\site-packages\static_ffmpeg\bin\win32\ffprobe.EXE -v error -select_streams v:0 -show_entries stream=width,height,r_frame_rate,duration -of csv=p=0 C:\Users\Andrew Baines\AppData\Local\Temp\gradio\19c672b2ac7e313d0fd63c0b575b994c7edaa9daa8b9bff7a61d67f4ee1fc331\redgifs_alarminggruesomefugu.mp4
2026-08-29 18:46:49,125 [DEBUG] stdout: '1920,1080,60/1,25.933333\n'  stderr: ''
2026-08-29 18:46:49,125 [INFO]   -> 1920x1080 @ 60.000fps  25.93s
2026-08-29 18:47:24,930 [INFO] Tab1 extract from: C:\Users\Andrew Baines\AppData\Local\Temp\gradio\19c672b2ac7e313d0fd63c0b575b994c7edaa9daa8b9bff7a61d67f4ee1fc331\redgifs_alarminggruesomefugu.mp4  start=5  length=10
2026-08-29 18:47:24,930 [INFO] Probing: C:\Users\Andrew Baines\AppData\Local\Temp\gradio\19c672b2ac7e313d0fd63c0b575b994c7edaa9daa8b9bff7a61d67f4ee1fc331\redgifs_alarminggruesomefugu.mp4
2026-08-29 18:47:24,930 [DEBUG] cmd: F:\Githubrepostotest\Dragon Diffusion Video Prep\venv\Lib\site-packages\static_ffmpeg\bin\win32\ffprobe.EXE -v error -select_streams v:0 -show_entries stream=width,height,r_frame_rate,duration -of csv=p=0 C:\Users\Andrew Baines\AppData\Local\Temp\gradio\19c672b2ac7e313d0fd63c0b575b994c7edaa9daa8b9bff7a61d67f4ee1fc331\redgifs_alarminggruesomefugu.mp4
2026-08-29 18:47:24,978 [DEBUG] stdout: '1920,1080,60/1,25.933333\n'  stderr: ''
2026-08-29 18:47:24,978 [INFO]   -> 1920x1080 @ 60.000fps  25.93s
2026-08-29 18:47:24,978 [INFO] ffmpeg: F:\Githubrepostotest\Dragon Diffusion Video Prep\venv\Lib\site-packages\static_ffmpeg\bin\win32\ffmpeg.EXE -y -ss 5.0 -to 15.0 -i C:\Users\Andrew Baines\AppData\Local\Temp\gradio\19c672b2ac7e313d0fd63c0b575b994c7edaa9daa8b9bff7a61d67f4ee1fc331\redgifs_alarminggruesomefugu.mp4 -vf scale=768:432,fps=25.0 -c:v libx264 -crf 18 -preset slow -c:a aac -b:a 192k F:\Githubrepostotest\Dragon Diffusion Video Prep\output\clip_redgifs_alarminggruesomefugu_5s.mp4
2026-08-29 18:47:26,527 [INFO] ffmpeg OK.
2026-08-29 18:47:26,530 [INFO] Done.
Input:  1920x1080 @ 60.00fps
Output: 768x432 @ 25.00fps
Clip:   5.0s → 15.0s  (10.0s)
Saved:  F:\Githubrepostotest\Dragon Diffusion Video Prep\output\clip_redgifs_alarminggruesomefugu_5s.mp4
2026-08-29 18:47:34,184 [INFO] Tab1 upload received: C:\Users\Andrew Baines\AppData\Local\Temp\gradio\be15217fe4364a42ef03065f4e0d5af105f9f6231e1500d187a03003ad15fc59\redgifs_amazingaveragedodo.mp4
2026-08-29 18:47:34,184 [INFO] Probing: C:\Users\Andrew Baines\AppData\Local\Temp\gradio\be15217fe4364a42ef03065f4e0d5af105f9f6231e1500d187a03003ad15fc59\redgifs_amazingaveragedodo.mp4
2026-08-29 18:47:34,184 [DEBUG] cmd: F:\Githubrepostotest\Dragon Diffusion Video Prep\venv\Lib\site-packages\static_ffmpeg\bin\win32\ffprobe.EXE -v error -select_streams v:0 -show_entries stream=width,height,r_frame_rate,duration -of csv=p=0 C:\Users\Andrew Baines\AppData\Local\Temp\gradio\be15217fe4364a42ef03065f4e0d5af105f9f6231e1500d187a03003ad15fc59\redgifs_amazingaveragedodo.mp4
2026-08-29 18:47:34,254 [DEBUG] stdout: '1920,1080,25/1,19.640000\n'  stderr: ''
2026-08-29 18:47:34,255 [INFO]   -> 1920x1080 @ 25.000fps  19.64s
2026-08-29 18:47:56,809 [INFO] Tab1 extract from: C:\Users\Andrew Baines\AppData\Local\Temp\gradio\be15217fe4364a42ef03065f4e0d5af105f9f6231e1500d187a03003ad15fc59\redgifs_amazingaveragedodo.mp4  start=0  length=10
2026-08-29 18:47:56,809 [INFO] Probing: C:\Users\Andrew Baines\AppData\Local\Temp\gradio\be15217fe4364a42ef03065f4e0d5af105f9f6231e1500d187a03003ad15fc59\redgifs_amazingaveragedodo.mp4
2026-08-29 18:47:56,809 [DEBUG] cmd: F:\Githubrepostotest\Dragon Diffusion Video Prep\venv\Lib\site-packages\static_ffmpeg\bin\win32\ffprobe.EXE -v error -select_streams v:0 -show_entries stream=width,height,r_frame_rate,duration -of csv=p=0 C:\Users\Andrew Baines\AppData\Local\Temp\gradio\be15217fe4364a42ef03065f4e0d5af105f9f6231e1500d187a03003ad15fc59\redgifs_amazingaveragedodo.mp4
2026-08-29 18:47:56,853 [DEBUG] stdout: '1920,1080,25/1,19.640000\n'  stderr: ''
2026-08-29 18:47:56,853 [INFO]   -> 1920x1080 @ 25.000fps  19.64s
2026-08-29 18:47:56,853 [INFO] ffmpeg: F:\Githubrepostotest\Dragon Diffusion Video Prep\venv\Lib\site-packages\static_ffmpeg\bin\win32\ffmpeg.EXE -y -ss 0.0 -to 10.0 -i C:\Users\Andrew Baines\AppData\Local\Temp\gradio\be15217fe4364a42ef03065f4e0d5af105f9f6231e1500d187a03003ad15fc59\redgifs_amazingaveragedodo.mp4 -vf scale=768:432,fps=25.0 -c:v libx264 -crf 18 -preset slow -c:a aac -b:a 192k F:\Githubrepostotest\Dragon Diffusion Video Prep\output\clip_redgifs_amazingaveragedodo_0s.mp4
2026-08-29 18:47:57,875 [INFO] ffmpeg OK.
2026-08-29 18:47:57,875 [INFO] Done.
Input:  1920x1080 @ 25.00fps
Output: 768x432 @ 25.00fps
Clip:   0.0s → 10.0s  (10.0s)
Saved:  F:\Githubrepostotest\Dragon Diffusion Video Prep\output\clip_redgifs_amazingaveragedodo_0s.mp4
2026-08-29 18:48:04,225 [INFO] Tab1 upload received: C:\Users\Andrew Baines\AppData\Local\Temp\gradio\d7bf2b36b781148d6a2ae35432eb17f5ed20756a6814a7b1d672e17b67b6ae63\redgifs_aquarottenjuliabutterfly.mp4
2026-08-29 18:48:04,225 [INFO] Probing: C:\Users\Andrew Baines\AppData\Local\Temp\gradio\d7bf2b36b781148d6a2ae35432eb17f5ed20756a6814a7b1d672e17b67b6ae63\redgifs_aquarottenjuliabutterfly.mp4
2026-08-29 18:48:04,228 [DEBUG] cmd: F:\Githubrepostotest\Dragon Diffusion Video Prep\venv\Lib\site-packages\static_ffmpeg\bin\win32\ffprobe.EXE -v error -select_streams v:0 -show_entries stream=width,height,r_frame_rate,duration -of csv=p=0 C:\Users\Andrew Baines\AppData\Local\Temp\gradio\d7bf2b36b781148d6a2ae35432eb17f5ed20756a6814a7b1d672e17b67b6ae63\redgifs_aquarottenjuliabutterfly.mp4
2026-08-29 18:48:04,292 [DEBUG] stdout: '1920,1080,30000/1001,14.447767\n'  stderr: ''
2026-08-29 18:48:04,293 [INFO]   -> 1920x1080 @ 29.970fps  14.45s
2026-08-29 18:48:21,038 [INFO] Tab1 upload received: C:\Users\Andrew Baines\AppData\Local\Temp\gradio\7457b779e1001ab68bd8000278434ffa586ec6240259c9b6167bc706e567467e\redgifs_basiclustrouskakapo.mp4
2026-08-29 18:48:21,038 [INFO] Probing: C:\Users\Andrew Baines\AppData\Local\Temp\gradio\7457b779e1001ab68bd8000278434ffa586ec6240259c9b6167bc706e567467e\redgifs_basiclustrouskakapo.mp4
2026-08-29 18:48:21,038 [DEBUG] cmd: F:\Githubrepostotest\Dragon Diffusion Video Prep\venv\Lib\site-packages\static_ffmpeg\bin\win32\ffprobe.EXE -v error -select_streams v:0 -show_entries stream=width,height,r_frame_rate,duration -of csv=p=0 C:\Users\Andrew Baines\AppData\Local\Temp\gradio\7457b779e1001ab68bd8000278434ffa586ec6240259c9b6167bc706e567467e\redgifs_basiclustrouskakapo.mp4
2026-08-29 18:48:21,105 [DEBUG] stdout: '1920,1080,24/1,17.291667\n'  stderr: ''
2026-08-29 18:48:21,105 [INFO]   -> 1920x1080 @ 24.000fps  17.29s
2026-08-29 18:49:28,142 [INFO] Tab1 extract from: C:\Users\Andrew Baines\AppData\Local\Temp\gradio\7457b779e1001ab68bd8000278434ffa586ec6240259c9b6167bc706e567467e\redgifs_basiclustrouskakapo.mp4  start=1.5  length=5
2026-08-29 18:49:28,146 [INFO] Probing: C:\Users\Andrew Baines\AppData\Local\Temp\gradio\7457b779e1001ab68bd8000278434ffa586ec6240259c9b6167bc706e567467e\redgifs_basiclustrouskakapo.mp4
2026-08-29 18:49:28,147 [DEBUG] cmd: F:\Githubrepostotest\Dragon Diffusion Video Prep\venv\Lib\site-packages\static_ffmpeg\bin\win32\ffprobe.EXE -v error -select_streams v:0 -show_entries stream=width,height,r_frame_rate,duration -of csv=p=0 C:\Users\Andrew Baines\AppData\Local\Temp\gradio\7457b779e1001ab68bd8000278434ffa586ec6240259c9b6167bc706e567467e\redgifs_basiclustrouskakapo.mp4
2026-08-29 18:49:28,323 [DEBUG] stdout: '1920,1080,24/1,17.291667\n'  stderr: ''
2026-08-29 18:49:28,323 [INFO]   -> 1920x1080 @ 24.000fps  17.29s
2026-08-29 18:49:28,324 [INFO] ffmpeg: F:\Githubrepostotest\Dragon Diffusion Video Prep\venv\Lib\site-packages\static_ffmpeg\bin\win32\ffmpeg.EXE -y -ss 1.5 -to 6.5 -i C:\Users\Andrew Baines\AppData\Local\Temp\gradio\7457b779e1001ab68bd8000278434ffa586ec6240259c9b6167bc706e567467e\redgifs_basiclustrouskakapo.mp4 -vf scale=768:432,fps=24.0 -c:v libx264 -crf 18 -preset slow -c:a aac -b:a 192k F:\Githubrepostotest\Dragon Diffusion Video Prep\output\clip_redgifs_basiclustrouskakapo_1s.mp4
2026-08-29 18:49:29,069 [INFO] ffmpeg OK.
2026-08-29 18:49:29,070 [INFO] Done.
Input:  1920x1080 @ 24.00fps
Output: 768x432 @ 24.00fps
Clip:   1.5s → 6.5s  (5.0s)
Saved:  F:\Githubrepostotest\Dragon Diffusion Video Prep\output\clip_redgifs_basiclustrouskakapo_1s.mp4
2026-08-29 18:49:36,651 [INFO] Tab1 upload received: C:\Users\Andrew Baines\AppData\Local\Temp\gradio\bd30ba92389e6b0e3db8ba24b048c45a3c25cc29487019718588f36e9f1cbd09\redgifs_biglimitedurson.mp4
2026-08-29 18:49:36,651 [INFO] Probing: C:\Users\Andrew Baines\AppData\Local\Temp\gradio\bd30ba92389e6b0e3db8ba24b048c45a3c25cc29487019718588f36e9f1cbd09\redgifs_biglimitedurson.mp4
2026-08-29 18:49:36,653 [DEBUG] cmd: F:\Githubrepostotest\Dragon Diffusion Video Prep\venv\Lib\site-packages\static_ffmpeg\bin\win32\ffprobe.EXE -v error -select_streams v:0 -show_entries stream=width,height,r_frame_rate,duration -of csv=p=0 C:\Users\Andrew Baines\AppData\Local\Temp\gradio\bd30ba92389e6b0e3db8ba24b048c45a3c25cc29487019718588f36e9f1cbd09\redgifs_biglimitedurson.mp4
2026-08-29 18:49:36,803 [DEBUG] stdout: '1920,1080,30/1,23.600000\n'  stderr: ''
2026-08-29 18:49:36,803 [INFO]   -> 1920x1080 @ 30.000fps  23.60s
2026-08-29 18:50:04,809 [INFO] Tab1 extract from: C:\Users\Andrew Baines\AppData\Local\Temp\gradio\bd30ba92389e6b0e3db8ba24b048c45a3c25cc29487019718588f36e9f1cbd09\redgifs_biglimitedurson.mp4  start=0  length=5
2026-08-29 18:50:04,809 [INFO] Probing: C:\Users\Andrew Baines\AppData\Local\Temp\gradio\bd30ba92389e6b0e3db8ba24b048c45a3c25cc29487019718588f36e9f1cbd09\redgifs_biglimitedurson.mp4
2026-08-29 18:50:04,811 [DEBUG] cmd: F:\Githubrepostotest\Dragon Diffusion Video Prep\venv\Lib\site-packages\static_ffmpeg\bin\win32\ffprobe.EXE -v error -select_streams v:0 -show_entries stream=width,height,r_frame_rate,duration -of csv=p=0 C:\Users\Andrew Baines\AppData\Local\Temp\gradio\bd30ba92389e6b0e3db8ba24b048c45a3c25cc29487019718588f36e9f1cbd09\redgifs_biglimitedurson.mp4
2026-08-29 18:50:04,935 [DEBUG] stdout: '1920,1080,30/1,23.600000\n'  stderr: ''
2026-08-29 18:50:04,937 [INFO]   -> 1920x1080 @ 30.000fps  23.60s
2026-08-29 18:50:04,937 [INFO] ffmpeg: F:\Githubrepostotest\Dragon Diffusion Video Prep\venv\Lib\site-packages\static_ffmpeg\bin\win32\ffmpeg.EXE -y -ss 0.0 -to 5.0 -i C:\Users\Andrew Baines\AppData\Local\Temp\gradio\bd30ba92389e6b0e3db8ba24b048c45a3c25cc29487019718588f36e9f1cbd09\redgifs_biglimitedurson.mp4 -vf scale=768:432,fps=25.0 -c:v libx264 -crf 18 -preset slow -c:a aac -b:a 192k F:\Githubrepostotest\Dragon Diffusion Video Prep\output\clip_redgifs_biglimitedurson_0s.mp4
2026-08-29 18:50:05,662 [INFO] ffmpeg OK.
2026-08-29 18:50:05,662 [INFO] Done.
Input:  1920x1080 @ 30.00fps
Output: 768x432 @ 25.00fps
Clip:   0.0s → 5.0s  (5.0s)
Saved:  F:\Githubrepostotest\Dragon Diffusion Video Prep\output\clip_redgifs_biglimitedurson_0s.mp4
2026-08-29 18:50:12,193 [INFO] Tab1 extract from: C:\Users\Andrew Baines\AppData\Local\Temp\gradio\bd30ba92389e6b0e3db8ba24b048c45a3c25cc29487019718588f36e9f1cbd09\redgifs_biglimitedurson.mp4  start=0  length=5
2026-08-29 18:50:12,193 [INFO] Probing: C:\Users\Andrew Baines\AppData\Local\Temp\gradio\bd30ba92389e6b0e3db8ba24b048c45a3c25cc29487019718588f36e9f1cbd09\redgifs_biglimitedurson.mp4
2026-08-29 18:50:12,193 [DEBUG] cmd: F:\Githubrepostotest\Dragon Diffusion Video Prep\venv\Lib\site-packages\static_ffmpeg\bin\win32\ffprobe.EXE -v error -select_streams v:0 -show_entries stream=width,height,r_frame_rate,duration -of csv=p=0 C:\Users\Andrew Baines\AppData\Local\Temp\gradio\bd30ba92389e6b0e3db8ba24b048c45a3c25cc29487019718588f36e9f1cbd09\redgifs_biglimitedurson.mp4
2026-08-29 18:50:12,239 [DEBUG] stdout: '1920,1080,30/1,23.600000\n'  stderr: ''
2026-08-29 18:50:12,239 [INFO]   -> 1920x1080 @ 30.000fps  23.60s
2026-08-29 18:50:12,240 [INFO] ffmpeg: F:\Githubrepostotest\Dragon Diffusion Video Prep\venv\Lib\site-packages\static_ffmpeg\bin\win32\ffmpeg.EXE -y -ss 0.0 -to 5.0 -i C:\Users\Andrew Baines\AppData\Local\Temp\gradio\bd30ba92389e6b0e3db8ba24b048c45a3c25cc29487019718588f36e9f1cbd09\redgifs_biglimitedurson.mp4 -vf scale=768:432,fps=25.0 -c:v libx264 -crf 18 -preset slow -c:a aac -b:a 192k F:\Githubrepostotest\Dragon Diffusion Video Prep\output\clip_redgifs_biglimitedurson_0s.mp4
2026-08-29 18:50:12,952 [INFO] ffmpeg OK.
2026-08-29 18:50:12,954 [INFO] Done.
Input:  1920x1080 @ 30.00fps
Output: 768x432 @ 25.00fps
Clip:   0.0s → 5.0s  (5.0s)
Saved:  F:\Githubrepostotest\Dragon Diffusion Video Prep\output\clip_redgifs_biglimitedurson_0s.mp4
2026-08-29 18:50:19,067 [INFO] Tab1 upload received: C:\Users\Andrew Baines\AppData\Local\Temp\gradio\9b6436429cc78f527fed84a8b67128e0b2c4564b165cde55cc053250736ac2a5\redgifs_bisexualfaroffibis.mp4
2026-08-29 18:50:19,069 [INFO] Probing: C:\Users\Andrew Baines\AppData\Local\Temp\gradio\9b6436429cc78f527fed84a8b67128e0b2c4564b165cde55cc053250736ac2a5\redgifs_bisexualfaroffibis.mp4
2026-08-29 18:50:19,069 [DEBUG] cmd: F:\Githubrepostotest\Dragon Diffusion Video Prep\venv\Lib\site-packages\static_ffmpeg\bin\win32\ffprobe.EXE -v error -select_streams v:0 -show_entries stream=width,height,r_frame_rate,duration -of csv=p=0 C:\Users\Andrew Baines\AppData\Local\Temp\gradio\9b6436429cc78f527fed84a8b67128e0b2c4564b165cde55cc053250736ac2a5\redgifs_bisexualfaroffibis.mp4
2026-08-29 18:50:19,117 [DEBUG] stdout: '1920,1080,30000/1001,18.051367\n'  stderr: ''
2026-08-29 18:50:19,117 [INFO]   -> 1920x1080 @ 29.970fps  18.05s
2026-08-29 18:50:36,111 [INFO] Tab1 extract from: C:\Users\Andrew Baines\AppData\Local\Temp\gradio\9b6436429cc78f527fed84a8b67128e0b2c4564b165cde55cc053250736ac2a5\redgifs_bisexualfaroffibis.mp4  start=0  length=7
2026-08-29 18:50:36,111 [INFO] Probing: C:\Users\Andrew Baines\AppData\Local\Temp\gradio\9b6436429cc78f527fed84a8b67128e0b2c4564b165cde55cc053250736ac2a5\redgifs_bisexualfaroffibis.mp4
2026-08-29 18:50:36,111 [DEBUG] cmd: F:\Githubrepostotest\Dragon Diffusion Video Prep\venv\Lib\site-packages\static_ffmpeg\bin\win32\ffprobe.EXE -v error -select_streams v:0 -show_entries stream=width,height,r_frame_rate,duration -of csv=p=0 C:\Users\Andrew Baines\AppData\Local\Temp\gradio\9b6436429cc78f527fed84a8b67128e0b2c4564b165cde55cc053250736ac2a5\redgifs_bisexualfaroffibis.mp4
2026-08-29 18:50:36,157 [DEBUG] stdout: '1920,1080,30000/1001,18.051367\n'  stderr: ''
2026-08-29 18:50:36,157 [INFO]   -> 1920x1080 @ 29.970fps  18.05s
2026-08-29 18:50:36,157 [INFO] ffmpeg: F:\Githubrepostotest\Dragon Diffusion Video Prep\venv\Lib\site-packages\static_ffmpeg\bin\win32\ffmpeg.EXE -y -ss 0.0 -to 7.0 -i C:\Users\Andrew Baines\AppData\Local\Temp\gradio\9b6436429cc78f527fed84a8b67128e0b2c4564b165cde55cc053250736ac2a5\redgifs_bisexualfaroffibis.mp4 -vf scale=768:432,fps=25.0 -c:v libx264 -crf 18 -preset slow -c:a aac -b:a 192k F:\Githubrepostotest\Dragon Diffusion Video Prep\output\clip_redgifs_bisexualfaroffibis_0s.mp4
2026-08-29 18:50:37,171 [INFO] ffmpeg OK.
2026-08-29 18:50:37,171 [INFO] Done.
Input:  1920x1080 @ 29.97fps
Output: 768x432 @ 25.00fps
Clip:   0.0s → 7.0s  (7.0s)
Saved:  F:\Githubrepostotest\Dragon Diffusion Video Prep\output\clip_redgifs_bisexualfaroffibis_0s.mp4
2026-08-29 18:50:44,585 [INFO] Tab1 upload received: C:\Users\Andrew Baines\AppData\Local\Temp\gradio\9d9aa6af0ff935186898f6c52e01588d8e7b4e26811757a14fe0021945785f9e\redgifs_blissfulpurezebraswallowtailbutterfly.mp4
2026-08-29 18:50:44,585 [INFO] Probing: C:\Users\Andrew Baines\AppData\Local\Temp\gradio\9d9aa6af0ff935186898f6c52e01588d8e7b4e26811757a14fe0021945785f9e\redgifs_blissfulpurezebraswallowtailbutterfly.mp4
2026-08-29 18:50:44,585 [DEBUG] cmd: F:\Githubrepostotest\Dragon Diffusion Video Prep\venv\Lib\site-packages\static_ffmpeg\bin\win32\ffprobe.EXE -v error -select_streams v:0 -show_entries stream=width,height,r_frame_rate,duration -of csv=p=0 C:\Users\Andrew Baines\AppData\Local\Temp\gradio\9d9aa6af0ff935186898f6c52e01588d8e7b4e26811757a14fe0021945785f9e\redgifs_blissfulpurezebraswallowtailbutterfly.mp4
2026-08-29 18:50:44,654 [DEBUG] stdout: '1920,1080,30/1,36.266667\n'  stderr: ''
2026-08-29 18:50:44,654 [INFO]   -> 1920x1080 @ 30.000fps  36.27s
2026-08-29 18:51:24,443 [INFO] Tab1 extract from: C:\Users\Andrew Baines\AppData\Local\Temp\gradio\9d9aa6af0ff935186898f6c52e01588d8e7b4e26811757a14fe0021945785f9e\redgifs_blissfulpurezebraswallowtailbutterfly.mp4  start=16  length=7
2026-08-29 18:51:24,443 [INFO] Probing: C:\Users\Andrew Baines\AppData\Local\Temp\gradio\9d9aa6af0ff935186898f6c52e01588d8e7b4e26811757a14fe0021945785f9e\redgifs_blissfulpurezebraswallowtailbutterfly.mp4
2026-08-29 18:51:24,443 [DEBUG] cmd: F:\Githubrepostotest\Dragon Diffusion Video Prep\venv\Lib\site-packages\static_ffmpeg\bin\win32\ffprobe.EXE -v error -select_streams v:0 -show_entries stream=width,height,r_frame_rate,duration -of csv=p=0 C:\Users\Andrew Baines\AppData\Local\Temp\gradio\9d9aa6af0ff935186898f6c52e01588d8e7b4e26811757a14fe0021945785f9e\redgifs_blissfulpurezebraswallowtailbutterfly.mp4
2026-08-29 18:51:24,482 [DEBUG] stdout: '1920,1080,30/1,36.266667\n'  stderr: ''
2026-08-29 18:51:24,482 [INFO]   -> 1920x1080 @ 30.000fps  36.27s
2026-08-29 18:51:24,482 [INFO] ffmpeg: F:\Githubrepostotest\Dragon Diffusion Video Prep\venv\Lib\site-packages\static_ffmpeg\bin\win32\ffmpeg.EXE -y -ss 16.0 -to 23.0 -i C:\Users\Andrew Baines\AppData\Local\Temp\gradio\9d9aa6af0ff935186898f6c52e01588d8e7b4e26811757a14fe0021945785f9e\redgifs_blissfulpurezebraswallowtailbutterfly.mp4 -vf scale=768:432,fps=25.0 -c:v libx264 -crf 18 -preset slow -c:a aac -b:a 192k F:\Githubrepostotest\Dragon Diffusion Video Prep\output\clip_redgifs_blissfulpurezebraswallowtailbutterfly_16s.mp4
2026-08-29 18:51:25,191 [INFO] ffmpeg OK.
2026-08-29 18:51:25,191 [INFO] Done.
Input:  1920x1080 @ 30.00fps
Output: 768x432 @ 25.00fps
Clip:   16.0s → 23.0s  (7.0s)
Saved:  F:\Githubrepostotest\Dragon Diffusion Video Prep\output\clip_redgifs_blissfulpurezebraswallowtailbutterfly_16s.mp4
2026-08-29 18:51:36,661 [INFO] Tab1 upload received: C:\Users\Andrew Baines\AppData\Local\Temp\gradio\ad43751f031d0566c34b2b03c8efccd7de5ba68b20baf6809f026991aaf4b2e4\redgifs_bossygrizzledhapuka.mp4
2026-08-29 18:51:36,663 [INFO] Probing: C:\Users\Andrew Baines\AppData\Local\Temp\gradio\ad43751f031d0566c34b2b03c8efccd7de5ba68b20baf6809f026991aaf4b2e4\redgifs_bossygrizzledhapuka.mp4
2026-08-29 18:51:36,663 [DEBUG] cmd: F:\Githubrepostotest\Dragon Diffusion Video Prep\venv\Lib\site-packages\static_ffmpeg\bin\win32\ffprobe.EXE -v error -select_streams v:0 -show_entries stream=width,height,r_frame_rate,duration -of csv=p=0 C:\Users\Andrew Baines\AppData\Local\Temp\gradio\ad43751f031d0566c34b2b03c8efccd7de5ba68b20baf6809f026991aaf4b2e4\redgifs_bossygrizzledhapuka.mp4
2026-08-29 18:51:36,724 [DEBUG] stdout: '1520,1080,60000/1001,14.230883\n'  stderr: ''
2026-08-29 18:51:36,726 [INFO]   -> 1520x1080 @ 59.940fps  14.23s
2026-08-29 18:52:12,034 [INFO] Tab1 extract from: C:\Users\Andrew Baines\AppData\Local\Temp\gradio\ad43751f031d0566c34b2b03c8efccd7de5ba68b20baf6809f026991aaf4b2e4\redgifs_bossygrizzledhapuka.mp4  start=0  length=7
2026-08-29 18:52:12,034 [INFO] Probing: C:\Users\Andrew Baines\AppData\Local\Temp\gradio\ad43751f031d0566c34b2b03c8efccd7de5ba68b20baf6809f026991aaf4b2e4\redgifs_bossygrizzledhapuka.mp4
2026-08-29 18:52:12,034 [DEBUG] cmd: F:\Githubrepostotest\Dragon Diffusion Video Prep\venv\Lib\site-packages\static_ffmpeg\bin\win32\ffprobe.EXE -v error -select_streams v:0 -show_entries stream=width,height,r_frame_rate,duration -of csv=p=0 C:\Users\Andrew Baines\AppData\Local\Temp\gradio\ad43751f031d0566c34b2b03c8efccd7de5ba68b20baf6809f026991aaf4b2e4\redgifs_bossygrizzledhapuka.mp4
2026-08-29 18:52:12,071 [DEBUG] stdout: '1520,1080,60000/1001,14.230883\n'  stderr: ''
2026-08-29 18:52:12,071 [INFO]   -> 1520x1080 @ 59.940fps  14.23s
2026-08-29 18:52:12,074 [INFO] ffmpeg: F:\Githubrepostotest\Dragon Diffusion Video Prep\venv\Lib\site-packages\static_ffmpeg\bin\win32\ffmpeg.EXE -y -ss 0.0 -to 7.0 -i C:\Users\Andrew Baines\AppData\Local\Temp\gradio\ad43751f031d0566c34b2b03c8efccd7de5ba68b20baf6809f026991aaf4b2e4\redgifs_bossygrizzledhapuka.mp4 -vf scale=768:546,fps=25.0 -c:v libx264 -crf 18 -preset slow -c:a aac -b:a 192k F:\Githubrepostotest\Dragon Diffusion Video Prep\output\clip_redgifs_bossygrizzledhapuka_0s.mp4
2026-08-29 18:52:12,987 [INFO] ffmpeg OK.
2026-08-29 18:52:12,987 [INFO] Done.
Input:  1520x1080 @ 59.94fps
Output: 768x546 @ 25.00fps
Clip:   0.0s → 7.0s  (7.0s)
Saved:  F:\Githubrepostotest\Dragon Diffusion Video Prep\output\clip_redgifs_bossygrizzledhapuka_0s.mp4
2026-08-29 18:52:18,873 [INFO] Tab1 upload received: C:\Users\Andrew Baines\AppData\Local\Temp\gradio\d1a220e59d5f38f22173f26d3ff8118489d2c391253c981d1f8b37ca4abaab9e\redgifs_bountifuldimpledcanary.mp4
2026-08-29 18:52:18,873 [INFO] Probing: C:\Users\Andrew Baines\AppData\Local\Temp\gradio\d1a220e59d5f38f22173f26d3ff8118489d2c391253c981d1f8b37ca4abaab9e\redgifs_bountifuldimpledcanary.mp4
2026-08-29 18:52:18,877 [DEBUG] cmd: F:\Githubrepostotest\Dragon Diffusion Video Prep\venv\Lib\site-packages\static_ffmpeg\bin\win32\ffprobe.EXE -v error -select_streams v:0 -show_entries stream=width,height,r_frame_rate,duration -of csv=p=0 C:\Users\Andrew Baines\AppData\Local\Temp\gradio\d1a220e59d5f38f22173f26d3ff8118489d2c391253c981d1f8b37ca4abaab9e\redgifs_bountifuldimpledcanary.mp4
2026-08-29 18:52:18,925 [DEBUG] stdout: '1920,1080,60/1,40.100000\n'  stderr: ''
2026-08-29 18:52:18,925 [INFO]   -> 1920x1080 @ 60.000fps  40.10s
2026-08-29 18:53:01,409 [INFO] Tab1 extract from: C:\Users\Andrew Baines\AppData\Local\Temp\gradio\d1a220e59d5f38f22173f26d3ff8118489d2c391253c981d1f8b37ca4abaab9e\redgifs_bountifuldimpledcanary.mp4  start=21  length=5
2026-08-29 18:53:01,409 [INFO] Probing: C:\Users\Andrew Baines\AppData\Local\Temp\gradio\d1a220e59d5f38f22173f26d3ff8118489d2c391253c981d1f8b37ca4abaab9e\redgifs_bountifuldimpledcanary.mp4
2026-08-29 18:53:01,409 [DEBUG] cmd: F:\Githubrepostotest\Dragon Diffusion Video Prep\venv\Lib\site-packages\static_ffmpeg\bin\win32\ffprobe.EXE -v error -select_streams v:0 -show_entries stream=width,height,r_frame_rate,duration -of csv=p=0 C:\Users\Andrew Baines\AppData\Local\Temp\gradio\d1a220e59d5f38f22173f26d3ff8118489d2c391253c981d1f8b37ca4abaab9e\redgifs_bountifuldimpledcanary.mp4
2026-08-29 18:53:01,441 [DEBUG] stdout: '1920,1080,60/1,40.100000\n'  stderr: ''
2026-08-29 18:53:01,441 [INFO]   -> 1920x1080 @ 60.000fps  40.10s
2026-08-29 18:53:01,443 [INFO] ffmpeg: F:\Githubrepostotest\Dragon Diffusion Video Prep\venv\Lib\site-packages\static_ffmpeg\bin\win32\ffmpeg.EXE -y -ss 21.0 -to 26.0 -i C:\Users\Andrew Baines\AppData\Local\Temp\gradio\d1a220e59d5f38f22173f26d3ff8118489d2c391253c981d1f8b37ca4abaab9e\redgifs_bountifuldimpledcanary.mp4 -vf scale=768:432,fps=25.0 -c:v libx264 -crf 18 -preset slow -c:a aac -b:a 192k F:\Githubrepostotest\Dragon Diffusion Video Prep\output\clip_redgifs_bountifuldimpledcanary_21s.mp4
2026-08-29 18:53:02,128 [INFO] ffmpeg OK.
2026-08-29 18:53:02,128 [INFO] Done.
Input:  1920x1080 @ 60.00fps
Output: 768x432 @ 25.00fps
Clip:   21.0s → 26.0s  (5.0s)
Saved:  F:\Githubrepostotest\Dragon Diffusion Video Prep\output\clip_redgifs_bountifuldimpledcanary_21s.mp4
2026-08-29 18:53:11,115 [INFO] Tab1 upload received: C:\Users\Andrew Baines\AppData\Local\Temp\gradio\89b0874883085322604db088714e07095cdf84a05517d0124553676fb42eed15\redgifs_breakabletraumaticneonblueguppy.mp4
2026-08-29 18:53:11,115 [INFO] Probing: C:\Users\Andrew Baines\AppData\Local\Temp\gradio\89b0874883085322604db088714e07095cdf84a05517d0124553676fb42eed15\redgifs_breakabletraumaticneonblueguppy.mp4
2026-08-29 18:53:11,115 [DEBUG] cmd: F:\Githubrepostotest\Dragon Diffusion Video Prep\venv\Lib\site-packages\static_ffmpeg\bin\win32\ffprobe.EXE -v error -select_streams v:0 -show_entries stream=width,height,r_frame_rate,duration -of csv=p=0 C:\Users\Andrew Baines\AppData\Local\Temp\gradio\89b0874883085322604db088714e07095cdf84a05517d0124553676fb42eed15\redgifs_breakabletraumaticneonblueguppy.mp4
2026-08-29 18:53:11,167 [DEBUG] stdout: '1920,1080,60/1,24.116667\n'  stderr: ''
2026-08-29 18:53:11,171 [INFO]   -> 1920x1080 @ 60.000fps  24.12s
2026-08-29 18:53:57,742 [INFO] Tab1 extract from: C:\Users\Andrew Baines\AppData\Local\Temp\gradio\89b0874883085322604db088714e07095cdf84a05517d0124553676fb42eed15\redgifs_breakabletraumaticneonblueguppy.mp4  start=5  length=5
2026-08-29 18:53:57,742 [INFO] Probing: C:\Users\Andrew Baines\AppData\Local\Temp\gradio\89b0874883085322604db088714e07095cdf84a05517d0124553676fb42eed15\redgifs_breakabletraumaticneonblueguppy.mp4
2026-08-29 18:53:57,742 [DEBUG] cmd: F:\Githubrepostotest\Dragon Diffusion Video Prep\venv\Lib\site-packages\static_ffmpeg\bin\win32\ffprobe.EXE -v error -select_streams v:0 -show_entries stream=width,height,r_frame_rate,duration -of csv=p=0 C:\Users\Andrew Baines\AppData\Local\Temp\gradio\89b0874883085322604db088714e07095cdf84a05517d0124553676fb42eed15\redgifs_breakabletraumaticneonblueguppy.mp4
2026-08-29 18:53:57,782 [DEBUG] stdout: '1920,1080,60/1,24.116667\n'  stderr: ''
2026-08-29 18:53:57,782 [INFO]   -> 1920x1080 @ 60.000fps  24.12s
2026-08-29 18:53:57,782 [INFO] ffmpeg: F:\Githubrepostotest\Dragon Diffusion Video Prep\venv\Lib\site-packages\static_ffmpeg\bin\win32\ffmpeg.EXE -y -ss 5.0 -to 10.0 -i C:\Users\Andrew Baines\AppData\Local\Temp\gradio\89b0874883085322604db088714e07095cdf84a05517d0124553676fb42eed15\redgifs_breakabletraumaticneonblueguppy.mp4 -vf scale=768:432,fps=25.0 -c:v libx264 -crf 18 -preset slow -c:a aac -b:a 192k F:\Githubrepostotest\Dragon Diffusion Video Prep\output\clip_redgifs_breakabletraumaticneonblueguppy_5s.mp4
2026-08-29 18:53:58,676 [INFO] ffmpeg OK.
2026-08-29 18:53:58,679 [INFO] Done.
Input:  1920x1080 @ 60.00fps
Output: 768x432 @ 25.00fps
Clip:   5.0s → 10.0s  (5.0s)
Saved:  F:\Githubrepostotest\Dragon Diffusion Video Prep\output\clip_redgifs_breakabletraumaticneonblueguppy_5s.mp4
2026-08-29 18:54:05,835 [INFO] Tab1 upload received: C:\Users\Andrew Baines\AppData\Local\Temp\gradio\f4c752fa9f6295c56bc84d53c01faba45c41d14a59bf543f536e9e34a5f31698\redgifs_briefmisguideddalmatian.mp4
2026-08-29 18:54:05,835 [INFO] Probing: C:\Users\Andrew Baines\AppData\Local\Temp\gradio\f4c752fa9f6295c56bc84d53c01faba45c41d14a59bf543f536e9e34a5f31698\redgifs_briefmisguideddalmatian.mp4
2026-08-29 18:54:05,836 [DEBUG] cmd: F:\Githubrepostotest\Dragon Diffusion Video Prep\venv\Lib\site-packages\static_ffmpeg\bin\win32\ffprobe.EXE -v error -select_streams v:0 -show_entries stream=width,height,r_frame_rate,duration -of csv=p=0 C:\Users\Andrew Baines\AppData\Local\Temp\gradio\f4c752fa9f6295c56bc84d53c01faba45c41d14a59bf543f536e9e34a5f31698\redgifs_briefmisguideddalmatian.mp4
2026-08-29 18:54:05,882 [DEBUG] stdout: '1080,1918,30/1,15.066667\n'  stderr: ''
2026-08-29 18:54:05,882 [INFO]   -> 1080x1918 @ 30.000fps  15.07s
2026-08-29 18:54:19,005 [INFO] Tab1 upload received: C:\Users\Andrew Baines\AppData\Local\Temp\gradio\68b6cca02285c206448a3aff224fc6eb298b65a3ea0e9291c387247747641301\redgifs_brieftangibleovenbird.mp4
2026-08-29 18:54:19,005 [INFO] Probing: C:\Users\Andrew Baines\AppData\Local\Temp\gradio\68b6cca02285c206448a3aff224fc6eb298b65a3ea0e9291c387247747641301\redgifs_brieftangibleovenbird.mp4
2026-08-29 18:54:19,005 [DEBUG] cmd: F:\Githubrepostotest\Dragon Diffusion Video Prep\venv\Lib\site-packages\static_ffmpeg\bin\win32\ffprobe.EXE -v error -select_streams v:0 -show_entries stream=width,height,r_frame_rate,duration -of csv=p=0 C:\Users\Andrew Baines\AppData\Local\Temp\gradio\68b6cca02285c206448a3aff224fc6eb298b65a3ea0e9291c387247747641301\redgifs_brieftangibleovenbird.mp4
2026-08-29 18:54:19,048 [DEBUG] stdout: '1920,1080,60000/1001,33.333300\n'  stderr: ''
2026-08-29 18:54:19,048 [INFO]   -> 1920x1080 @ 59.940fps  33.33s
2026-08-29 18:54:55,374 [INFO] Tab1 extract from: C:\Users\Andrew Baines\AppData\Local\Temp\gradio\68b6cca02285c206448a3aff224fc6eb298b65a3ea0e9291c387247747641301\redgifs_brieftangibleovenbird.mp4  start=11  length=5
2026-08-29 18:54:55,374 [INFO] Probing: C:\Users\Andrew Baines\AppData\Local\Temp\gradio\68b6cca02285c206448a3aff224fc6eb298b65a3ea0e9291c387247747641301\redgifs_brieftangibleovenbird.mp4
2026-08-29 18:54:55,374 [DEBUG] cmd: F:\Githubrepostotest\Dragon Diffusion Video Prep\venv\Lib\site-packages\static_ffmpeg\bin\win32\ffprobe.EXE -v error -select_streams v:0 -show_entries stream=width,height,r_frame_rate,duration -of csv=p=0 C:\Users\Andrew Baines\AppData\Local\Temp\gradio\68b6cca02285c206448a3aff224fc6eb298b65a3ea0e9291c387247747641301\redgifs_brieftangibleovenbird.mp4
2026-08-29 18:54:55,404 [DEBUG] stdout: '1920,1080,60000/1001,33.333300\n'  stderr: ''
2026-08-29 18:54:55,404 [INFO]   -> 1920x1080 @ 59.940fps  33.33s
2026-08-29 18:54:55,404 [INFO] ffmpeg: F:\Githubrepostotest\Dragon Diffusion Video Prep\venv\Lib\site-packages\static_ffmpeg\bin\win32\ffmpeg.EXE -y -ss 11.0 -to 16.0 -i C:\Users\Andrew Baines\AppData\Local\Temp\gradio\68b6cca02285c206448a3aff224fc6eb298b65a3ea0e9291c387247747641301\redgifs_brieftangibleovenbird.mp4 -vf scale=768:432,fps=25.0 -c:v libx264 -crf 18 -preset slow -c:a aac -b:a 192k F:\Githubrepostotest\Dragon Diffusion Video Prep\output\clip_redgifs_brieftangibleovenbird_11s.mp4
2026-08-29 18:54:56,097 [INFO] ffmpeg OK.
2026-08-29 18:54:56,097 [INFO] Done.
Input:  1920x1080 @ 59.94fps
Output: 768x432 @ 25.00fps
Clip:   11.0s → 16.0s  (5.0s)
Saved:  F:\Githubrepostotest\Dragon Diffusion Video Prep\output\clip_redgifs_brieftangibleovenbird_11s.mp4
2026-08-29 18:54:58,721 [INFO] Tab1 extract from: C:\Users\Andrew Baines\AppData\Local\Temp\gradio\68b6cca02285c206448a3aff224fc6eb298b65a3ea0e9291c387247747641301\redgifs_brieftangibleovenbird.mp4  start=11  length=5
2026-08-29 18:54:58,721 [INFO] Probing: C:\Users\Andrew Baines\AppData\Local\Temp\gradio\68b6cca02285c206448a3aff224fc6eb298b65a3ea0e9291c387247747641301\redgifs_brieftangibleovenbird.mp4
2026-08-29 18:54:58,721 [DEBUG] cmd: F:\Githubrepostotest\Dragon Diffusion Video Prep\venv\Lib\site-packages\static_ffmpeg\bin\win32\ffprobe.EXE -v error -select_streams v:0 -show_entries stream=width,height,r_frame_rate,duration -of csv=p=0 C:\Users\Andrew Baines\AppData\Local\Temp\gradio\68b6cca02285c206448a3aff224fc6eb298b65a3ea0e9291c387247747641301\redgifs_brieftangibleovenbird.mp4
2026-08-29 18:54:58,760 [DEBUG] stdout: '1920,1080,60000/1001,33.333300\n'  stderr: ''
2026-08-29 18:54:58,760 [INFO]   -> 1920x1080 @ 59.940fps  33.33s
2026-08-29 18:54:58,760 [INFO] ffmpeg: F:\Githubrepostotest\Dragon Diffusion Video Prep\venv\Lib\site-packages\static_ffmpeg\bin\win32\ffmpeg.EXE -y -ss 11.0 -to 16.0 -i C:\Users\Andrew Baines\AppData\Local\Temp\gradio\68b6cca02285c206448a3aff224fc6eb298b65a3ea0e9291c387247747641301\redgifs_brieftangibleovenbird.mp4 -vf scale=768:432,fps=25.0 -c:v libx264 -crf 18 -preset slow -c:a aac -b:a 192k F:\Githubrepostotest\Dragon Diffusion Video Prep\output\clip_redgifs_brieftangibleovenbird_11s.mp4
2026-08-29 18:54:59,496 [INFO] ffmpeg OK.
2026-08-29 18:54:59,496 [INFO] Done.
Input:  1920x1080 @ 59.94fps
Output: 768x432 @ 25.00fps
Clip:   11.0s → 16.0s  (5.0s)
Saved:  F:\Githubrepostotest\Dragon Diffusion Video Prep\output\clip_redgifs_brieftangibleovenbird_11s.mp4
2026-08-29 18:55:07,995 [INFO] Tab1 upload received: C:\Users\Andrew Baines\AppData\Local\Temp\gradio\69794fb1d6de45326f1d0431622923332bd7023d655517ad951c1644e1a72377\redgifs_bubblypreciousmuskrat.mp4
2026-08-29 18:55:07,995 [INFO] Probing: C:\Users\Andrew Baines\AppData\Local\Temp\gradio\69794fb1d6de45326f1d0431622923332bd7023d655517ad951c1644e1a72377\redgifs_bubblypreciousmuskrat.mp4
2026-08-29 18:55:07,996 [DEBUG] cmd: F:\Githubrepostotest\Dragon Diffusion Video Prep\venv\Lib\site-packages\static_ffmpeg\bin\win32\ffprobe.EXE -v error -select_streams v:0 -show_entries stream=width,height,r_frame_rate,duration -of csv=p=0 C:\Users\Andrew Baines\AppData\Local\Temp\gradio\69794fb1d6de45326f1d0431622923332bd7023d655517ad951c1644e1a72377\redgifs_bubblypreciousmuskrat.mp4
2026-08-29 18:55:08,048 [DEBUG] stdout: '1080,1620,60/1,22.266667\n'  stderr: ''
2026-08-29 18:55:08,050 [INFO]   -> 1080x1620 @ 60.000fps  22.27s
2026-08-29 18:56:11,319 [INFO] Tab1 extract from: C:\Users\Andrew Baines\AppData\Local\Temp\gradio\69794fb1d6de45326f1d0431622923332bd7023d655517ad951c1644e1a72377\redgifs_bubblypreciousmuskrat.mp4  start=8  length=6
2026-08-29 18:56:11,319 [INFO] Probing: C:\Users\Andrew Baines\AppData\Local\Temp\gradio\69794fb1d6de45326f1d0431622923332bd7023d655517ad951c1644e1a72377\redgifs_bubblypreciousmuskrat.mp4
2026-08-29 18:56:11,319 [DEBUG] cmd: F:\Githubrepostotest\Dragon Diffusion Video Prep\venv\Lib\site-packages\static_ffmpeg\bin\win32\ffprobe.EXE -v error -select_streams v:0 -show_entries stream=width,height,r_frame_rate,duration -of csv=p=0 C:\Users\Andrew Baines\AppData\Local\Temp\gradio\69794fb1d6de45326f1d0431622923332bd7023d655517ad951c1644e1a72377\redgifs_bubblypreciousmuskrat.mp4
2026-08-29 18:56:11,350 [DEBUG] stdout: '1080,1620,60/1,22.266667\n'  stderr: ''
2026-08-29 18:56:11,350 [INFO]   -> 1080x1620 @ 60.000fps  22.27s
2026-08-29 18:56:11,350 [INFO] ffmpeg: F:\Githubrepostotest\Dragon Diffusion Video Prep\venv\Lib\site-packages\static_ffmpeg\bin\win32\ffmpeg.EXE -y -ss 8.0 -to 14.0 -i C:\Users\Andrew Baines\AppData\Local\Temp\gradio\69794fb1d6de45326f1d0431622923332bd7023d655517ad951c1644e1a72377\redgifs_bubblypreciousmuskrat.mp4 -vf scale=512:768,fps=25.0 -c:v libx264 -crf 18 -preset slow -c:a aac -b:a 192k F:\Githubrepostotest\Dragon Diffusion Video Prep\output\clip_redgifs_bubblypreciousmuskrat_8s.mp4
2026-08-29 18:56:11,952 [INFO] ffmpeg OK.
2026-08-29 18:56:11,952 [INFO] Done.
Input:  1080x1620 @ 60.00fps
Output: 512x768 @ 25.00fps
Clip:   8.0s → 14.0s  (6.0s)
Saved:  F:\Githubrepostotest\Dragon Diffusion Video Prep\output\clip_redgifs_bubblypreciousmuskrat_8s.mp4
2026-08-29 18:56:14,998 [INFO] Tab1 extract from: C:\Users\Andrew Baines\AppData\Local\Temp\gradio\69794fb1d6de45326f1d0431622923332bd7023d655517ad951c1644e1a72377\redgifs_bubblypreciousmuskrat.mp4  start=8  length=6
2026-08-29 18:56:14,998 [INFO] Probing: C:\Users\Andrew Baines\AppData\Local\Temp\gradio\69794fb1d6de45326f1d0431622923332bd7023d655517ad951c1644e1a72377\redgifs_bubblypreciousmuskrat.mp4
2026-08-29 18:56:14,998 [DEBUG] cmd: F:\Githubrepostotest\Dragon Diffusion Video Prep\venv\Lib\site-packages\static_ffmpeg\bin\win32\ffprobe.EXE -v error -select_streams v:0 -show_entries stream=width,height,r_frame_rate,duration -of csv=p=0 C:\Users\Andrew Baines\AppData\Local\Temp\gradio\69794fb1d6de45326f1d0431622923332bd7023d655517ad951c1644e1a72377\redgifs_bubblypreciousmuskrat.mp4
2026-08-29 18:56:15,027 [DEBUG] stdout: '1080,1620,60/1,22.266667\n'  stderr: ''
2026-08-29 18:56:15,027 [INFO]   -> 1080x1620 @ 60.000fps  22.27s
2026-08-29 18:56:15,027 [INFO] ffmpeg: F:\Githubrepostotest\Dragon Diffusion Video Prep\venv\Lib\site-packages\static_ffmpeg\bin\win32\ffmpeg.EXE -y -ss 8.0 -to 14.0 -i C:\Users\Andrew Baines\AppData\Local\Temp\gradio\69794fb1d6de45326f1d0431622923332bd7023d655517ad951c1644e1a72377\redgifs_bubblypreciousmuskrat.mp4 -vf scale=512:768,fps=25.0 -c:v libx264 -crf 18 -preset slow -c:a aac -b:a 192k F:\Githubrepostotest\Dragon Diffusion Video Prep\output\clip_redgifs_bubblypreciousmuskrat_8s.mp4
2026-08-29 18:56:15,634 [INFO] ffmpeg OK.
2026-08-29 18:56:15,636 [INFO] Done.
Input:  1080x1620 @ 60.00fps
Output: 512x768 @ 25.00fps
Clip:   8.0s → 14.0s  (6.0s)
Saved:  F:\Githubrepostotest\Dragon Diffusion Video Prep\output\clip_redgifs_bubblypreciousmuskrat_8s.mp4
2026-08-29 18:56:42,440 [INFO] Tab1 upload received: C:\Users\Andrew Baines\AppData\Local\Temp\gradio\46a6eedc917820e1433ecaebf09bea58de351840d440dec5a564237993c10fa8\redgifs_capitalstingylocust.mp4
2026-08-29 18:56:42,440 [INFO] Probing: C:\Users\Andrew Baines\AppData\Local\Temp\gradio\46a6eedc917820e1433ecaebf09bea58de351840d440dec5a564237993c10fa8\redgifs_capitalstingylocust.mp4
2026-08-29 18:56:42,440 [DEBUG] cmd: F:\Githubrepostotest\Dragon Diffusion Video Prep\venv\Lib\site-packages\static_ffmpeg\bin\win32\ffprobe.EXE -v error -select_streams v:0 -show_entries stream=width,height,r_frame_rate,duration -of csv=p=0 C:\Users\Andrew Baines\AppData\Local\Temp\gradio\46a6eedc917820e1433ecaebf09bea58de351840d440dec5a564237993c10fa8\redgifs_capitalstingylocust.mp4
2026-08-29 18:56:42,501 [DEBUG] stdout: '1920,1080,30/1,21.233333\n'  stderr: ''
2026-08-29 18:56:42,501 [INFO]   -> 1920x1080 @ 30.000fps  21.23s
2026-08-29 18:57:31,404 [INFO] Tab1 extract from: C:\Users\Andrew Baines\AppData\Local\Temp\gradio\46a6eedc917820e1433ecaebf09bea58de351840d440dec5a564237993c10fa8\redgifs_capitalstingylocust.mp4  start=0  length=8
2026-08-29 18:57:31,433 [INFO] Probing: C:\Users\Andrew Baines\AppData\Local\Temp\gradio\46a6eedc917820e1433ecaebf09bea58de351840d440dec5a564237993c10fa8\redgifs_capitalstingylocust.mp4
2026-08-29 18:57:31,433 [DEBUG] cmd: F:\Githubrepostotest\Dragon Diffusion Video Prep\venv\Lib\site-packages\static_ffmpeg\bin\win32\ffprobe.EXE -v error -select_streams v:0 -show_entries stream=width,height,r_frame_rate,duration -of csv=p=0 C:\Users\Andrew Baines\AppData\Local\Temp\gradio\46a6eedc917820e1433ecaebf09bea58de351840d440dec5a564237993c10fa8\redgifs_capitalstingylocust.mp4
2026-08-29 18:57:31,818 [DEBUG] stdout: '1920,1080,30/1,21.233333\n'  stderr: ''
2026-08-29 18:57:31,818 [INFO]   -> 1920x1080 @ 30.000fps  21.23s
2026-08-29 18:57:31,820 [INFO] ffmpeg: F:\Githubrepostotest\Dragon Diffusion Video Prep\venv\Lib\site-packages\static_ffmpeg\bin\win32\ffmpeg.EXE -y -ss 0.0 -to 8.0 -i C:\Users\Andrew Baines\AppData\Local\Temp\gradio\46a6eedc917820e1433ecaebf09bea58de351840d440dec5a564237993c10fa8\redgifs_capitalstingylocust.mp4 -vf scale=768:432,fps=25.0 -c:v libx264 -crf 18 -preset slow -c:a aac -b:a 192k F:\Githubrepostotest\Dragon Diffusion Video Prep\output\clip_redgifs_capitalstingylocust_0s.mp4
2026-08-29 18:57:33,587 [INFO] ffmpeg OK.
2026-08-29 18:57:33,589 [INFO] Done.
Input:  1920x1080 @ 30.00fps
Output: 768x432 @ 25.00fps
Clip:   0.0s → 8.0s  (8.0s)
Saved:  F:\Githubrepostotest\Dragon Diffusion Video Prep\output\clip_redgifs_capitalstingylocust_0s.mp4
2026-08-29 18:57:40,601 [INFO] Tab1 upload received: C:\Users\Andrew Baines\AppData\Local\Temp\gradio\de3683147aac78532023ae1ca213f88495afb88890ff32d181d0791a4319f57f\redgifs_cluelesshighimperatorangel.mp4
2026-08-29 18:57:40,601 [INFO] Probing: C:\Users\Andrew Baines\AppData\Local\Temp\gradio\de3683147aac78532023ae1ca213f88495afb88890ff32d181d0791a4319f57f\redgifs_cluelesshighimperatorangel.mp4
2026-08-29 18:57:40,602 [DEBUG] cmd: F:\Githubrepostotest\Dragon Diffusion Video Prep\venv\Lib\site-packages\static_ffmpeg\bin\win32\ffprobe.EXE -v error -select_streams v:0 -show_entries stream=width,height,r_frame_rate,duration -of csv=p=0 C:\Users\Andrew Baines\AppData\Local\Temp\gradio\de3683147aac78532023ae1ca213f88495afb88890ff32d181d0791a4319f57f\redgifs_cluelesshighimperatorangel.mp4
2026-08-29 18:57:40,765 [DEBUG] stdout: '1920,1080,30/1,14.433333\n'  stderr: ''
2026-08-29 18:57:40,765 [INFO]   -> 1920x1080 @ 30.000fps  14.43s
2026-08-29 18:58:14,598 [INFO] Tab1 extract from: C:\Users\Andrew Baines\AppData\Local\Temp\gradio\de3683147aac78532023ae1ca213f88495afb88890ff32d181d0791a4319f57f\redgifs_cluelesshighimperatorangel.mp4  start=0  length=6
2026-08-29 18:58:14,601 [INFO] Probing: C:\Users\Andrew Baines\AppData\Local\Temp\gradio\de3683147aac78532023ae1ca213f88495afb88890ff32d181d0791a4319f57f\redgifs_cluelesshighimperatorangel.mp4
2026-08-29 18:58:14,602 [DEBUG] cmd: F:\Githubrepostotest\Dragon Diffusion Video Prep\venv\Lib\site-packages\static_ffmpeg\bin\win32\ffprobe.EXE -v error -select_streams v:0 -show_entries stream=width,height,r_frame_rate,duration -of csv=p=0 C:\Users\Andrew Baines\AppData\Local\Temp\gradio\de3683147aac78532023ae1ca213f88495afb88890ff32d181d0791a4319f57f\redgifs_cluelesshighimperatorangel.mp4
2026-08-29 18:58:15,167 [DEBUG] stdout: '1920,1080,30/1,14.433333\n'  stderr: ''
2026-08-29 18:58:15,167 [INFO]   -> 1920x1080 @ 30.000fps  14.43s
2026-08-29 18:58:15,169 [INFO] ffmpeg: F:\Githubrepostotest\Dragon Diffusion Video Prep\venv\Lib\site-packages\static_ffmpeg\bin\win32\ffmpeg.EXE -y -ss 0.0 -to 6.0 -i C:\Users\Andrew Baines\AppData\Local\Temp\gradio\de3683147aac78532023ae1ca213f88495afb88890ff32d181d0791a4319f57f\redgifs_cluelesshighimperatorangel.mp4 -vf scale=768:432,fps=25.0 -c:v libx264 -crf 18 -preset slow -c:a aac -b:a 192k F:\Githubrepostotest\Dragon Diffusion Video Prep\output\clip_redgifs_cluelesshighimperatorangel_0s.mp4
2026-08-29 18:58:16,135 [INFO] ffmpeg OK.
2026-08-29 18:58:16,135 [INFO] Done.
Input:  1920x1080 @ 30.00fps
Output: 768x432 @ 25.00fps
Clip:   0.0s → 6.0s  (6.0s)
Saved:  F:\Githubrepostotest\Dragon Diffusion Video Prep\output\clip_redgifs_cluelesshighimperatorangel_0s.mp4
2026-08-29 18:58:21,946 [INFO] Tab1 upload received: C:\Users\Andrew Baines\AppData\Local\Temp\gradio\8fe84d310c851a702bf5549eabfce040a2f835ddefb9019777c301da833e64ed\redgifs_commongrumpywildcat.mp4
2026-08-29 18:58:21,946 [INFO] Probing: C:\Users\Andrew Baines\AppData\Local\Temp\gradio\8fe84d310c851a702bf5549eabfce040a2f835ddefb9019777c301da833e64ed\redgifs_commongrumpywildcat.mp4
2026-08-29 18:58:21,946 [DEBUG] cmd: F:\Githubrepostotest\Dragon Diffusion Video Prep\venv\Lib\site-packages\static_ffmpeg\bin\win32\ffprobe.EXE -v error -select_streams v:0 -show_entries stream=width,height,r_frame_rate,duration -of csv=p=0 C:\Users\Andrew Baines\AppData\Local\Temp\gradio\8fe84d310c851a702bf5549eabfce040a2f835ddefb9019777c301da833e64ed\redgifs_commongrumpywildcat.mp4
2026-08-29 18:58:22,111 [DEBUG] stdout: '1920,1080,30/1,15.700000\n'  stderr: ''
2026-08-29 18:58:22,111 [INFO]   -> 1920x1080 @ 30.000fps  15.70s
2026-08-29 18:59:03,587 [INFO] Tab1 extract from: C:\Users\Andrew Baines\AppData\Local\Temp\gradio\8fe84d310c851a702bf5549eabfce040a2f835ddefb9019777c301da833e64ed\redgifs_commongrumpywildcat.mp4  start=1  length=5
2026-08-29 18:59:03,587 [INFO] Probing: C:\Users\Andrew Baines\AppData\Local\Temp\gradio\8fe84d310c851a702bf5549eabfce040a2f835ddefb9019777c301da833e64ed\redgifs_commongrumpywildcat.mp4
2026-08-29 18:59:03,588 [DEBUG] cmd: F:\Githubrepostotest\Dragon Diffusion Video Prep\venv\Lib\site-packages\static_ffmpeg\bin\win32\ffprobe.EXE -v error -select_streams v:0 -show_entries stream=width,height,r_frame_rate,duration -of csv=p=0 C:\Users\Andrew Baines\AppData\Local\Temp\gradio\8fe84d310c851a702bf5549eabfce040a2f835ddefb9019777c301da833e64ed\redgifs_commongrumpywildcat.mp4
2026-08-29 18:59:03,719 [DEBUG] stdout: '1920,1080,30/1,15.700000\n'  stderr: ''
2026-08-29 18:59:03,719 [INFO]   -> 1920x1080 @ 30.000fps  15.70s
2026-08-29 18:59:03,720 [INFO] ffmpeg: F:\Githubrepostotest\Dragon Diffusion Video Prep\venv\Lib\site-packages\static_ffmpeg\bin\win32\ffmpeg.EXE -y -ss 1.0 -to 6.0 -i C:\Users\Andrew Baines\AppData\Local\Temp\gradio\8fe84d310c851a702bf5549eabfce040a2f835ddefb9019777c301da833e64ed\redgifs_commongrumpywildcat.mp4 -vf scale=768:432,fps=25.0 -c:v libx264 -crf 18 -preset slow -c:a aac -b:a 192k F:\Githubrepostotest\Dragon Diffusion Video Prep\output\clip_redgifs_commongrumpywildcat_1s.mp4
2026-08-29 18:59:04,462 [INFO] ffmpeg OK.
2026-08-29 18:59:04,463 [INFO] Done.
Input:  1920x1080 @ 30.00fps
Output: 768x432 @ 25.00fps
Clip:   1.0s → 6.0s  (5.0s)
Saved:  F:\Githubrepostotest\Dragon Diffusion Video Prep\output\clip_redgifs_commongrumpywildcat_1s.mp4
2026-08-29 18:59:11,851 [INFO] Tab1 upload received: C:\Users\Andrew Baines\AppData\Local\Temp\gradio\383b7c7afbbd31be2fbc54447c66f1aa8318d8c5d8b839c0874ea3daffcce638\redgifs_complexmasculinefantail.mp4
2026-08-29 18:59:11,851 [INFO] Probing: C:\Users\Andrew Baines\AppData\Local\Temp\gradio\383b7c7afbbd31be2fbc54447c66f1aa8318d8c5d8b839c0874ea3daffcce638\redgifs_complexmasculinefantail.mp4
2026-08-29 18:59:11,852 [DEBUG] cmd: F:\Githubrepostotest\Dragon Diffusion Video Prep\venv\Lib\site-packages\static_ffmpeg\bin\win32\ffprobe.EXE -v error -select_streams v:0 -show_entries stream=width,height,r_frame_rate,duration -of csv=p=0 C:\Users\Andrew Baines\AppData\Local\Temp\gradio\383b7c7afbbd31be2fbc54447c66f1aa8318d8c5d8b839c0874ea3daffcce638\redgifs_complexmasculinefantail.mp4
2026-08-29 18:59:11,905 [DEBUG] stdout: '1920,1080,30/1,12.366667\n'  stderr: ''
2026-08-29 18:59:11,905 [INFO]   -> 1920x1080 @ 30.000fps  12.37s
2026-08-29 18:59:38,225 [INFO] Tab1 extract from: C:\Users\Andrew Baines\AppData\Local\Temp\gradio\383b7c7afbbd31be2fbc54447c66f1aa8318d8c5d8b839c0874ea3daffcce638\redgifs_complexmasculinefantail.mp4  start=1  length=5
2026-08-29 18:59:38,225 [INFO] Probing: C:\Users\Andrew Baines\AppData\Local\Temp\gradio\383b7c7afbbd31be2fbc54447c66f1aa8318d8c5d8b839c0874ea3daffcce638\redgifs_complexmasculinefantail.mp4
2026-08-29 18:59:38,225 [DEBUG] cmd: F:\Githubrepostotest\Dragon Diffusion Video Prep\venv\Lib\site-packages\static_ffmpeg\bin\win32\ffprobe.EXE -v error -select_streams v:0 -show_entries stream=width,height,r_frame_rate,duration -of csv=p=0 C:\Users\Andrew Baines\AppData\Local\Temp\gradio\383b7c7afbbd31be2fbc54447c66f1aa8318d8c5d8b839c0874ea3daffcce638\redgifs_complexmasculinefantail.mp4
2026-08-29 18:59:38,276 [DEBUG] stdout: '1920,1080,30/1,12.366667\n'  stderr: ''
2026-08-29 18:59:38,276 [INFO]   -> 1920x1080 @ 30.000fps  12.37s
2026-08-29 18:59:38,276 [INFO] ffmpeg: F:\Githubrepostotest\Dragon Diffusion Video Prep\venv\Lib\site-packages\static_ffmpeg\bin\win32\ffmpeg.EXE -y -ss 1.0 -to 6.0 -i C:\Users\Andrew Baines\AppData\Local\Temp\gradio\383b7c7afbbd31be2fbc54447c66f1aa8318d8c5d8b839c0874ea3daffcce638\redgifs_complexmasculinefantail.mp4 -vf scale=768:432,fps=25.0 -c:v libx264 -crf 18 -preset slow -c:a aac -b:a 192k F:\Githubrepostotest\Dragon Diffusion Video Prep\output\clip_redgifs_complexmasculinefantail_1s.mp4
2026-08-29 18:59:38,936 [INFO] ffmpeg OK.
2026-08-29 18:59:38,938 [INFO] Done.
Input:  1920x1080 @ 30.00fps
Output: 768x432 @ 25.00fps
Clip:   1.0s → 6.0s  (5.0s)
Saved:  F:\Githubrepostotest\Dragon Diffusion Video Prep\output\clip_redgifs_complexmasculinefantail_1s.mp4
2026-08-29 18:59:47,091 [INFO] Tab1 upload received: C:\Users\Andrew Baines\AppData\Local\Temp\gradio\962aa58b3a41c34953d674f8a5735f082d16fc9e70e10f8f30ec35e0913eb126\redgifs_concreteweepyzanzibardaygecko.mp4
2026-08-29 18:59:47,091 [INFO] Probing: C:\Users\Andrew Baines\AppData\Local\Temp\gradio\962aa58b3a41c34953d674f8a5735f082d16fc9e70e10f8f30ec35e0913eb126\redgifs_concreteweepyzanzibardaygecko.mp4
2026-08-29 18:59:47,094 [DEBUG] cmd: F:\Githubrepostotest\Dragon Diffusion Video Prep\venv\Lib\site-packages\static_ffmpeg\bin\win32\ffprobe.EXE -v error -select_streams v:0 -show_entries stream=width,height,r_frame_rate,duration -of csv=p=0 C:\Users\Andrew Baines\AppData\Local\Temp\gradio\962aa58b3a41c34953d674f8a5735f082d16fc9e70e10f8f30ec35e0913eb126\redgifs_concreteweepyzanzibardaygecko.mp4
2026-08-29 18:59:47,151 [DEBUG] stdout: '1920,1080,50/1,20.320000\n'  stderr: ''
2026-08-29 18:59:47,152 [INFO]   -> 1920x1080 @ 50.000fps  20.32s
2026-08-29 19:00:38,174 [INFO] Tab1 extract from: C:\Users\Andrew Baines\AppData\Local\Temp\gradio\962aa58b3a41c34953d674f8a5735f082d16fc9e70e10f8f30ec35e0913eb126\redgifs_concreteweepyzanzibardaygecko.mp4  start=1  length=5
2026-08-29 19:00:38,177 [INFO] Probing: C:\Users\Andrew Baines\AppData\Local\Temp\gradio\962aa58b3a41c34953d674f8a5735f082d16fc9e70e10f8f30ec35e0913eb126\redgifs_concreteweepyzanzibardaygecko.mp4
2026-08-29 19:00:38,178 [DEBUG] cmd: F:\Githubrepostotest\Dragon Diffusion Video Prep\venv\Lib\site-packages\static_ffmpeg\bin\win32\ffprobe.EXE -v error -select_streams v:0 -show_entries stream=width,height,r_frame_rate,duration -of csv=p=0 C:\Users\Andrew Baines\AppData\Local\Temp\gradio\962aa58b3a41c34953d674f8a5735f082d16fc9e70e10f8f30ec35e0913eb126\redgifs_concreteweepyzanzibardaygecko.mp4
2026-08-29 19:00:38,399 [DEBUG] stdout: '1920,1080,50/1,20.320000\n'  stderr: ''
2026-08-29 19:00:38,399 [INFO]   -> 1920x1080 @ 50.000fps  20.32s
2026-08-29 19:00:38,400 [INFO] ffmpeg: F:\Githubrepostotest\Dragon Diffusion Video Prep\venv\Lib\site-packages\static_ffmpeg\bin\win32\ffmpeg.EXE -y -ss 1.0 -to 6.0 -i C:\Users\Andrew Baines\AppData\Local\Temp\gradio\962aa58b3a41c34953d674f8a5735f082d16fc9e70e10f8f30ec35e0913eb126\redgifs_concreteweepyzanzibardaygecko.mp4 -vf scale=768:432,fps=25.0 -c:v libx264 -crf 18 -preset slow -c:a aac -b:a 192k F:\Githubrepostotest\Dragon Diffusion Video Prep\output\clip_redgifs_concreteweepyzanzibardaygecko_1s.mp4
2026-08-29 19:00:39,367 [INFO] ffmpeg OK.
2026-08-29 19:00:39,367 [INFO] Done.
Input:  1920x1080 @ 50.00fps
Output: 768x432 @ 25.00fps
Clip:   1.0s → 6.0s  (5.0s)
Saved:  F:\Githubrepostotest\Dragon Diffusion Video Prep\output\clip_redgifs_concreteweepyzanzibardaygecko_1s.mp4
2026-08-29 19:00:44,761 [INFO] Tab1 upload received: C:\Users\Andrew Baines\AppData\Local\Temp\gradio\f9e103a1d8a8fdb620aefd7374268ee4829a3c50d931f640714faf123908966b\redgifs_coraljubilantsamoyeddog.mp4
2026-08-29 19:00:44,762 [INFO] Probing: C:\Users\Andrew Baines\AppData\Local\Temp\gradio\f9e103a1d8a8fdb620aefd7374268ee4829a3c50d931f640714faf123908966b\redgifs_coraljubilantsamoyeddog.mp4
2026-08-29 19:00:44,764 [DEBUG] cmd: F:\Githubrepostotest\Dragon Diffusion Video Prep\venv\Lib\site-packages\static_ffmpeg\bin\win32\ffprobe.EXE -v error -select_streams v:0 -show_entries stream=width,height,r_frame_rate,duration -of csv=p=0 C:\Users\Andrew Baines\AppData\Local\Temp\gradio\f9e103a1d8a8fdb620aefd7374268ee4829a3c50d931f640714faf123908966b\redgifs_coraljubilantsamoyeddog.mp4
2026-08-29 19:00:44,898 [DEBUG] stdout: '1920,1080,60/1,16.183333\n'  stderr: ''
2026-08-29 19:00:44,898 [INFO]   -> 1920x1080 @ 60.000fps  16.18s
2026-08-29 19:01:18,603 [INFO] Tab1 extract from: C:\Users\Andrew Baines\AppData\Local\Temp\gradio\f9e103a1d8a8fdb620aefd7374268ee4829a3c50d931f640714faf123908966b\redgifs_coraljubilantsamoyeddog.mp4  start=0  length=7.5
2026-08-29 19:01:18,603 [INFO] Probing: C:\Users\Andrew Baines\AppData\Local\Temp\gradio\f9e103a1d8a8fdb620aefd7374268ee4829a3c50d931f640714faf123908966b\redgifs_coraljubilantsamoyeddog.mp4
2026-08-29 19:01:18,603 [DEBUG] cmd: F:\Githubrepostotest\Dragon Diffusion Video Prep\venv\Lib\site-packages\static_ffmpeg\bin\win32\ffprobe.EXE -v error -select_streams v:0 -show_entries stream=width,height,r_frame_rate,duration -of csv=p=0 C:\Users\Andrew Baines\AppData\Local\Temp\gradio\f9e103a1d8a8fdb620aefd7374268ee4829a3c50d931f640714faf123908966b\redgifs_coraljubilantsamoyeddog.mp4
2026-08-29 19:01:18,653 [DEBUG] stdout: '1920,1080,60/1,16.183333\n'  stderr: ''
2026-08-29 19:01:18,653 [INFO]   -> 1920x1080 @ 60.000fps  16.18s
2026-08-29 19:01:18,653 [INFO] ffmpeg: F:\Githubrepostotest\Dragon Diffusion Video Prep\venv\Lib\site-packages\static_ffmpeg\bin\win32\ffmpeg.EXE -y -ss 0.0 -to 7.5 -i C:\Users\Andrew Baines\AppData\Local\Temp\gradio\f9e103a1d8a8fdb620aefd7374268ee4829a3c50d931f640714faf123908966b\redgifs_coraljubilantsamoyeddog.mp4 -vf scale=768:432,fps=25.0 -c:v libx264 -crf 18 -preset slow -c:a aac -b:a 192k F:\Githubrepostotest\Dragon Diffusion Video Prep\output\clip_redgifs_coraljubilantsamoyeddog_0s.mp4
2026-08-29 19:01:20,140 [INFO] ffmpeg OK.
2026-08-29 19:01:20,140 [INFO] Done.
Input:  1920x1080 @ 60.00fps
Output: 768x432 @ 25.00fps
Clip:   0.0s → 7.5s  (7.5s)
Saved:  F:\Githubrepostotest\Dragon Diffusion Video Prep\output\clip_redgifs_coraljubilantsamoyeddog_0s.mp4
2026-08-29 19:01:25,374 [INFO] Tab1 upload received: C:\Users\Andrew Baines\AppData\Local\Temp\gradio\fb2582e50a4ec8295bed67c370326eadd82a8798ad71a7e524a7b23f839f036e\redgifs_crimsonachingiraniangroundjay.mp4
2026-08-29 19:01:25,374 [INFO] Probing: C:\Users\Andrew Baines\AppData\Local\Temp\gradio\fb2582e50a4ec8295bed67c370326eadd82a8798ad71a7e524a7b23f839f036e\redgifs_crimsonachingiraniangroundjay.mp4
2026-08-29 19:01:25,379 [DEBUG] cmd: F:\Githubrepostotest\Dragon Diffusion Video Prep\venv\Lib\site-packages\static_ffmpeg\bin\win32\ffprobe.EXE -v error -select_streams v:0 -show_entries stream=width,height,r_frame_rate,duration -of csv=p=0 C:\Users\Andrew Baines\AppData\Local\Temp\gradio\fb2582e50a4ec8295bed67c370326eadd82a8798ad71a7e524a7b23f839f036e\redgifs_crimsonachingiraniangroundjay.mp4
2026-08-29 19:01:25,439 [DEBUG] stdout: '1920,1080,30/1,36.933333\n'  stderr: ''
2026-08-29 19:01:25,439 [INFO]   -> 1920x1080 @ 30.000fps  36.93s
2026-08-29 19:01:47,307 [INFO] Tab1 upload received: C:\Users\Andrew Baines\AppData\Local\Temp\gradio\95b9a795da0b15b95eed105d253531c4b2f1eedd6ee3d304884a809a748a6d8a\redgifs_cumbersomesorrowfulewe.mp4
2026-08-29 19:01:47,307 [INFO] Probing: C:\Users\Andrew Baines\AppData\Local\Temp\gradio\95b9a795da0b15b95eed105d253531c4b2f1eedd6ee3d304884a809a748a6d8a\redgifs_cumbersomesorrowfulewe.mp4
2026-08-29 19:01:47,308 [DEBUG] cmd: F:\Githubrepostotest\Dragon Diffusion Video Prep\venv\Lib\site-packages\static_ffmpeg\bin\win32\ffprobe.EXE -v error -select_streams v:0 -show_entries stream=width,height,r_frame_rate,duration -of csv=p=0 C:\Users\Andrew Baines\AppData\Local\Temp\gradio\95b9a795da0b15b95eed105d253531c4b2f1eedd6ee3d304884a809a748a6d8a\redgifs_cumbersomesorrowfulewe.mp4
2026-08-29 19:01:47,364 [DEBUG] stdout: '1920,1080,30/1,14.000000\n'  stderr: ''
2026-08-29 19:01:47,365 [INFO]   -> 1920x1080 @ 30.000fps  14.00s
2026-08-29 19:02:21,539 [INFO] Tab1 extract from: C:\Users\Andrew Baines\AppData\Local\Temp\gradio\95b9a795da0b15b95eed105d253531c4b2f1eedd6ee3d304884a809a748a6d8a\redgifs_cumbersomesorrowfulewe.mp4  start=1  length=6
2026-08-29 19:02:21,539 [INFO] Probing: C:\Users\Andrew Baines\AppData\Local\Temp\gradio\95b9a795da0b15b95eed105d253531c4b2f1eedd6ee3d304884a809a748a6d8a\redgifs_cumbersomesorrowfulewe.mp4
2026-08-29 19:02:21,539 [DEBUG] cmd: F:\Githubrepostotest\Dragon Diffusion Video Prep\venv\Lib\site-packages\static_ffmpeg\bin\win32\ffprobe.EXE -v error -select_streams v:0 -show_entries stream=width,height,r_frame_rate,duration -of csv=p=0 C:\Users\Andrew Baines\AppData\Local\Temp\gradio\95b9a795da0b15b95eed105d253531c4b2f1eedd6ee3d304884a809a748a6d8a\redgifs_cumbersomesorrowfulewe.mp4
2026-08-29 19:02:21,745 [DEBUG] stdout: '1920,1080,30/1,14.000000\n'  stderr: ''
2026-08-29 19:02:21,745 [INFO]   -> 1920x1080 @ 30.000fps  14.00s
2026-08-29 19:02:21,745 [INFO] ffmpeg: F:\Githubrepostotest\Dragon Diffusion Video Prep\venv\Lib\site-packages\static_ffmpeg\bin\win32\ffmpeg.EXE -y -ss 1.0 -to 7.0 -i C:\Users\Andrew Baines\AppData\Local\Temp\gradio\95b9a795da0b15b95eed105d253531c4b2f1eedd6ee3d304884a809a748a6d8a\redgifs_cumbersomesorrowfulewe.mp4 -vf scale=768:432,fps=25.0 -c:v libx264 -crf 18 -preset slow -c:a aac -b:a 192k F:\Githubrepostotest\Dragon Diffusion Video Prep\output\clip_redgifs_cumbersomesorrowfulewe_1s.mp4
2026-08-29 19:02:22,558 [INFO] ffmpeg OK.
2026-08-29 19:02:22,558 [INFO] Done.
Input:  1920x1080 @ 30.00fps
Output: 768x432 @ 25.00fps
Clip:   1.0s → 7.0s  (6.0s)
Saved:  F:\Githubrepostotest\Dragon Diffusion Video Prep\output\clip_redgifs_cumbersomesorrowfulewe_1s.mp4
2026-08-29 19:02:28,847 [INFO] Tab1 upload received: C:\Users\Andrew Baines\AppData\Local\Temp\gradio\ff0d2103a094346dcf8c22a1d65932ce78d37e3728e4392c986d7eca216ccd9b\redgifs_darlingcolorlessdragon.mp4
2026-08-29 19:02:28,847 [INFO] Probing: C:\Users\Andrew Baines\AppData\Local\Temp\gradio\ff0d2103a094346dcf8c22a1d65932ce78d37e3728e4392c986d7eca216ccd9b\redgifs_darlingcolorlessdragon.mp4
2026-08-29 19:02:28,851 [DEBUG] cmd: F:\Githubrepostotest\Dragon Diffusion Video Prep\venv\Lib\site-packages\static_ffmpeg\bin\win32\ffprobe.EXE -v error -select_streams v:0 -show_entries stream=width,height,r_frame_rate,duration -of csv=p=0 C:\Users\Andrew Baines\AppData\Local\Temp\gradio\ff0d2103a094346dcf8c22a1d65932ce78d37e3728e4392c986d7eca216ccd9b\redgifs_darlingcolorlessdragon.mp4
2026-08-29 19:02:28,907 [DEBUG] stdout: '1920,1080,30/1,14.000000\n'  stderr: ''
2026-08-29 19:02:28,911 [INFO]   -> 1920x1080 @ 30.000fps  14.00s
2026-08-29 19:02:49,048 [INFO] Tab1 extract from: C:\Users\Andrew Baines\AppData\Local\Temp\gradio\ff0d2103a094346dcf8c22a1d65932ce78d37e3728e4392c986d7eca216ccd9b\redgifs_darlingcolorlessdragon.mp4  start=0  length=8
2026-08-29 19:02:49,048 [INFO] Probing: C:\Users\Andrew Baines\AppData\Local\Temp\gradio\ff0d2103a094346dcf8c22a1d65932ce78d37e3728e4392c986d7eca216ccd9b\redgifs_darlingcolorlessdragon.mp4
2026-08-29 19:02:49,048 [DEBUG] cmd: F:\Githubrepostotest\Dragon Diffusion Video Prep\venv\Lib\site-packages\static_ffmpeg\bin\win32\ffprobe.EXE -v error -select_streams v:0 -show_entries stream=width,height,r_frame_rate,duration -of csv=p=0 C:\Users\Andrew Baines\AppData\Local\Temp\gradio\ff0d2103a094346dcf8c22a1d65932ce78d37e3728e4392c986d7eca216ccd9b\redgifs_darlingcolorlessdragon.mp4
2026-08-29 19:02:49,096 [DEBUG] stdout: '1920,1080,30/1,14.000000\n'  stderr: ''
2026-08-29 19:02:49,096 [INFO]   -> 1920x1080 @ 30.000fps  14.00s
2026-08-29 19:02:49,096 [INFO] ffmpeg: F:\Githubrepostotest\Dragon Diffusion Video Prep\venv\Lib\site-packages\static_ffmpeg\bin\win32\ffmpeg.EXE -y -ss 0.0 -to 8.0 -i C:\Users\Andrew Baines\AppData\Local\Temp\gradio\ff0d2103a094346dcf8c22a1d65932ce78d37e3728e4392c986d7eca216ccd9b\redgifs_darlingcolorlessdragon.mp4 -vf scale=768:432,fps=25.0 -c:v libx264 -crf 18 -preset slow -c:a aac -b:a 192k F:\Githubrepostotest\Dragon Diffusion Video Prep\output\clip_redgifs_darlingcolorlessdragon_0s.mp4
2026-08-29 19:02:50,006 [INFO] ffmpeg OK.
2026-08-29 19:02:50,006 [INFO] Done.
Input:  1920x1080 @ 30.00fps
Output: 768x432 @ 25.00fps
Clip:   0.0s → 8.0s  (8.0s)
Saved:  F:\Githubrepostotest\Dragon Diffusion Video Prep\output\clip_redgifs_darlingcolorlessdragon_0s.mp4
2026-08-29 19:02:57,021 [INFO] Tab1 upload received: C:\Users\Andrew Baines\AppData\Local\Temp\gradio\3e09511d37b01edc68b424653dce810d95b2db6757e6697f191490b094147cfe\redgifs_darlingunnaturalfiddlercrab.mp4
2026-08-29 19:02:57,025 [INFO] Probing: C:\Users\Andrew Baines\AppData\Local\Temp\gradio\3e09511d37b01edc68b424653dce810d95b2db6757e6697f191490b094147cfe\redgifs_darlingunnaturalfiddlercrab.mp4
2026-08-29 19:02:57,026 [DEBUG] cmd: F:\Githubrepostotest\Dragon Diffusion Video Prep\venv\Lib\site-packages\static_ffmpeg\bin\win32\ffprobe.EXE -v error -select_streams v:0 -show_entries stream=width,height,r_frame_rate,duration -of csv=p=0 C:\Users\Andrew Baines\AppData\Local\Temp\gradio\3e09511d37b01edc68b424653dce810d95b2db6757e6697f191490b094147cfe\redgifs_darlingunnaturalfiddlercrab.mp4
2026-08-29 19:02:57,087 [DEBUG] stdout: '1920,1080,30000/1001,12.445767\n'  stderr: ''
2026-08-29 19:02:57,090 [INFO]   -> 1920x1080 @ 29.970fps  12.45s
2026-08-29 19:03:15,024 [INFO] Tab1 extract from: C:\Users\Andrew Baines\AppData\Local\Temp\gradio\3e09511d37b01edc68b424653dce810d95b2db6757e6697f191490b094147cfe\redgifs_darlingunnaturalfiddlercrab.mp4  start=0  length=5
2026-08-29 19:03:15,026 [INFO] Probing: C:\Users\Andrew Baines\AppData\Local\Temp\gradio\3e09511d37b01edc68b424653dce810d95b2db6757e6697f191490b094147cfe\redgifs_darlingunnaturalfiddlercrab.mp4
2026-08-29 19:03:15,026 [DEBUG] cmd: F:\Githubrepostotest\Dragon Diffusion Video Prep\venv\Lib\site-packages\static_ffmpeg\bin\win32\ffprobe.EXE -v error -select_streams v:0 -show_entries stream=width,height,r_frame_rate,duration -of csv=p=0 C:\Users\Andrew Baines\AppData\Local\Temp\gradio\3e09511d37b01edc68b424653dce810d95b2db6757e6697f191490b094147cfe\redgifs_darlingunnaturalfiddlercrab.mp4
2026-08-29 19:03:15,232 [DEBUG] stdout: '1920,1080,30000/1001,12.445767\n'  stderr: ''
2026-08-29 19:03:15,232 [INFO]   -> 1920x1080 @ 29.970fps  12.45s
2026-08-29 19:03:15,233 [INFO] ffmpeg: F:\Githubrepostotest\Dragon Diffusion Video Prep\venv\Lib\site-packages\static_ffmpeg\bin\win32\ffmpeg.EXE -y -ss 0.0 -to 5.0 -i C:\Users\Andrew Baines\AppData\Local\Temp\gradio\3e09511d37b01edc68b424653dce810d95b2db6757e6697f191490b094147cfe\redgifs_darlingunnaturalfiddlercrab.mp4 -vf scale=768:432,fps=25.0 -c:v libx264 -crf 18 -preset slow -c:a aac -b:a 192k F:\Githubrepostotest\Dragon Diffusion Video Prep\output\clip_redgifs_darlingunnaturalfiddlercrab_0s.mp4
2026-08-29 19:03:15,995 [INFO] ffmpeg OK.
2026-08-29 19:03:15,996 [INFO] Done.
Input:  1920x1080 @ 29.97fps
Output: 768x432 @ 25.00fps
Clip:   0.0s → 5.0s  (5.0s)
Saved:  F:\Githubrepostotest\Dragon Diffusion Video Prep\output\clip_redgifs_darlingunnaturalfiddlercrab_0s.mp4
2026-08-29 19:03:22,026 [INFO] Tab1 upload received: C:\Users\Andrew Baines\AppData\Local\Temp\gradio\6a390724ebae44f2afd0be817e5cef42025eeae25f6f0741cc4d2dd30dea6735\redgifs_delectableweepymonoclonius.mp4
2026-08-29 19:03:22,026 [INFO] Probing: C:\Users\Andrew Baines\AppData\Local\Temp\gradio\6a390724ebae44f2afd0be817e5cef42025eeae25f6f0741cc4d2dd30dea6735\redgifs_delectableweepymonoclonius.mp4
2026-08-29 19:03:22,026 [DEBUG] cmd: F:\Githubrepostotest\Dragon Diffusion Video Prep\venv\Lib\site-packages\static_ffmpeg\bin\win32\ffprobe.EXE -v error -select_streams v:0 -show_entries stream=width,height,r_frame_rate,duration -of csv=p=0 C:\Users\Andrew Baines\AppData\Local\Temp\gradio\6a390724ebae44f2afd0be817e5cef42025eeae25f6f0741cc4d2dd30dea6735\redgifs_delectableweepymonoclonius.mp4
2026-08-29 19:03:22,090 [DEBUG] stdout: '1920,1080,25/1,14.000000\n'  stderr: ''
2026-08-29 19:03:22,090 [INFO]   -> 1920x1080 @ 25.000fps  14.00s
2026-08-29 21:32:06,876 [INFO] Starting — pulling FFmpeg binaries...
2026-08-29 21:32:06,883 [DEBUG] Attempting to acquire lock 1514006862960 on F:\Githubrepostotest\Dragon Diffusion Video Prep\venv\Lib\site-packages\static_ffmpeg\lock.file
2026-08-29 21:32:06,884 [DEBUG] Lock 1514006862960 acquired on F:\Githubrepostotest\Dragon Diffusion Video Prep\venv\Lib\site-packages\static_ffmpeg\lock.file
2026-08-29 21:32:06,884 [DEBUG] Attempting to release lock 1514006862960 on F:\Githubrepostotest\Dragon Diffusion Video Prep\venv\Lib\site-packages\static_ffmpeg\lock.file
2026-08-29 21:32:06,885 [DEBUG] Lock 1514006862960 released on F:\Githubrepostotest\Dragon Diffusion Video Prep\venv\Lib\site-packages\static_ffmpeg\lock.file
2026-08-29 21:32:06,885 [INFO] FFmpeg ready.
2026-08-29 21:32:06,885 [INFO] Input  folder: F:\Githubrepostotest\Dragon Diffusion Video Prep\input
2026-08-29 21:32:06,885 [INFO] Output folder: F:\Githubrepostotest\Dragon Diffusion Video Prep\output
2026-08-29 21:32:06,888 [DEBUG] Using proactor: IocpProactor
2026-08-29 21:32:06,889 [DEBUG] Using proactor: IocpProactor
2026-08-29 21:32:06,890 [DEBUG] Using proactor: IocpProactor
2026-08-29 21:32:06,890 [DEBUG] Using proactor: IocpProactor
2026-08-29 21:32:07,074 [DEBUG] connect_tcp.started host='api.gradio.app' port=443 local_address=None timeout=3 socket_options=None
2026-08-29 21:32:07,116 [DEBUG] connect_tcp.started host='huggingface.co' port=443 local_address=None timeout=None socket_options=None
2026-08-29 21:32:07,169 [DEBUG] Using proactor: IocpProactor
2026-08-29 21:32:07,170 [DEBUG] Using proactor: IocpProactor
2026-08-29 21:32:07,197 [DEBUG] Using proactor: IocpProactor
2026-08-29 21:32:07,198 [DEBUG] Using proactor: IocpProactor
2026-08-29 21:32:07,198 [DEBUG] connect_tcp.complete return_value=<httpcore._backends.sync.SyncStream object at 0x00000160821FA000>
2026-08-29 21:32:07,198 [DEBUG] start_tls.started ssl_context=<ssl.SSLContext object at 0x00000160820963D0> server_hostname='huggingface.co' timeout=None
2026-08-29 21:32:07,259 [DEBUG] start_tls.complete return_value=<httpcore._backends.sync.SyncStream object at 0x00000160821F9F10>
2026-08-29 21:32:07,260 [DEBUG] send_request_headers.started request=<Request [b'HEAD']>
2026-08-29 21:32:07,260 [DEBUG] send_request_headers.complete
2026-08-29 21:32:07,260 [DEBUG] send_request_body.started request=<Request [b'HEAD']>
2026-08-29 21:32:07,260 [DEBUG] send_request_body.complete
2026-08-29 21:32:07,260 [DEBUG] receive_response_headers.started request=<Request [b'HEAD']>
2026-08-29 21:32:07,307 [DEBUG] Using proactor: IocpProactor
2026-08-29 21:32:07,345 [DEBUG] connect_tcp.complete return_value=<httpcore._backends.sync.SyncStream object at 0x0000016081BFA5D0>
2026-08-29 21:32:07,345 [DEBUG] start_tls.started ssl_context=<ssl.SSLContext object at 0x0000016082096150> server_hostname='api.gradio.app' timeout=3
2026-08-29 21:32:07,383 [DEBUG] receive_response_headers.complete return_value=(b'HTTP/1.1', 200, b'OK', [(b'Content-Type', b'text/plain; charset=utf-8'), (b'Content-Length', b'2'), (b'Connection', b'keep-alive'), (b'Date', b'Sat, 29 Aug 2026 20:32:06 GMT'), (b'ETag', b'W/"2-nOO9QiTIwXgNtWtBJezz8kv3SLc"'), (b'X-Powered-By', b'huggingface-moon'), (b'X-Request-Id', b'Root=1-6a9341c6-18f7262370ce38fe55ece42e;9271fcaa-5c11-431b-bcf5-1398503e6999'), (b'RateLimit', b'"api";r=9999;t=184'), (b'RateLimit-Policy', b'"fixed window";"api";q=10000;w=300'), (b'cross-origin-opener-policy', b'same-origin'), (b'Referrer-Policy', b'strict-origin-when-cross-origin'), (b'Access-Control-Max-Age', b'86400'), (b'Access-Control-Allow-Origin', b'https://huggingface.co'), (b'Vary', b'Origin'), (b'Access-Control-Expose-Headers', b'X-Repo-Commit,X-Request-Id,X-Error-Code,X-Error-Message,X-Total-Count,ETag,Link,Accept-Ranges,Content-Range,X-Linked-Size,X-Linked-ETag,X-Xet-Hash'), (b'X-Cache', b'Miss from cloudfront'), (b'Via', b'1.1 edc038c177cc089d4f8ea7b73f8fd284.cloudfront.net (CloudFront)'), (b'X-Amz-Cf-Pop', b'LHR3-P3'), (b'Alt-Svc', b'h3=":443"; ma=86400'), (b'X-Amz-Cf-Id', b'nkNDRYlL06x9g8kXVsMU4RAz3AmuirMSa67UJy_8uq3R4W2PH0rQjQ=='), (b'Strict-Transport-Security', b'max-age=31536000')])
2026-08-29 21:32:07,384 [INFO] HTTP Request: HEAD https://huggingface.co/api/telemetry/https%3A/api.gradio.app/gradio-initiated-analytics "HTTP/1.1 200 OK"
2026-08-29 21:32:07,384 [DEBUG] receive_response_body.started request=<Request [b'HEAD']>
2026-08-29 21:32:07,384 [DEBUG] receive_response_body.complete
2026-08-29 21:32:07,384 [DEBUG] response_closed.started
2026-08-29 21:32:07,384 [DEBUG] response_closed.complete
2026-08-29 21:32:07,444 [DEBUG] connect_tcp.started host='127.0.0.1' port=7860 local_address=None timeout=None socket_options=None
2026-08-29 21:32:07,444 [DEBUG] connect_tcp.complete return_value=<httpcore._backends.sync.SyncStream object at 0x00000160828A2840>
2026-08-29 21:32:07,445 [DEBUG] send_request_headers.started request=<Request [b'GET']>
2026-08-29 21:32:07,445 [DEBUG] send_request_headers.complete
2026-08-29 21:32:07,458 [DEBUG] send_request_body.started request=<Request [b'GET']>
2026-08-29 21:32:07,458 [DEBUG] send_request_body.complete
2026-08-29 21:32:07,458 [DEBUG] receive_response_headers.started request=<Request [b'GET']>
2026-08-29 21:32:07,497 [DEBUG] receive_response_headers.complete return_value=(b'HTTP/1.1', 200, b'OK', [(b'date', b'Sat, 29 Aug 2026 20:32:07 GMT'), (b'server', b'uvicorn'), (b'content-length', b'4'), (b'content-type', b'application/json')])
2026-08-29 21:32:07,497 [INFO] HTTP Request: GET http://127.0.0.1:7860/gradio_api/startup-events "HTTP/1.1 200 OK"
2026-08-29 21:32:07,497 [DEBUG] receive_response_body.started request=<Request [b'GET']>
2026-08-29 21:32:07,497 [DEBUG] receive_response_body.complete
2026-08-29 21:32:07,497 [DEBUG] response_closed.started
2026-08-29 21:32:07,497 [DEBUG] response_closed.complete
2026-08-29 21:32:07,498 [DEBUG] close.started
2026-08-29 21:32:07,498 [DEBUG] close.complete
2026-08-29 21:32:07,498 [DEBUG] connect_tcp.started host='127.0.0.1' port=7860 local_address=None timeout=3 socket_options=None
2026-08-29 21:32:07,499 [DEBUG] connect_tcp.complete return_value=<httpcore._backends.sync.SyncStream object at 0x0000016082918650>
2026-08-29 21:32:07,499 [DEBUG] send_request_headers.started request=<Request [b'HEAD']>
2026-08-29 21:32:07,499 [DEBUG] send_request_headers.complete
2026-08-29 21:32:07,499 [DEBUG] send_request_body.started request=<Request [b'HEAD']>
2026-08-29 21:32:07,501 [DEBUG] send_request_body.complete
2026-08-29 21:32:07,501 [DEBUG] receive_response_headers.started request=<Request [b'HEAD']>
2026-08-29 21:32:07,564 [DEBUG] receive_response_headers.complete return_value=(b'HTTP/1.1', 200, b'OK', [(b'date', b'Sat, 29 Aug 2026 20:32:07 GMT'), (b'server', b'uvicorn'), (b'content-length', b'55710'), (b'content-type', b'text/html; charset=utf-8')])
2026-08-29 21:32:07,564 [INFO] HTTP Request: HEAD http://127.0.0.1:7860/ "HTTP/1.1 200 OK"
2026-08-29 21:32:07,564 [DEBUG] receive_response_body.started request=<Request [b'HEAD']>
2026-08-29 21:32:07,564 [DEBUG] receive_response_body.complete
2026-08-29 21:32:07,564 [DEBUG] response_closed.started
2026-08-29 21:32:07,564 [DEBUG] response_closed.complete
2026-08-29 21:32:07,564 [DEBUG] close.started
2026-08-29 21:32:07,566 [DEBUG] close.complete
2026-08-29 21:32:07,639 [DEBUG] send_request_headers.started request=<Request [b'HEAD']>
2026-08-29 21:32:07,640 [DEBUG] send_request_headers.complete
2026-08-29 21:32:07,640 [DEBUG] send_request_body.started request=<Request [b'HEAD']>
2026-08-29 21:32:07,640 [DEBUG] send_request_body.complete
2026-08-29 21:32:07,640 [DEBUG] receive_response_headers.started request=<Request [b'HEAD']>
2026-08-29 21:32:07,700 [DEBUG] start_tls.complete return_value=<httpcore._backends.sync.SyncStream object at 0x0000016081FE4530>
2026-08-29 21:32:07,701 [DEBUG] send_request_headers.started request=<Request [b'GET']>
2026-08-29 21:32:07,701 [DEBUG] send_request_headers.complete
2026-08-29 21:32:07,701 [DEBUG] send_request_body.started request=<Request [b'GET']>
2026-08-29 21:32:07,701 [DEBUG] send_request_body.complete
2026-08-29 21:32:07,701 [DEBUG] receive_response_headers.started request=<Request [b'GET']>
2026-08-29 21:32:07,768 [DEBUG] receive_response_headers.complete return_value=(b'HTTP/1.1', 200, b'OK', [(b'Content-Type', b'text/plain; charset=utf-8'), (b'Content-Length', b'2'), (b'Connection', b'keep-alive'), (b'Date', b'Sat, 29 Aug 2026 20:32:06 GMT'), (b'ETag', b'W/"2-nOO9QiTIwXgNtWtBJezz8kv3SLc"'), (b'X-Powered-By', b'huggingface-moon'), (b'X-Request-Id', b'Root=1-6a9341c6-0c53f5e1262551d246ceffb4;fa0514f7-dd25-4282-ad21-b5ff6a569a63'), (b'RateLimit', b'"api";r=9998;t=184'), (b'RateLimit-Policy', b'"fixed window";"api";q=10000;w=300'), (b'cross-origin-opener-policy', b'same-origin'), (b'Referrer-Policy', b'strict-origin-when-cross-origin'), (b'Access-Control-Max-Age', b'86400'), (b'Access-Control-Allow-Origin', b'https://huggingface.co'), (b'Vary', b'Origin'), (b'Access-Control-Expose-Headers', b'X-Repo-Commit,X-Request-Id,X-Error-Code,X-Error-Message,X-Total-Count,ETag,Link,Accept-Ranges,Content-Range,X-Linked-Size,X-Linked-ETag,X-Xet-Hash'), (b'X-Cache', b'Miss from cloudfront'), (b'Via', b'1.1 edc038c177cc089d4f8ea7b73f8fd284.cloudfront.net (CloudFront)'), (b'X-Amz-Cf-Pop', b'LHR3-P3'), (b'Alt-Svc', b'h3=":443"; ma=86400'), (b'X-Amz-Cf-Id', b'_GkvWEydpV8rAMO_6XAUYYGLg6a3GkHVidaBdNUBO97x7G4dEh3wcw=='), (b'Strict-Transport-Security', b'max-age=31536000')])
2026-08-29 21:32:07,768 [INFO] HTTP Request: HEAD https://huggingface.co/api/telemetry/https%3A/api.gradio.app/gradio-launched-telemetry "HTTP/1.1 200 OK"
2026-08-29 21:32:07,769 [DEBUG] receive_response_body.started request=<Request [b'HEAD']>
2026-08-29 21:32:07,769 [DEBUG] receive_response_body.complete
2026-08-29 21:32:07,769 [DEBUG] response_closed.started
2026-08-29 21:32:07,770 [DEBUG] response_closed.complete
2026-08-29 21:32:07,881 [DEBUG] receive_response_headers.complete return_value=(b'HTTP/1.1', 200, b'OK', [(b'Date', b'Sat, 29 Aug 2026 20:32:06 GMT'), (b'Content-Type', b'application/json'), (b'Content-Length', b'21'), (b'Connection', b'keep-alive'), (b'Server', b'nginx/1.18.0'), (b'Access-Control-Allow-Origin', b'*')])
2026-08-29 21:32:07,881 [INFO] HTTP Request: GET https://api.gradio.app/pkg-version "HTTP/1.1 200 OK"
2026-08-29 21:32:07,881 [DEBUG] receive_response_body.started request=<Request [b'GET']>
2026-08-29 21:32:07,883 [DEBUG] receive_response_body.complete
2026-08-29 21:32:07,883 [DEBUG] response_closed.started
2026-08-29 21:32:07,883 [DEBUG] response_closed.complete
2026-08-29 21:32:07,883 [DEBUG] close.started
2026-08-29 21:32:07,883 [DEBUG] close.complete
2026-08-29 21:32:45,958 [INFO] Tab1 upload received: C:\Users\Andrew Baines\AppData\Local\Temp\gradio\d8f24e57eef731be8384ddba474d36a8bff7b57e4fe065846e7cbed3d15205a6\redgifs_besthuskylovebird.mp4
2026-08-29 21:32:45,961 [INFO] Probing: C:\Users\Andrew Baines\AppData\Local\Temp\gradio\d8f24e57eef731be8384ddba474d36a8bff7b57e4fe065846e7cbed3d15205a6\redgifs_besthuskylovebird.mp4
2026-08-29 21:32:45,961 [DEBUG] cmd: F:\Githubrepostotest\Dragon Diffusion Video Prep\venv\Lib\site-packages\static_ffmpeg\bin\win32\ffprobe.EXE -v error -select_streams v:0 -show_entries stream=width,height,r_frame_rate,duration -of csv=p=0 C:\Users\Andrew Baines\AppData\Local\Temp\gradio\d8f24e57eef731be8384ddba474d36a8bff7b57e4fe065846e7cbed3d15205a6\redgifs_besthuskylovebird.mp4
2026-08-29 21:32:46,717 [DEBUG] stdout: '1920,1080,25/1,60.040000\n'  stderr: ''
2026-08-29 21:32:46,717 [INFO]   -> 1920x1080 @ 25.000fps  60.04s
2026-08-29 21:33:21,713 [INFO] Tab1 extract from: C:\Users\Andrew Baines\AppData\Local\Temp\gradio\d8f24e57eef731be8384ddba474d36a8bff7b57e4fe065846e7cbed3d15205a6\redgifs_besthuskylovebird.mp4  start=52  length=5
2026-08-29 21:33:21,713 [INFO] Probing: C:\Users\Andrew Baines\AppData\Local\Temp\gradio\d8f24e57eef731be8384ddba474d36a8bff7b57e4fe065846e7cbed3d15205a6\redgifs_besthuskylovebird.mp4
2026-08-29 21:33:21,715 [DEBUG] cmd: F:\Githubrepostotest\Dragon Diffusion Video Prep\venv\Lib\site-packages\static_ffmpeg\bin\win32\ffprobe.EXE -v error -select_streams v:0 -show_entries stream=width,height,r_frame_rate,duration -of csv=p=0 C:\Users\Andrew Baines\AppData\Local\Temp\gradio\d8f24e57eef731be8384ddba474d36a8bff7b57e4fe065846e7cbed3d15205a6\redgifs_besthuskylovebird.mp4
2026-08-29 21:33:21,744 [DEBUG] stdout: '1920,1080,25/1,60.040000\n'  stderr: ''
2026-08-29 21:33:21,744 [INFO]   -> 1920x1080 @ 25.000fps  60.04s
2026-08-29 21:33:21,744 [INFO] ffmpeg: F:\Githubrepostotest\Dragon Diffusion Video Prep\venv\Lib\site-packages\static_ffmpeg\bin\win32\ffmpeg.EXE -y -ss 52.0 -to 57.0 -i C:\Users\Andrew Baines\AppData\Local\Temp\gradio\d8f24e57eef731be8384ddba474d36a8bff7b57e4fe065846e7cbed3d15205a6\redgifs_besthuskylovebird.mp4 -vf scale=768:432,fps=25.0 -c:v libx264 -crf 18 -preset slow -c:a aac -b:a 192k F:\Githubrepostotest\Dragon Diffusion Video Prep\output\clip_redgifs_besthuskylovebird_52s.mp4
2026-08-29 21:33:23,131 [INFO] ffmpeg OK.
2026-08-29 21:33:23,133 [INFO] Done.
Input:  1920x1080 @ 25.00fps
Output: 768x432 @ 25.00fps
Clip:   52.0s → 57.0s  (5.0s)
Saved:  F:\Githubrepostotest\Dragon Diffusion Video Prep\output\clip_redgifs_besthuskylovebird_52s.mp4
2026-08-29 21:33:30,473 [INFO] Tab1 upload received: C:\Users\Andrew Baines\AppData\Local\Temp\gradio\0c0815c7396d97ef61eef6d6b988803d13c8413951d5225046fd692d6dba63f0\redgifs_blindadmirablealaskanhusky.mp4
2026-08-29 21:33:30,474 [INFO] Probing: C:\Users\Andrew Baines\AppData\Local\Temp\gradio\0c0815c7396d97ef61eef6d6b988803d13c8413951d5225046fd692d6dba63f0\redgifs_blindadmirablealaskanhusky.mp4
2026-08-29 21:33:30,474 [DEBUG] cmd: F:\Githubrepostotest\Dragon Diffusion Video Prep\venv\Lib\site-packages\static_ffmpeg\bin\win32\ffprobe.EXE -v error -select_streams v:0 -show_entries stream=width,height,r_frame_rate,duration -of csv=p=0 C:\Users\Andrew Baines\AppData\Local\Temp\gradio\0c0815c7396d97ef61eef6d6b988803d13c8413951d5225046fd692d6dba63f0\redgifs_blindadmirablealaskanhusky.mp4
2026-08-29 21:33:30,521 [DEBUG] stdout: '1920,1080,25/1,60.040000\n'  stderr: ''
2026-08-29 21:33:30,521 [INFO]   -> 1920x1080 @ 25.000fps  60.04s
2026-08-29 21:34:02,326 [INFO] Tab1 extract from: C:\Users\Andrew Baines\AppData\Local\Temp\gradio\0c0815c7396d97ef61eef6d6b988803d13c8413951d5225046fd692d6dba63f0\redgifs_blindadmirablealaskanhusky.mp4  start=50  length=6
2026-08-29 21:34:02,326 [INFO] Probing: C:\Users\Andrew Baines\AppData\Local\Temp\gradio\0c0815c7396d97ef61eef6d6b988803d13c8413951d5225046fd692d6dba63f0\redgifs_blindadmirablealaskanhusky.mp4
2026-08-29 21:34:02,328 [DEBUG] cmd: F:\Githubrepostotest\Dragon Diffusion Video Prep\venv\Lib\site-packages\static_ffmpeg\bin\win32\ffprobe.EXE -v error -select_streams v:0 -show_entries stream=width,height,r_frame_rate,duration -of csv=p=0 C:\Users\Andrew Baines\AppData\Local\Temp\gradio\0c0815c7396d97ef61eef6d6b988803d13c8413951d5225046fd692d6dba63f0\redgifs_blindadmirablealaskanhusky.mp4
2026-08-29 21:34:02,358 [DEBUG] stdout: '1920,1080,25/1,60.040000\n'  stderr: ''
2026-08-29 21:34:02,358 [INFO]   -> 1920x1080 @ 25.000fps  60.04s
2026-08-29 21:34:02,358 [INFO] ffmpeg: F:\Githubrepostotest\Dragon Diffusion Video Prep\venv\Lib\site-packages\static_ffmpeg\bin\win32\ffmpeg.EXE -y -ss 50.0 -to 56.0 -i C:\Users\Andrew Baines\AppData\Local\Temp\gradio\0c0815c7396d97ef61eef6d6b988803d13c8413951d5225046fd692d6dba63f0\redgifs_blindadmirablealaskanhusky.mp4 -vf scale=768:432,fps=25.0 -c:v libx264 -crf 18 -preset slow -c:a aac -b:a 192k F:\Githubrepostotest\Dragon Diffusion Video Prep\output\clip_redgifs_blindadmirablealaskanhusky_50s.mp4
2026-08-29 21:34:02,942 [INFO] ffmpeg OK.
2026-08-29 21:34:02,942 [INFO] Done.
Input:  1920x1080 @ 25.00fps
Output: 768x432 @ 25.00fps
Clip:   50.0s → 56.0s  (6.0s)
Saved:  F:\Githubrepostotest\Dragon Diffusion Video Prep\output\clip_redgifs_blindadmirablealaskanhusky_50s.mp4
2026-08-29 21:34:09,981 [INFO] Tab1 upload received: C:\Users\Andrew Baines\AppData\Local\Temp\gradio\e46dfba7e0e0e03f58baa93814e94f6f80b79225faeaf66915274ce312ed66e9\redgifs_bonyfumblingcrossbill.mp4
2026-08-29 21:34:09,981 [INFO] Probing: C:\Users\Andrew Baines\AppData\Local\Temp\gradio\e46dfba7e0e0e03f58baa93814e94f6f80b79225faeaf66915274ce312ed66e9\redgifs_bonyfumblingcrossbill.mp4
2026-08-29 21:34:09,982 [DEBUG] cmd: F:\Githubrepostotest\Dragon Diffusion Video Prep\venv\Lib\site-packages\static_ffmpeg\bin\win32\ffprobe.EXE -v error -select_streams v:0 -show_entries stream=width,height,r_frame_rate,duration -of csv=p=0 C:\Users\Andrew Baines\AppData\Local\Temp\gradio\e46dfba7e0e0e03f58baa93814e94f6f80b79225faeaf66915274ce312ed66e9\redgifs_bonyfumblingcrossbill.mp4
2026-08-29 21:34:10,014 [DEBUG] stdout: '1920,1080,60/1,60.016667\n'  stderr: ''
2026-08-29 21:34:10,014 [INFO]   -> 1920x1080 @ 60.000fps  60.02s
2026-08-29 21:34:45,137 [INFO] Tab1 extract from: C:\Users\Andrew Baines\AppData\Local\Temp\gradio\e46dfba7e0e0e03f58baa93814e94f6f80b79225faeaf66915274ce312ed66e9\redgifs_bonyfumblingcrossbill.mp4  start=29  length=9
2026-08-29 21:34:45,137 [INFO] Probing: C:\Users\Andrew Baines\AppData\Local\Temp\gradio\e46dfba7e0e0e03f58baa93814e94f6f80b79225faeaf66915274ce312ed66e9\redgifs_bonyfumblingcrossbill.mp4
2026-08-29 21:34:45,138 [DEBUG] cmd: F:\Githubrepostotest\Dragon Diffusion Video Prep\venv\Lib\site-packages\static_ffmpeg\bin\win32\ffprobe.EXE -v error -select_streams v:0 -show_entries stream=width,height,r_frame_rate,duration -of csv=p=0 C:\Users\Andrew Baines\AppData\Local\Temp\gradio\e46dfba7e0e0e03f58baa93814e94f6f80b79225faeaf66915274ce312ed66e9\redgifs_bonyfumblingcrossbill.mp4
2026-08-29 21:34:45,171 [DEBUG] stdout: '1920,1080,60/1,60.016667\n'  stderr: ''
2026-08-29 21:34:45,172 [INFO]   -> 1920x1080 @ 60.000fps  60.02s
2026-08-29 21:34:45,172 [INFO] ffmpeg: F:\Githubrepostotest\Dragon Diffusion Video Prep\venv\Lib\site-packages\static_ffmpeg\bin\win32\ffmpeg.EXE -y -ss 29.0 -to 38.0 -i C:\Users\Andrew Baines\AppData\Local\Temp\gradio\e46dfba7e0e0e03f58baa93814e94f6f80b79225faeaf66915274ce312ed66e9\redgifs_bonyfumblingcrossbill.mp4 -vf scale=768:432,fps=25.0 -c:v libx264 -crf 18 -preset slow -c:a aac -b:a 192k F:\Githubrepostotest\Dragon Diffusion Video Prep\output\clip_redgifs_bonyfumblingcrossbill_29s.mp4
2026-08-29 21:34:46,186 [INFO] ffmpeg OK.
2026-08-29 21:34:46,186 [INFO] Done.
Input:  1920x1080 @ 60.00fps
Output: 768x432 @ 25.00fps
Clip:   29.0s → 38.0s  (9.0s)
Saved:  F:\Githubrepostotest\Dragon Diffusion Video Prep\output\clip_redgifs_bonyfumblingcrossbill_29s.mp4
2026-08-29 21:34:52,457 [INFO] Tab1 upload received: C:\Users\Andrew Baines\AppData\Local\Temp\gradio\92e5d2844bd421c54e90ed2a9371c62a2b1cefa07283443ed6d972e86729886f\redgifs_bossyembarrassedandeancat.mp4
2026-08-29 21:34:52,457 [INFO] Probing: C:\Users\Andrew Baines\AppData\Local\Temp\gradio\92e5d2844bd421c54e90ed2a9371c62a2b1cefa07283443ed6d972e86729886f\redgifs_bossyembarrassedandeancat.mp4
2026-08-29 21:34:52,458 [DEBUG] cmd: F:\Githubrepostotest\Dragon Diffusion Video Prep\venv\Lib\site-packages\static_ffmpeg\bin\win32\ffprobe.EXE -v error -select_streams v:0 -show_entries stream=width,height,r_frame_rate,duration -of csv=p=0 C:\Users\Andrew Baines\AppData\Local\Temp\gradio\92e5d2844bd421c54e90ed2a9371c62a2b1cefa07283443ed6d972e86729886f\redgifs_bossyembarrassedandeancat.mp4
2026-08-29 21:34:52,513 [DEBUG] stdout: '1920,1080,60/1,60.016667\n'  stderr: ''
2026-08-29 21:34:52,513 [INFO]   -> 1920x1080 @ 60.000fps  60.02s
2026-08-29 21:35:23,431 [INFO] Tab1 extract from: C:\Users\Andrew Baines\AppData\Local\Temp\gradio\92e5d2844bd421c54e90ed2a9371c62a2b1cefa07283443ed6d972e86729886f\redgifs_bossyembarrassedandeancat.mp4  start=42  length=6
2026-08-29 21:35:23,431 [INFO] Probing: C:\Users\Andrew Baines\AppData\Local\Temp\gradio\92e5d2844bd421c54e90ed2a9371c62a2b1cefa07283443ed6d972e86729886f\redgifs_bossyembarrassedandeancat.mp4
2026-08-29 21:35:23,431 [DEBUG] cmd: F:\Githubrepostotest\Dragon Diffusion Video Prep\venv\Lib\site-packages\static_ffmpeg\bin\win32\ffprobe.EXE -v error -select_streams v:0 -show_entries stream=width,height,r_frame_rate,duration -of csv=p=0 C:\Users\Andrew Baines\AppData\Local\Temp\gradio\92e5d2844bd421c54e90ed2a9371c62a2b1cefa07283443ed6d972e86729886f\redgifs_bossyembarrassedandeancat.mp4
2026-08-29 21:35:23,471 [DEBUG] stdout: '1920,1080,60/1,60.016667\n'  stderr: ''
2026-08-29 21:35:23,472 [INFO]   -> 1920x1080 @ 60.000fps  60.02s
2026-08-29 21:35:23,472 [INFO] ffmpeg: F:\Githubrepostotest\Dragon Diffusion Video Prep\venv\Lib\site-packages\static_ffmpeg\bin\win32\ffmpeg.EXE -y -ss 42.0 -to 48.0 -i C:\Users\Andrew Baines\AppData\Local\Temp\gradio\92e5d2844bd421c54e90ed2a9371c62a2b1cefa07283443ed6d972e86729886f\redgifs_bossyembarrassedandeancat.mp4 -vf scale=768:432,fps=25.0 -c:v libx264 -crf 18 -preset slow -c:a aac -b:a 192k F:\Githubrepostotest\Dragon Diffusion Video Prep\output\clip_redgifs_bossyembarrassedandeancat_42s.mp4
2026-08-29 21:35:24,206 [INFO] ffmpeg OK.
2026-08-29 21:35:24,206 [INFO] Done.
Input:  1920x1080 @ 60.00fps
Output: 768x432 @ 25.00fps
Clip:   42.0s → 48.0s  (6.0s)
Saved:  F:\Githubrepostotest\Dragon Diffusion Video Prep\output\clip_redgifs_bossyembarrassedandeancat_42s.mp4
2026-08-29 21:35:31,006 [INFO] Tab1 upload received: C:\Users\Andrew Baines\AppData\Local\Temp\gradio\f00cfc0d7d95d26c0d4c176c2ea3bdb5736d7a1a563e7f3a141e29839b644cb2\redgifs_busypresentadamsstaghornedbeetle.mp4
2026-08-29 21:35:31,006 [INFO] Probing: C:\Users\Andrew Baines\AppData\Local\Temp\gradio\f00cfc0d7d95d26c0d4c176c2ea3bdb5736d7a1a563e7f3a141e29839b644cb2\redgifs_busypresentadamsstaghornedbeetle.mp4
2026-08-29 21:35:31,006 [DEBUG] cmd: F:\Githubrepostotest\Dragon Diffusion Video Prep\venv\Lib\site-packages\static_ffmpeg\bin\win32\ffprobe.EXE -v error -select_streams v:0 -show_entries stream=width,height,r_frame_rate,duration -of csv=p=0 C:\Users\Andrew Baines\AppData\Local\Temp\gradio\f00cfc0d7d95d26c0d4c176c2ea3bdb5736d7a1a563e7f3a141e29839b644cb2\redgifs_busypresentadamsstaghornedbeetle.mp4
2026-08-29 21:35:31,047 [DEBUG] stdout: '608,1080,30/1,40.100000\n'  stderr: ''
2026-08-29 21:35:31,051 [INFO]   -> 608x1080 @ 30.000fps  40.10s
2026-08-29 21:36:03,901 [INFO] Tab1 extract from: C:\Users\Andrew Baines\AppData\Local\Temp\gradio\f00cfc0d7d95d26c0d4c176c2ea3bdb5736d7a1a563e7f3a141e29839b644cb2\redgifs_busypresentadamsstaghornedbeetle.mp4  start=18  length=6
2026-08-29 21:36:03,901 [INFO] Probing: C:\Users\Andrew Baines\AppData\Local\Temp\gradio\f00cfc0d7d95d26c0d4c176c2ea3bdb5736d7a1a563e7f3a141e29839b644cb2\redgifs_busypresentadamsstaghornedbeetle.mp4
2026-08-29 21:36:03,901 [DEBUG] cmd: F:\Githubrepostotest\Dragon Diffusion Video Prep\venv\Lib\site-packages\static_ffmpeg\bin\win32\ffprobe.EXE -v error -select_streams v:0 -show_entries stream=width,height,r_frame_rate,duration -of csv=p=0 C:\Users\Andrew Baines\AppData\Local\Temp\gradio\f00cfc0d7d95d26c0d4c176c2ea3bdb5736d7a1a563e7f3a141e29839b644cb2\redgifs_busypresentadamsstaghornedbeetle.mp4
2026-08-29 21:36:03,932 [DEBUG] stdout: '608,1080,30/1,40.100000\n'  stderr: ''
2026-08-29 21:36:03,932 [INFO]   -> 608x1080 @ 30.000fps  40.10s
2026-08-29 21:36:03,932 [INFO] ffmpeg: F:\Githubrepostotest\Dragon Diffusion Video Prep\venv\Lib\site-packages\static_ffmpeg\bin\win32\ffmpeg.EXE -y -ss 18.0 -to 24.0 -i C:\Users\Andrew Baines\AppData\Local\Temp\gradio\f00cfc0d7d95d26c0d4c176c2ea3bdb5736d7a1a563e7f3a141e29839b644cb2\redgifs_busypresentadamsstaghornedbeetle.mp4 -vf scale=432:768,fps=25.0 -c:v libx264 -crf 18 -preset slow -c:a aac -b:a 192k F:\Githubrepostotest\Dragon Diffusion Video Prep\output\clip_redgifs_busypresentadamsstaghornedbeetle_18s.mp4
2026-08-29 21:36:04,412 [INFO] ffmpeg OK.
2026-08-29 21:36:04,413 [INFO] Done.
Input:  608x1080 @ 30.00fps
Output: 432x768 @ 25.00fps
Clip:   18.0s → 24.0s  (6.0s)
Saved:  F:\Githubrepostotest\Dragon Diffusion Video Prep\output\clip_redgifs_busypresentadamsstaghornedbeetle_18s.mp4
2026-08-29 21:36:29,694 [INFO] Tab1 upload received: C:\Users\Andrew Baines\AppData\Local\Temp\gradio\d78fd87ca41c5011d23cc3fde29adea93ae6557a8bcf1b1a3804f56aec68ddb6\redgifs_butteryfearlesscottonmouth.mp4
2026-08-29 21:36:29,695 [INFO] Probing: C:\Users\Andrew Baines\AppData\Local\Temp\gradio\d78fd87ca41c5011d23cc3fde29adea93ae6557a8bcf1b1a3804f56aec68ddb6\redgifs_butteryfearlesscottonmouth.mp4
2026-08-29 21:36:29,695 [DEBUG] cmd: F:\Githubrepostotest\Dragon Diffusion Video Prep\venv\Lib\site-packages\static_ffmpeg\bin\win32\ffprobe.EXE -v error -select_streams v:0 -show_entries stream=width,height,r_frame_rate,duration -of csv=p=0 C:\Users\Andrew Baines\AppData\Local\Temp\gradio\d78fd87ca41c5011d23cc3fde29adea93ae6557a8bcf1b1a3804f56aec68ddb6\redgifs_butteryfearlesscottonmouth.mp4
2026-08-29 21:36:29,740 [DEBUG] stdout: '1920,1080,24000/1001,26.735042\n'  stderr: ''
2026-08-29 21:36:29,740 [INFO]   -> 1920x1080 @ 23.976fps  26.74s
2026-08-29 21:37:09,185 [INFO] Tab1 extract from: C:\Users\Andrew Baines\AppData\Local\Temp\gradio\d78fd87ca41c5011d23cc3fde29adea93ae6557a8bcf1b1a3804f56aec68ddb6\redgifs_butteryfearlesscottonmouth.mp4  start=20  length=6
2026-08-29 21:37:09,185 [INFO] Probing: C:\Users\Andrew Baines\AppData\Local\Temp\gradio\d78fd87ca41c5011d23cc3fde29adea93ae6557a8bcf1b1a3804f56aec68ddb6\redgifs_butteryfearlesscottonmouth.mp4
2026-08-29 21:37:09,187 [DEBUG] cmd: F:\Githubrepostotest\Dragon Diffusion Video Prep\venv\Lib\site-packages\static_ffmpeg\bin\win32\ffprobe.EXE -v error -select_streams v:0 -show_entries stream=width,height,r_frame_rate,duration -of csv=p=0 C:\Users\Andrew Baines\AppData\Local\Temp\gradio\d78fd87ca41c5011d23cc3fde29adea93ae6557a8bcf1b1a3804f56aec68ddb6\redgifs_butteryfearlesscottonmouth.mp4
2026-08-29 21:37:09,220 [DEBUG] stdout: '1920,1080,24000/1001,26.735042\n'  stderr: ''
2026-08-29 21:37:09,220 [INFO]   -> 1920x1080 @ 23.976fps  26.74s
2026-08-29 21:37:09,220 [INFO] ffmpeg: F:\Githubrepostotest\Dragon Diffusion Video Prep\venv\Lib\site-packages\static_ffmpeg\bin\win32\ffmpeg.EXE -y -ss 20.0 -to 26.0 -i C:\Users\Andrew Baines\AppData\Local\Temp\gradio\d78fd87ca41c5011d23cc3fde29adea93ae6557a8bcf1b1a3804f56aec68ddb6\redgifs_butteryfearlesscottonmouth.mp4 -vf scale=768:432,fps=23.976023976023978 -c:v libx264 -crf 18 -preset slow -c:a aac -b:a 192k F:\Githubrepostotest\Dragon Diffusion Video Prep\output\clip_redgifs_butteryfearlesscottonmouth_20s.mp4
2026-08-29 21:37:09,795 [INFO] ffmpeg OK.
2026-08-29 21:37:09,795 [INFO] Done.
Input:  1920x1080 @ 23.98fps
Output: 768x432 @ 23.98fps
Clip:   20.0s → 26.0s  (6.0s)
Saved:  F:\Githubrepostotest\Dragon Diffusion Video Prep\output\clip_redgifs_butteryfearlesscottonmouth_20s.mp4
2026-08-29 21:37:17,306 [INFO] Tab1 upload received: C:\Users\Andrew Baines\AppData\Local\Temp\gradio\f2021c5651a80e8720c41a71cc165b4b0002baeff05f2d56826aa63b1208b793\redgifs_cyandistinctswellfish.mp4
2026-08-29 21:37:17,306 [INFO] Probing: C:\Users\Andrew Baines\AppData\Local\Temp\gradio\f2021c5651a80e8720c41a71cc165b4b0002baeff05f2d56826aa63b1208b793\redgifs_cyandistinctswellfish.mp4
2026-08-29 21:37:17,306 [DEBUG] cmd: F:\Githubrepostotest\Dragon Diffusion Video Prep\venv\Lib\site-packages\static_ffmpeg\bin\win32\ffprobe.EXE -v error -select_streams v:0 -show_entries stream=width,height,r_frame_rate,duration -of csv=p=0 C:\Users\Andrew Baines\AppData\Local\Temp\gradio\f2021c5651a80e8720c41a71cc165b4b0002baeff05f2d56826aa63b1208b793\redgifs_cyandistinctswellfish.mp4
2026-08-29 21:37:17,367 [DEBUG] stdout: '1920,1080,25/1,59.600000\n'  stderr: ''
2026-08-29 21:37:17,371 [INFO]   -> 1920x1080 @ 25.000fps  59.60s
2026-08-29 21:38:23,430 [INFO] Tab1 extract from: C:\Users\Andrew Baines\AppData\Local\Temp\gradio\f2021c5651a80e8720c41a71cc165b4b0002baeff05f2d56826aa63b1208b793\redgifs_cyandistinctswellfish.mp4  start=43.8  length=5
2026-08-29 21:38:23,430 [INFO] Probing: C:\Users\Andrew Baines\AppData\Local\Temp\gradio\f2021c5651a80e8720c41a71cc165b4b0002baeff05f2d56826aa63b1208b793\redgifs_cyandistinctswellfish.mp4
2026-08-29 21:38:23,430 [DEBUG] cmd: F:\Githubrepostotest\Dragon Diffusion Video Prep\venv\Lib\site-packages\static_ffmpeg\bin\win32\ffprobe.EXE -v error -select_streams v:0 -show_entries stream=width,height,r_frame_rate,duration -of csv=p=0 C:\Users\Andrew Baines\AppData\Local\Temp\gradio\f2021c5651a80e8720c41a71cc165b4b0002baeff05f2d56826aa63b1208b793\redgifs_cyandistinctswellfish.mp4
2026-08-29 21:38:23,467 [DEBUG] stdout: '1920,1080,25/1,59.600000\n'  stderr: ''
2026-08-29 21:38:23,468 [INFO]   -> 1920x1080 @ 25.000fps  59.60s
2026-08-29 21:38:23,468 [INFO] ffmpeg: F:\Githubrepostotest\Dragon Diffusion Video Prep\venv\Lib\site-packages\static_ffmpeg\bin\win32\ffmpeg.EXE -y -ss 43.8 -to 48.8 -i C:\Users\Andrew Baines\AppData\Local\Temp\gradio\f2021c5651a80e8720c41a71cc165b4b0002baeff05f2d56826aa63b1208b793\redgifs_cyandistinctswellfish.mp4 -vf scale=768:432,fps=25.0 -c:v libx264 -crf 18 -preset slow -c:a aac -b:a 192k F:\Githubrepostotest\Dragon Diffusion Video Prep\output\clip_redgifs_cyandistinctswellfish_43s.mp4
2026-08-29 21:38:24,017 [INFO] ffmpeg OK.
2026-08-29 21:38:24,017 [INFO] Done.
Input:  1920x1080 @ 25.00fps
Output: 768x432 @ 25.00fps
Clip:   43.8s → 48.8s  (5.0s)
Saved:  F:\Githubrepostotest\Dragon Diffusion Video Prep\output\clip_redgifs_cyandistinctswellfish_43s.mp4
2026-08-29 21:38:32,577 [INFO] Tab1 upload received: C:\Users\Andrew Baines\AppData\Local\Temp\gradio\191e58155a960e0c0028280783b56c6e72eeba70b13ce5cd7abf31c94e5e797b\redgifs_dopeyrealdevilfish.mp4
2026-08-29 21:38:32,578 [INFO] Probing: C:\Users\Andrew Baines\AppData\Local\Temp\gradio\191e58155a960e0c0028280783b56c6e72eeba70b13ce5cd7abf31c94e5e797b\redgifs_dopeyrealdevilfish.mp4
2026-08-29 21:38:32,580 [DEBUG] cmd: F:\Githubrepostotest\Dragon Diffusion Video Prep\venv\Lib\site-packages\static_ffmpeg\bin\win32\ffprobe.EXE -v error -select_streams v:0 -show_entries stream=width,height,r_frame_rate,duration -of csv=p=0 C:\Users\Andrew Baines\AppData\Local\Temp\gradio\191e58155a960e0c0028280783b56c6e72eeba70b13ce5cd7abf31c94e5e797b\redgifs_dopeyrealdevilfish.mp4
2026-08-29 21:38:32,631 [DEBUG] stdout: '1920,1080,60/1,60.016667\n'  stderr: ''
2026-08-29 21:38:32,632 [INFO]   -> 1920x1080 @ 60.000fps  60.02s
2026-08-29 21:39:14,876 [INFO] Tab1 extract from: C:\Users\Andrew Baines\AppData\Local\Temp\gradio\191e58155a960e0c0028280783b56c6e72eeba70b13ce5cd7abf31c94e5e797b\redgifs_dopeyrealdevilfish.mp4  start=21  length=5
2026-08-29 21:39:14,876 [INFO] Probing: C:\Users\Andrew Baines\AppData\Local\Temp\gradio\191e58155a960e0c0028280783b56c6e72eeba70b13ce5cd7abf31c94e5e797b\redgifs_dopeyrealdevilfish.mp4
2026-08-29 21:39:14,876 [DEBUG] cmd: F:\Githubrepostotest\Dragon Diffusion Video Prep\venv\Lib\site-packages\static_ffmpeg\bin\win32\ffprobe.EXE -v error -select_streams v:0 -show_entries stream=width,height,r_frame_rate,duration -of csv=p=0 C:\Users\Andrew Baines\AppData\Local\Temp\gradio\191e58155a960e0c0028280783b56c6e72eeba70b13ce5cd7abf31c94e5e797b\redgifs_dopeyrealdevilfish.mp4
2026-08-29 21:39:14,909 [DEBUG] stdout: '1920,1080,60/1,60.016667\n'  stderr: ''
2026-08-29 21:39:14,909 [INFO]   -> 1920x1080 @ 60.000fps  60.02s
2026-08-29 21:39:14,909 [INFO] ffmpeg: F:\Githubrepostotest\Dragon Diffusion Video Prep\venv\Lib\site-packages\static_ffmpeg\bin\win32\ffmpeg.EXE -y -ss 21.0 -to 26.0 -i C:\Users\Andrew Baines\AppData\Local\Temp\gradio\191e58155a960e0c0028280783b56c6e72eeba70b13ce5cd7abf31c94e5e797b\redgifs_dopeyrealdevilfish.mp4 -vf scale=768:432,fps=25.0 -c:v libx264 -crf 18 -preset slow -c:a aac -b:a 192k F:\Githubrepostotest\Dragon Diffusion Video Prep\output\clip_redgifs_dopeyrealdevilfish_21s.mp4
2026-08-29 21:39:15,553 [INFO] ffmpeg OK.
2026-08-29 21:39:15,553 [INFO] Done.
Input:  1920x1080 @ 60.00fps
Output: 768x432 @ 25.00fps
Clip:   21.0s → 26.0s  (5.0s)
Saved:  F:\Githubrepostotest\Dragon Diffusion Video Prep\output\clip_redgifs_dopeyrealdevilfish_21s.mp4
2026-08-29 21:39:27,837 [INFO] Tab1 upload received: C:\Users\Andrew Baines\AppData\Local\Temp\gradio\656174157f428c7b0ec180d7287c1b61af41a8d0cce5cf7ac59a4f0ca0d40cdb\redgifs_dullagedpeafowl.mp4
2026-08-29 21:39:27,837 [INFO] Probing: C:\Users\Andrew Baines\AppData\Local\Temp\gradio\656174157f428c7b0ec180d7287c1b61af41a8d0cce5cf7ac59a4f0ca0d40cdb\redgifs_dullagedpeafowl.mp4
2026-08-29 21:39:27,837 [DEBUG] cmd: F:\Githubrepostotest\Dragon Diffusion Video Prep\venv\Lib\site-packages\static_ffmpeg\bin\win32\ffprobe.EXE -v error -select_streams v:0 -show_entries stream=width,height,r_frame_rate,duration -of csv=p=0 C:\Users\Andrew Baines\AppData\Local\Temp\gradio\656174157f428c7b0ec180d7287c1b61af41a8d0cce5cf7ac59a4f0ca0d40cdb\redgifs_dullagedpeafowl.mp4
2026-08-29 21:39:27,894 [DEBUG] stdout: '1920,1080,30000/1001,57.657600\n'  stderr: ''
2026-08-29 21:39:27,894 [INFO]   -> 1920x1080 @ 29.970fps  57.66s
2026-08-29 21:40:12,141 [INFO] Tab1 extract from: C:\Users\Andrew Baines\AppData\Local\Temp\gradio\656174157f428c7b0ec180d7287c1b61af41a8d0cce5cf7ac59a4f0ca0d40cdb\redgifs_dullagedpeafowl.mp4  start=52  length=5
2026-08-29 21:40:12,141 [INFO] Probing: C:\Users\Andrew Baines\AppData\Local\Temp\gradio\656174157f428c7b0ec180d7287c1b61af41a8d0cce5cf7ac59a4f0ca0d40cdb\redgifs_dullagedpeafowl.mp4
2026-08-29 21:40:12,142 [DEBUG] cmd: F:\Githubrepostotest\Dragon Diffusion Video Prep\venv\Lib\site-packages\static_ffmpeg\bin\win32\ffprobe.EXE -v error -select_streams v:0 -show_entries stream=width,height,r_frame_rate,duration -of csv=p=0 C:\Users\Andrew Baines\AppData\Local\Temp\gradio\656174157f428c7b0ec180d7287c1b61af41a8d0cce5cf7ac59a4f0ca0d40cdb\redgifs_dullagedpeafowl.mp4
2026-08-29 21:40:12,175 [DEBUG] stdout: '1920,1080,30000/1001,57.657600\n'  stderr: ''
2026-08-29 21:40:12,175 [INFO]   -> 1920x1080 @ 29.970fps  57.66s
2026-08-29 21:40:12,175 [INFO] ffmpeg: F:\Githubrepostotest\Dragon Diffusion Video Prep\venv\Lib\site-packages\static_ffmpeg\bin\win32\ffmpeg.EXE -y -ss 52.0 -to 57.0 -i C:\Users\Andrew Baines\AppData\Local\Temp\gradio\656174157f428c7b0ec180d7287c1b61af41a8d0cce5cf7ac59a4f0ca0d40cdb\redgifs_dullagedpeafowl.mp4 -vf scale=768:432,fps=25.0 -c:v libx264 -crf 18 -preset slow -c:a aac -b:a 192k F:\Githubrepostotest\Dragon Diffusion Video Prep\output\clip_redgifs_dullagedpeafowl_52s.mp4
2026-08-29 21:40:12,747 [INFO] ffmpeg OK.
2026-08-29 21:40:12,747 [INFO] Done.
Input:  1920x1080 @ 29.97fps
Output: 768x432 @ 25.00fps
Clip:   52.0s → 57.0s  (5.0s)
Saved:  F:\Githubrepostotest\Dragon Diffusion Video Prep\output\clip_redgifs_dullagedpeafowl_52s.mp4
2026-08-29 21:40:19,816 [INFO] Tab1 upload received: C:\Users\Andrew Baines\AppData\Local\Temp\gradio\4eb60bad96016245963c4b1b430086645bd3415c7dcf041bd07e13ac7034ca58\redgifs_embellishedgiganticilsamochadegu.mp4
2026-08-29 21:40:19,816 [INFO] Probing: C:\Users\Andrew Baines\AppData\Local\Temp\gradio\4eb60bad96016245963c4b1b430086645bd3415c7dcf041bd07e13ac7034ca58\redgifs_embellishedgiganticilsamochadegu.mp4
2026-08-29 21:40:19,816 [DEBUG] cmd: F:\Githubrepostotest\Dragon Diffusion Video Prep\venv\Lib\site-packages\static_ffmpeg\bin\win32\ffprobe.EXE -v error -select_streams v:0 -show_entries stream=width,height,r_frame_rate,duration -of csv=p=0 C:\Users\Andrew Baines\AppData\Local\Temp\gradio\4eb60bad96016245963c4b1b430086645bd3415c7dcf041bd07e13ac7034ca58\redgifs_embellishedgiganticilsamochadegu.mp4
2026-08-29 21:40:19,869 [DEBUG] stdout: '1920,1080,25/1,60.040000\n'  stderr: ''
2026-08-29 21:40:19,869 [INFO]   -> 1920x1080 @ 25.000fps  60.04s
2026-08-29 21:41:01,267 [INFO] Tab1 extract from: C:\Users\Andrew Baines\AppData\Local\Temp\gradio\4eb60bad96016245963c4b1b430086645bd3415c7dcf041bd07e13ac7034ca58\redgifs_embellishedgiganticilsamochadegu.mp4  start=52.1  length=5
2026-08-29 21:41:01,267 [INFO] Probing: C:\Users\Andrew Baines\AppData\Local\Temp\gradio\4eb60bad96016245963c4b1b430086645bd3415c7dcf041bd07e13ac7034ca58\redgifs_embellishedgiganticilsamochadegu.mp4
2026-08-29 21:41:01,267 [DEBUG] cmd: F:\Githubrepostotest\Dragon Diffusion Video Prep\venv\Lib\site-packages\static_ffmpeg\bin\win32\ffprobe.EXE -v error -select_streams v:0 -show_entries stream=width,height,r_frame_rate,duration -of csv=p=0 C:\Users\Andrew Baines\AppData\Local\Temp\gradio\4eb60bad96016245963c4b1b430086645bd3415c7dcf041bd07e13ac7034ca58\redgifs_embellishedgiganticilsamochadegu.mp4
2026-08-29 21:41:01,302 [DEBUG] stdout: '1920,1080,25/1,60.040000\n'  stderr: ''
2026-08-29 21:41:01,303 [INFO]   -> 1920x1080 @ 25.000fps  60.04s
2026-08-29 21:41:01,303 [INFO] ffmpeg: F:\Githubrepostotest\Dragon Diffusion Video Prep\venv\Lib\site-packages\static_ffmpeg\bin\win32\ffmpeg.EXE -y -ss 52.1 -to 57.1 -i C:\Users\Andrew Baines\AppData\Local\Temp\gradio\4eb60bad96016245963c4b1b430086645bd3415c7dcf041bd07e13ac7034ca58\redgifs_embellishedgiganticilsamochadegu.mp4 -vf scale=768:432,fps=25.0 -c:v libx264 -crf 18 -preset slow -c:a aac -b:a 192k F:\Githubrepostotest\Dragon Diffusion Video Prep\output\clip_redgifs_embellishedgiganticilsamochadegu_52s.mp4
2026-08-29 21:41:01,781 [INFO] ffmpeg OK.
2026-08-29 21:41:01,781 [INFO] Done.
Input:  1920x1080 @ 25.00fps
Output: 768x432 @ 25.00fps
Clip:   52.1s → 57.1s  (5.0s)
Saved:  F:\Githubrepostotest\Dragon Diffusion Video Prep\output\clip_redgifs_embellishedgiganticilsamochadegu_52s.mp4
2026-08-29 21:41:13,477 [INFO] Tab1 upload received: C:\Users\Andrew Baines\AppData\Local\Temp\gradio\3c99fec8debd9330f21e45bed214a8aa725eb14e7ab4ef826bb14fd2ceb57f7b\redgifs_falsecluttereddodo.mp4
2026-08-29 21:41:13,478 [INFO] Probing: C:\Users\Andrew Baines\AppData\Local\Temp\gradio\3c99fec8debd9330f21e45bed214a8aa725eb14e7ab4ef826bb14fd2ceb57f7b\redgifs_falsecluttereddodo.mp4
2026-08-29 21:41:13,479 [DEBUG] cmd: F:\Githubrepostotest\Dragon Diffusion Video Prep\venv\Lib\site-packages\static_ffmpeg\bin\win32\ffprobe.EXE -v error -select_streams v:0 -show_entries stream=width,height,r_frame_rate,duration -of csv=p=0 C:\Users\Andrew Baines\AppData\Local\Temp\gradio\3c99fec8debd9330f21e45bed214a8aa725eb14e7ab4ef826bb14fd2ceb57f7b\redgifs_falsecluttereddodo.mp4
2026-08-29 21:41:13,533 [DEBUG] stdout: '1920,1080,30/1,47.266667\n'  stderr: ''
2026-08-29 21:41:13,534 [INFO]   -> 1920x1080 @ 30.000fps  47.27s
2026-08-29 21:42:12,082 [INFO] Tab1 upload received: C:\Users\Andrew Baines\AppData\Local\Temp\gradio\f139f769e59fc2cfd6dc23b715b916db8dc5c8ae5d4aa3106befd01a03079c49\redgifs_flippantbubblygroundbeetle.mp4
2026-08-29 21:42:12,082 [INFO] Probing: C:\Users\Andrew Baines\AppData\Local\Temp\gradio\f139f769e59fc2cfd6dc23b715b916db8dc5c8ae5d4aa3106befd01a03079c49\redgifs_flippantbubblygroundbeetle.mp4
2026-08-29 21:42:12,084 [DEBUG] cmd: F:\Githubrepostotest\Dragon Diffusion Video Prep\venv\Lib\site-packages\static_ffmpeg\bin\win32\ffprobe.EXE -v error -select_streams v:0 -show_entries stream=width,height,r_frame_rate,duration -of csv=p=0 C:\Users\Andrew Baines\AppData\Local\Temp\gradio\f139f769e59fc2cfd6dc23b715b916db8dc5c8ae5d4aa3106befd01a03079c49\redgifs_flippantbubblygroundbeetle.mp4
2026-08-29 21:42:12,143 [DEBUG] stdout: '1920,1080,24000/1001,11.469792\n'  stderr: ''
2026-08-29 21:42:12,143 [INFO]   -> 1920x1080 @ 23.976fps  11.47s
2026-08-29 21:42:35,420 [INFO] Tab1 extract from: C:\Users\Andrew Baines\AppData\Local\Temp\gradio\f139f769e59fc2cfd6dc23b715b916db8dc5c8ae5d4aa3106befd01a03079c49\redgifs_flippantbubblygroundbeetle.mp4  start=5  length=5
2026-08-29 21:42:35,420 [INFO] Probing: C:\Users\Andrew Baines\AppData\Local\Temp\gradio\f139f769e59fc2cfd6dc23b715b916db8dc5c8ae5d4aa3106befd01a03079c49\redgifs_flippantbubblygroundbeetle.mp4
2026-08-29 21:42:35,420 [DEBUG] cmd: F:\Githubrepostotest\Dragon Diffusion Video Prep\venv\Lib\site-packages\static_ffmpeg\bin\win32\ffprobe.EXE -v error -select_streams v:0 -show_entries stream=width,height,r_frame_rate,duration -of csv=p=0 C:\Users\Andrew Baines\AppData\Local\Temp\gradio\f139f769e59fc2cfd6dc23b715b916db8dc5c8ae5d4aa3106befd01a03079c49\redgifs_flippantbubblygroundbeetle.mp4
2026-08-29 21:42:35,456 [DEBUG] stdout: '1920,1080,24000/1001,11.469792\n'  stderr: ''
2026-08-29 21:42:35,456 [INFO]   -> 1920x1080 @ 23.976fps  11.47s
2026-08-29 21:42:35,456 [INFO] ffmpeg: F:\Githubrepostotest\Dragon Diffusion Video Prep\venv\Lib\site-packages\static_ffmpeg\bin\win32\ffmpeg.EXE -y -ss 5.0 -to 10.0 -i C:\Users\Andrew Baines\AppData\Local\Temp\gradio\f139f769e59fc2cfd6dc23b715b916db8dc5c8ae5d4aa3106befd01a03079c49\redgifs_flippantbubblygroundbeetle.mp4 -vf scale=768:432,fps=23.976023976023978 -c:v libx264 -crf 18 -preset slow -c:a aac -b:a 192k F:\Githubrepostotest\Dragon Diffusion Video Prep\output\clip_redgifs_flippantbubblygroundbeetle_5s.mp4
2026-08-29 21:42:35,864 [INFO] ffmpeg OK.
2026-08-29 21:42:35,864 [INFO] Done.
Input:  1920x1080 @ 23.98fps
Output: 768x432 @ 23.98fps
Clip:   5.0s → 10.0s  (5.0s)
Saved:  F:\Githubrepostotest\Dragon Diffusion Video Prep\output\clip_redgifs_flippantbubblygroundbeetle_5s.mp4
2026-08-29 21:43:10,110 [INFO] Tab1 upload received: C:\Users\Andrew Baines\AppData\Local\Temp\gradio\e3bc8c0c19709892a884e95c353e529c5738a5c5434d69a58eaba2d63b76f692\redgifs_heartfeltpowerlessswift.mp4
2026-08-29 21:43:10,111 [INFO] Probing: C:\Users\Andrew Baines\AppData\Local\Temp\gradio\e3bc8c0c19709892a884e95c353e529c5738a5c5434d69a58eaba2d63b76f692\redgifs_heartfeltpowerlessswift.mp4
2026-08-29 21:43:10,248 [DEBUG] cmd: F:\Githubrepostotest\Dragon Diffusion Video Prep\venv\Lib\site-packages\static_ffmpeg\bin\win32\ffprobe.EXE -v error -select_streams v:0 -show_entries stream=width,height,r_frame_rate,duration -of csv=p=0 C:\Users\Andrew Baines\AppData\Local\Temp\gradio\e3bc8c0c19709892a884e95c353e529c5738a5c5434d69a58eaba2d63b76f692\redgifs_heartfeltpowerlessswift.mp4
2026-08-29 21:43:10,310 [DEBUG] stdout: '1920,1080,50/1,58.940000\n'  stderr: ''
2026-08-29 21:43:10,310 [INFO]   -> 1920x1080 @ 50.000fps  58.94s
2026-08-29 21:43:29,437 [INFO] Tab1 extract from: C:\Users\Andrew Baines\AppData\Local\Temp\gradio\e3bc8c0c19709892a884e95c353e529c5738a5c5434d69a58eaba2d63b76f692\redgifs_heartfeltpowerlessswift.mp4  start=16.9  length=5
2026-08-29 21:43:29,438 [INFO] Probing: C:\Users\Andrew Baines\AppData\Local\Temp\gradio\e3bc8c0c19709892a884e95c353e529c5738a5c5434d69a58eaba2d63b76f692\redgifs_heartfeltpowerlessswift.mp4
2026-08-29 21:43:29,438 [DEBUG] cmd: F:\Githubrepostotest\Dragon Diffusion Video Prep\venv\Lib\site-packages\static_ffmpeg\bin\win32\ffprobe.EXE -v error -select_streams v:0 -show_entries stream=width,height,r_frame_rate,duration -of csv=p=0 C:\Users\Andrew Baines\AppData\Local\Temp\gradio\e3bc8c0c19709892a884e95c353e529c5738a5c5434d69a58eaba2d63b76f692\redgifs_heartfeltpowerlessswift.mp4
2026-08-29 21:43:29,473 [DEBUG] stdout: '1920,1080,50/1,58.940000\n'  stderr: ''
2026-08-29 21:43:29,473 [INFO]   -> 1920x1080 @ 50.000fps  58.94s
2026-08-29 21:43:29,473 [INFO] ffmpeg: F:\Githubrepostotest\Dragon Diffusion Video Prep\venv\Lib\site-packages\static_ffmpeg\bin\win32\ffmpeg.EXE -y -ss 16.9 -to 21.9 -i C:\Users\Andrew Baines\AppData\Local\Temp\gradio\e3bc8c0c19709892a884e95c353e529c5738a5c5434d69a58eaba2d63b76f692\redgifs_heartfeltpowerlessswift.mp4 -vf scale=768:432,fps=25.0 -c:v libx264 -crf 18 -preset slow -c:a aac -b:a 192k F:\Githubrepostotest\Dragon Diffusion Video Prep\output\clip_redgifs_heartfeltpowerlessswift_16s.mp4
2026-08-29 21:43:30,120 [INFO] ffmpeg OK.
2026-08-29 21:43:30,121 [INFO] Done.
Input:  1920x1080 @ 50.00fps
Output: 768x432 @ 25.00fps
Clip:   16.9s → 21.9s  (5.0s)
Saved:  F:\Githubrepostotest\Dragon Diffusion Video Prep\output\clip_redgifs_heartfeltpowerlessswift_16s.mp4
2026-08-29 21:44:10,172 [INFO] Tab1 extract from: C:\Users\Andrew Baines\AppData\Local\Temp\gradio\e3bc8c0c19709892a884e95c353e529c5738a5c5434d69a58eaba2d63b76f692\redgifs_heartfeltpowerlessswift.mp4  start=39  length=5
2026-08-29 21:44:10,172 [INFO] Probing: C:\Users\Andrew Baines\AppData\Local\Temp\gradio\e3bc8c0c19709892a884e95c353e529c5738a5c5434d69a58eaba2d63b76f692\redgifs_heartfeltpowerlessswift.mp4
2026-08-29 21:44:10,173 [DEBUG] cmd: F:\Githubrepostotest\Dragon Diffusion Video Prep\venv\Lib\site-packages\static_ffmpeg\bin\win32\ffprobe.EXE -v error -select_streams v:0 -show_entries stream=width,height,r_frame_rate,duration -of csv=p=0 C:\Users\Andrew Baines\AppData\Local\Temp\gradio\e3bc8c0c19709892a884e95c353e529c5738a5c5434d69a58eaba2d63b76f692\redgifs_heartfeltpowerlessswift.mp4
2026-08-29 21:44:10,216 [DEBUG] stdout: '1920,1080,50/1,58.940000\n'  stderr: ''
2026-08-29 21:44:10,216 [INFO]   -> 1920x1080 @ 50.000fps  58.94s
2026-08-29 21:44:10,216 [INFO] ffmpeg: F:\Githubrepostotest\Dragon Diffusion Video Prep\venv\Lib\site-packages\static_ffmpeg\bin\win32\ffmpeg.EXE -y -ss 39.0 -to 44.0 -i C:\Users\Andrew Baines\AppData\Local\Temp\gradio\e3bc8c0c19709892a884e95c353e529c5738a5c5434d69a58eaba2d63b76f692\redgifs_heartfeltpowerlessswift.mp4 -vf scale=768:432,fps=25.0 -c:v libx264 -crf 18 -preset slow -c:a aac -b:a 192k F:\Githubrepostotest\Dragon Diffusion Video Prep\output\clip_redgifs_heartfeltpowerlessswift_39s.mp4
2026-08-29 21:44:10,946 [INFO] ffmpeg OK.
2026-08-29 21:44:10,946 [INFO] Done.
Input:  1920x1080 @ 50.00fps
Output: 768x432 @ 25.00fps
Clip:   39.0s → 44.0s  (5.0s)
Saved:  F:\Githubrepostotest\Dragon Diffusion Video Prep\output\clip_redgifs_heartfeltpowerlessswift_39s.mp4
2026-08-29 21:44:17,942 [INFO] Tab1 upload received: C:\Users\Andrew Baines\AppData\Local\Temp\gradio\3327ad82e62743b932b2e1eed4c06da455d1821dbb9eb6ec00f2eae280f923ae\redgifs_helpfulworthwhileblackbird.mp4
2026-08-29 21:44:17,943 [INFO] Probing: C:\Users\Andrew Baines\AppData\Local\Temp\gradio\3327ad82e62743b932b2e1eed4c06da455d1821dbb9eb6ec00f2eae280f923ae\redgifs_helpfulworthwhileblackbird.mp4
2026-08-29 21:44:17,944 [DEBUG] cmd: F:\Githubrepostotest\Dragon Diffusion Video Prep\venv\Lib\site-packages\static_ffmpeg\bin\win32\ffprobe.EXE -v error -select_streams v:0 -show_entries stream=width,height,r_frame_rate,duration -of csv=p=0 C:\Users\Andrew Baines\AppData\Local\Temp\gradio\3327ad82e62743b932b2e1eed4c06da455d1821dbb9eb6ec00f2eae280f923ae\redgifs_helpfulworthwhileblackbird.mp4
2026-08-29 21:44:18,002 [DEBUG] stdout: '1080,1920,30/1,60.033333\n'  stderr: ''
2026-08-29 21:44:18,002 [INFO]   -> 1080x1920 @ 30.000fps  60.03s
2026-08-29 21:44:28,286 [INFO] Tab1 upload received: C:\Users\Andrew Baines\AppData\Local\Temp\gradio\27eff3d14e56b87d6b436182947e4f4a6afb1f5ba0a43fdce3551dd7a9f58c47\redgifs_jitterytallurial.mp4
2026-08-29 21:44:28,287 [INFO] Probing: C:\Users\Andrew Baines\AppData\Local\Temp\gradio\27eff3d14e56b87d6b436182947e4f4a6afb1f5ba0a43fdce3551dd7a9f58c47\redgifs_jitterytallurial.mp4
2026-08-29 21:44:28,288 [DEBUG] cmd: F:\Githubrepostotest\Dragon Diffusion Video Prep\venv\Lib\site-packages\static_ffmpeg\bin\win32\ffprobe.EXE -v error -select_streams v:0 -show_entries stream=width,height,r_frame_rate,duration -of csv=p=0 C:\Users\Andrew Baines\AppData\Local\Temp\gradio\27eff3d14e56b87d6b436182947e4f4a6afb1f5ba0a43fdce3551dd7a9f58c47\redgifs_jitterytallurial.mp4
2026-08-29 21:44:28,345 [DEBUG] stdout: '1920,1080,50/1,16.000000\n'  stderr: ''
2026-08-29 21:44:28,346 [INFO]   -> 1920x1080 @ 50.000fps  16.00s
2026-08-29 21:44:35,073 [INFO] Tab1 extract from: C:\Users\Andrew Baines\AppData\Local\Temp\gradio\27eff3d14e56b87d6b436182947e4f4a6afb1f5ba0a43fdce3551dd7a9f58c47\redgifs_jitterytallurial.mp4  start=0  length=5
2026-08-29 21:44:35,073 [INFO] Probing: C:\Users\Andrew Baines\AppData\Local\Temp\gradio\27eff3d14e56b87d6b436182947e4f4a6afb1f5ba0a43fdce3551dd7a9f58c47\redgifs_jitterytallurial.mp4
2026-08-29 21:44:35,073 [DEBUG] cmd: F:\Githubrepostotest\Dragon Diffusion Video Prep\venv\Lib\site-packages\static_ffmpeg\bin\win32\ffprobe.EXE -v error -select_streams v:0 -show_entries stream=width,height,r_frame_rate,duration -of csv=p=0 C:\Users\Andrew Baines\AppData\Local\Temp\gradio\27eff3d14e56b87d6b436182947e4f4a6afb1f5ba0a43fdce3551dd7a9f58c47\redgifs_jitterytallurial.mp4
2026-08-29 21:44:35,110 [DEBUG] stdout: '1920,1080,50/1,16.000000\n'  stderr: ''
2026-08-29 21:44:35,110 [INFO]   -> 1920x1080 @ 50.000fps  16.00s
2026-08-29 21:44:35,110 [INFO] ffmpeg: F:\Githubrepostotest\Dragon Diffusion Video Prep\venv\Lib\site-packages\static_ffmpeg\bin\win32\ffmpeg.EXE -y -ss 0.0 -to 5.0 -i C:\Users\Andrew Baines\AppData\Local\Temp\gradio\27eff3d14e56b87d6b436182947e4f4a6afb1f5ba0a43fdce3551dd7a9f58c47\redgifs_jitterytallurial.mp4 -vf scale=768:432,fps=25.0 -c:v libx264 -crf 18 -preset slow -c:a aac -b:a 192k F:\Githubrepostotest\Dragon Diffusion Video Prep\output\clip_redgifs_jitterytallurial_0s.mp4
2026-08-29 21:44:35,806 [INFO] ffmpeg OK.
2026-08-29 21:44:35,807 [INFO] Done.
Input:  1920x1080 @ 50.00fps
Output: 768x432 @ 25.00fps
Clip:   0.0s → 5.0s  (5.0s)
Saved:  F:\Githubrepostotest\Dragon Diffusion Video Prep\output\clip_redgifs_jitterytallurial_0s.mp4
2026-08-29 21:44:42,800 [INFO] Tab1 upload received: C:\Users\Andrew Baines\AppData\Local\Temp\gradio\ddef00406e599a33abeb540bb3abb84332f8f98acdb8a0d99b8a8652db54dbd0\redgifs_kindlygoldenseagull.mp4
2026-08-29 21:44:42,800 [INFO] Probing: C:\Users\Andrew Baines\AppData\Local\Temp\gradio\ddef00406e599a33abeb540bb3abb84332f8f98acdb8a0d99b8a8652db54dbd0\redgifs_kindlygoldenseagull.mp4
2026-08-29 21:44:42,801 [DEBUG] cmd: F:\Githubrepostotest\Dragon Diffusion Video Prep\venv\Lib\site-packages\static_ffmpeg\bin\win32\ffprobe.EXE -v error -select_streams v:0 -show_entries stream=width,height,r_frame_rate,duration -of csv=p=0 C:\Users\Andrew Baines\AppData\Local\Temp\gradio\ddef00406e599a33abeb540bb3abb84332f8f98acdb8a0d99b8a8652db54dbd0\redgifs_kindlygoldenseagull.mp4
2026-08-29 21:44:42,861 [DEBUG] stdout: '1920,1080,30/1,41.166667\n'  stderr: ''
2026-08-29 21:44:42,861 [INFO]   -> 1920x1080 @ 30.000fps  41.17s
2026-08-29 21:45:05,574 [INFO] Tab1 upload received: C:\Users\Andrew Baines\AppData\Local\Temp\gradio\2f091cd256a0e020ac07994c271fbd8be8866a4e5eb54ca09d13e31a74c771ca\redgifs_knottyimpurefirebelliedtoad.mp4
2026-08-29 21:45:05,574 [INFO] Probing: C:\Users\Andrew Baines\AppData\Local\Temp\gradio\2f091cd256a0e020ac07994c271fbd8be8866a4e5eb54ca09d13e31a74c771ca\redgifs_knottyimpurefirebelliedtoad.mp4
2026-08-29 21:45:05,575 [DEBUG] cmd: F:\Githubrepostotest\Dragon Diffusion Video Prep\venv\Lib\site-packages\static_ffmpeg\bin\win32\ffprobe.EXE -v error -select_streams v:0 -show_entries stream=width,height,r_frame_rate,duration -of csv=p=0 C:\Users\Andrew Baines\AppData\Local\Temp\gradio\2f091cd256a0e020ac07994c271fbd8be8866a4e5eb54ca09d13e31a74c771ca\redgifs_knottyimpurefirebelliedtoad.mp4
2026-08-29 21:45:05,638 [DEBUG] stdout: '1920,1080,25/1,60.040000\n'  stderr: ''
2026-08-29 21:45:05,638 [INFO]   -> 1920x1080 @ 25.000fps  60.04s
2026-08-29 21:45:45,079 [INFO] Tab1 extract from: C:\Users\Andrew Baines\AppData\Local\Temp\gradio\2f091cd256a0e020ac07994c271fbd8be8866a4e5eb54ca09d13e31a74c771ca\redgifs_knottyimpurefirebelliedtoad.mp4  start=48.1  length=5
2026-08-29 21:45:45,079 [INFO] Probing: C:\Users\Andrew Baines\AppData\Local\Temp\gradio\2f091cd256a0e020ac07994c271fbd8be8866a4e5eb54ca09d13e31a74c771ca\redgifs_knottyimpurefirebelliedtoad.mp4
2026-08-29 21:45:45,079 [DEBUG] cmd: F:\Githubrepostotest\Dragon Diffusion Video Prep\venv\Lib\site-packages\static_ffmpeg\bin\win32\ffprobe.EXE -v error -select_streams v:0 -show_entries stream=width,height,r_frame_rate,duration -of csv=p=0 C:\Users\Andrew Baines\AppData\Local\Temp\gradio\2f091cd256a0e020ac07994c271fbd8be8866a4e5eb54ca09d13e31a74c771ca\redgifs_knottyimpurefirebelliedtoad.mp4
2026-08-29 21:45:45,116 [DEBUG] stdout: '1920,1080,25/1,60.040000\n'  stderr: ''
2026-08-29 21:45:45,117 [INFO]   -> 1920x1080 @ 25.000fps  60.04s
2026-08-29 21:45:45,117 [INFO] ffmpeg: F:\Githubrepostotest\Dragon Diffusion Video Prep\venv\Lib\site-packages\static_ffmpeg\bin\win32\ffmpeg.EXE -y -ss 48.1 -to 53.1 -i C:\Users\Andrew Baines\AppData\Local\Temp\gradio\2f091cd256a0e020ac07994c271fbd8be8866a4e5eb54ca09d13e31a74c771ca\redgifs_knottyimpurefirebelliedtoad.mp4 -vf scale=768:432,fps=25.0 -c:v libx264 -crf 18 -preset slow -c:a aac -b:a 192k F:\Githubrepostotest\Dragon Diffusion Video Prep\output\clip_redgifs_knottyimpurefirebelliedtoad_48s.mp4
2026-08-29 21:45:45,638 [INFO] ffmpeg OK.
2026-08-29 21:45:45,638 [INFO] Done.
Input:  1920x1080 @ 25.00fps
Output: 768x432 @ 25.00fps
Clip:   48.1s → 53.1s  (5.0s)
Saved:  F:\Githubrepostotest\Dragon Diffusion Video Prep\output\clip_redgifs_knottyimpurefirebelliedtoad_48s.mp4
2026-08-29 21:45:53,098 [INFO] Tab1 upload received: C:\Users\Andrew Baines\AppData\Local\Temp\gradio\fb06fdfa91b103e4947ba63f022b9d334b21e19461e312558c4109fc9168bf6a\redgifs_lightgreygruesomeivorybilledwoodpecker.mp4
2026-08-29 21:45:53,098 [INFO] Probing: C:\Users\Andrew Baines\AppData\Local\Temp\gradio\fb06fdfa91b103e4947ba63f022b9d334b21e19461e312558c4109fc9168bf6a\redgifs_lightgreygruesomeivorybilledwoodpecker.mp4
2026-08-29 21:45:53,098 [DEBUG] cmd: F:\Githubrepostotest\Dragon Diffusion Video Prep\venv\Lib\site-packages\static_ffmpeg\bin\win32\ffprobe.EXE -v error -select_streams v:0 -show_entries stream=width,height,r_frame_rate,duration -of csv=p=0 C:\Users\Andrew Baines\AppData\Local\Temp\gradio\fb06fdfa91b103e4947ba63f022b9d334b21e19461e312558c4109fc9168bf6a\redgifs_lightgreygruesomeivorybilledwoodpecker.mp4
2026-08-29 21:45:53,158 [DEBUG] stdout: '1080,1918,30/1,60.033333\n'  stderr: ''
2026-08-29 21:45:53,159 [INFO]   -> 1080x1918 @ 30.000fps  60.03s
2026-08-29 21:46:21,416 [INFO] Tab1 extract from: C:\Users\Andrew Baines\AppData\Local\Temp\gradio\fb06fdfa91b103e4947ba63f022b9d334b21e19461e312558c4109fc9168bf6a\redgifs_lightgreygruesomeivorybilledwoodpecker.mp4  start=45.8  length=5
2026-08-29 21:46:21,416 [INFO] Probing: C:\Users\Andrew Baines\AppData\Local\Temp\gradio\fb06fdfa91b103e4947ba63f022b9d334b21e19461e312558c4109fc9168bf6a\redgifs_lightgreygruesomeivorybilledwoodpecker.mp4
2026-08-29 21:46:21,416 [DEBUG] cmd: F:\Githubrepostotest\Dragon Diffusion Video Prep\venv\Lib\site-packages\static_ffmpeg\bin\win32\ffprobe.EXE -v error -select_streams v:0 -show_entries stream=width,height,r_frame_rate,duration -of csv=p=0 C:\Users\Andrew Baines\AppData\Local\Temp\gradio\fb06fdfa91b103e4947ba63f022b9d334b21e19461e312558c4109fc9168bf6a\redgifs_lightgreygruesomeivorybilledwoodpecker.mp4
2026-08-29 21:46:21,449 [DEBUG] stdout: '1080,1918,30/1,60.033333\n'  stderr: ''
2026-08-29 21:46:21,449 [INFO]   -> 1080x1918 @ 30.000fps  60.03s
2026-08-29 21:46:21,450 [INFO] ffmpeg: F:\Githubrepostotest\Dragon Diffusion Video Prep\venv\Lib\site-packages\static_ffmpeg\bin\win32\ffmpeg.EXE -y -ss 45.8 -to 50.8 -i C:\Users\Andrew Baines\AppData\Local\Temp\gradio\fb06fdfa91b103e4947ba63f022b9d334b21e19461e312558c4109fc9168bf6a\redgifs_lightgreygruesomeivorybilledwoodpecker.mp4 -vf scale=432:768,fps=25.0 -c:v libx264 -crf 18 -preset slow -c:a aac -b:a 192k F:\Githubrepostotest\Dragon Diffusion Video Prep\output\clip_redgifs_lightgreygruesomeivorybilledwoodpecker_45s.mp4
2026-08-29 21:46:21,936 [INFO] ffmpeg OK.
2026-08-29 21:46:21,936 [INFO] Done.
Input:  1080x1918 @ 30.00fps
Output: 432x768 @ 25.00fps
Clip:   45.8s → 50.8s  (5.0s)
Saved:  F:\Githubrepostotest\Dragon Diffusion Video Prep\output\clip_redgifs_lightgreygruesomeivorybilledwoodpecker_45s.mp4
2026-08-29 21:46:37,772 [INFO] Tab1 upload received: C:\Users\Andrew Baines\AppData\Local\Temp\gradio\00240421b1579cfc9082f5893371e34375370f6099227f01556f1d28aacd555b\redgifs_livetruthfulyosemitetoad.mp4
2026-08-29 21:46:37,772 [INFO] Probing: C:\Users\Andrew Baines\AppData\Local\Temp\gradio\00240421b1579cfc9082f5893371e34375370f6099227f01556f1d28aacd555b\redgifs_livetruthfulyosemitetoad.mp4
2026-08-29 21:46:37,773 [DEBUG] cmd: F:\Githubrepostotest\Dragon Diffusion Video Prep\venv\Lib\site-packages\static_ffmpeg\bin\win32\ffprobe.EXE -v error -select_streams v:0 -show_entries stream=width,height,r_frame_rate,duration -of csv=p=0 C:\Users\Andrew Baines\AppData\Local\Temp\gradio\00240421b1579cfc9082f5893371e34375370f6099227f01556f1d28aacd555b\redgifs_livetruthfulyosemitetoad.mp4
2026-08-29 21:46:37,823 [DEBUG] stdout: '1920,1080,30/1,59.066667\n'  stderr: ''
2026-08-29 21:46:37,823 [INFO]   -> 1920x1080 @ 30.000fps  59.07s
2026-08-29 21:47:12,162 [INFO] Tab1 extract from: C:\Users\Andrew Baines\AppData\Local\Temp\gradio\00240421b1579cfc9082f5893371e34375370f6099227f01556f1d28aacd555b\redgifs_livetruthfulyosemitetoad.mp4  start=46  length=5
2026-08-29 21:47:12,162 [INFO] Probing: C:\Users\Andrew Baines\AppData\Local\Temp\gradio\00240421b1579cfc9082f5893371e34375370f6099227f01556f1d28aacd555b\redgifs_livetruthfulyosemitetoad.mp4
2026-08-29 21:47:12,162 [DEBUG] cmd: F:\Githubrepostotest\Dragon Diffusion Video Prep\venv\Lib\site-packages\static_ffmpeg\bin\win32\ffprobe.EXE -v error -select_streams v:0 -show_entries stream=width,height,r_frame_rate,duration -of csv=p=0 C:\Users\Andrew Baines\AppData\Local\Temp\gradio\00240421b1579cfc9082f5893371e34375370f6099227f01556f1d28aacd555b\redgifs_livetruthfulyosemitetoad.mp4
2026-08-29 21:47:12,199 [DEBUG] stdout: '1920,1080,30/1,59.066667\n'  stderr: ''
2026-08-29 21:47:12,200 [INFO]   -> 1920x1080 @ 30.000fps  59.07s
2026-08-29 21:47:12,200 [INFO] ffmpeg: F:\Githubrepostotest\Dragon Diffusion Video Prep\venv\Lib\site-packages\static_ffmpeg\bin\win32\ffmpeg.EXE -y -ss 46.0 -to 51.0 -i C:\Users\Andrew Baines\AppData\Local\Temp\gradio\00240421b1579cfc9082f5893371e34375370f6099227f01556f1d28aacd555b\redgifs_livetruthfulyosemitetoad.mp4 -vf scale=768:432,fps=25.0 -c:v libx264 -crf 18 -preset slow -c:a aac -b:a 192k F:\Githubrepostotest\Dragon Diffusion Video Prep\output\clip_redgifs_livetruthfulyosemitetoad_46s.mp4
2026-08-29 21:47:12,830 [INFO] ffmpeg OK.
2026-08-29 21:47:12,830 [INFO] Done.
Input:  1920x1080 @ 30.00fps
Output: 768x432 @ 25.00fps
Clip:   46.0s → 51.0s  (5.0s)
Saved:  F:\Githubrepostotest\Dragon Diffusion Video Prep\output\clip_redgifs_livetruthfulyosemitetoad_46s.mp4
2026-08-29 21:47:22,488 [INFO] Tab1 upload received: C:\Users\Andrew Baines\AppData\Local\Temp\gradio\675f2cab85a95695444ba73f7828a7b9f04885d25eae3430ba42b02f3454df8e\redgifs_madtroubledxenopus.mp4
2026-08-29 21:47:22,489 [INFO] Probing: C:\Users\Andrew Baines\AppData\Local\Temp\gradio\675f2cab85a95695444ba73f7828a7b9f04885d25eae3430ba42b02f3454df8e\redgifs_madtroubledxenopus.mp4
2026-08-29 21:47:22,490 [DEBUG] cmd: F:\Githubrepostotest\Dragon Diffusion Video Prep\venv\Lib\site-packages\static_ffmpeg\bin\win32\ffprobe.EXE -v error -select_streams v:0 -show_entries stream=width,height,r_frame_rate,duration -of csv=p=0 C:\Users\Andrew Baines\AppData\Local\Temp\gradio\675f2cab85a95695444ba73f7828a7b9f04885d25eae3430ba42b02f3454df8e\redgifs_madtroubledxenopus.mp4
2026-08-29 21:47:22,544 [DEBUG] stdout: '1920,1080,25/1,31.480000\n'  stderr: ''
2026-08-29 21:47:22,544 [INFO]   -> 1920x1080 @ 25.000fps  31.48s
2026-08-29 21:47:53,879 [INFO] Tab1 extract from: C:\Users\Andrew Baines\AppData\Local\Temp\gradio\675f2cab85a95695444ba73f7828a7b9f04885d25eae3430ba42b02f3454df8e\redgifs_madtroubledxenopus.mp4  start=10  length=5
2026-08-29 21:47:53,880 [INFO] Probing: C:\Users\Andrew Baines\AppData\Local\Temp\gradio\675f2cab85a95695444ba73f7828a7b9f04885d25eae3430ba42b02f3454df8e\redgifs_madtroubledxenopus.mp4
2026-08-29 21:47:53,880 [DEBUG] cmd: F:\Githubrepostotest\Dragon Diffusion Video Prep\venv\Lib\site-packages\static_ffmpeg\bin\win32\ffprobe.EXE -v error -select_streams v:0 -show_entries stream=width,height,r_frame_rate,duration -of csv=p=0 C:\Users\Andrew Baines\AppData\Local\Temp\gradio\675f2cab85a95695444ba73f7828a7b9f04885d25eae3430ba42b02f3454df8e\redgifs_madtroubledxenopus.mp4
2026-08-29 21:47:53,917 [DEBUG] stdout: '1920,1080,25/1,31.480000\n'  stderr: ''
2026-08-29 21:47:53,917 [INFO]   -> 1920x1080 @ 25.000fps  31.48s
2026-08-29 21:47:53,917 [INFO] ffmpeg: F:\Githubrepostotest\Dragon Diffusion Video Prep\venv\Lib\site-packages\static_ffmpeg\bin\win32\ffmpeg.EXE -y -ss 10.0 -to 15.0 -i C:\Users\Andrew Baines\AppData\Local\Temp\gradio\675f2cab85a95695444ba73f7828a7b9f04885d25eae3430ba42b02f3454df8e\redgifs_madtroubledxenopus.mp4 -vf scale=768:432,fps=25.0 -c:v libx264 -crf 18 -preset slow -c:a aac -b:a 192k F:\Githubrepostotest\Dragon Diffusion Video Prep\output\clip_redgifs_madtroubledxenopus_10s.mp4
2026-08-29 21:47:54,491 [INFO] ffmpeg OK.
2026-08-29 21:47:54,491 [INFO] Done.
Input:  1920x1080 @ 25.00fps
Output: 768x432 @ 25.00fps
Clip:   10.0s → 15.0s  (5.0s)
Saved:  F:\Githubrepostotest\Dragon Diffusion Video Prep\output\clip_redgifs_madtroubledxenopus_10s.mp4
2026-08-29 21:48:04,680 [INFO] Tab1 upload received: C:\Users\Andrew Baines\AppData\Local\Temp\gradio\01b3e839eb5993f9cb754d6efc7c7e3de2f957d8d9d70bc480025daceb642650\redgifs_nonstopinexperiencedbuck.mp4
2026-08-29 21:48:04,680 [INFO] Probing: C:\Users\Andrew Baines\AppData\Local\Temp\gradio\01b3e839eb5993f9cb754d6efc7c7e3de2f957d8d9d70bc480025daceb642650\redgifs_nonstopinexperiencedbuck.mp4
2026-08-29 21:48:04,681 [DEBUG] cmd: F:\Githubrepostotest\Dragon Diffusion Video Prep\venv\Lib\site-packages\static_ffmpeg\bin\win32\ffprobe.EXE -v error -select_streams v:0 -show_entries stream=width,height,r_frame_rate,duration -of csv=p=0 C:\Users\Andrew Baines\AppData\Local\Temp\gradio\01b3e839eb5993f9cb754d6efc7c7e3de2f957d8d9d70bc480025daceb642650\redgifs_nonstopinexperiencedbuck.mp4
2026-08-29 21:48:04,741 [DEBUG] stdout: '1920,1080,60000/1001,58.992267\n'  stderr: ''
2026-08-29 21:48:04,741 [INFO]   -> 1920x1080 @ 59.940fps  58.99s
2026-08-29 21:48:28,138 [INFO] Tab1 extract from: C:\Users\Andrew Baines\AppData\Local\Temp\gradio\01b3e839eb5993f9cb754d6efc7c7e3de2f957d8d9d70bc480025daceb642650\redgifs_nonstopinexperiencedbuck.mp4  start=49  length=5
2026-08-29 21:48:28,138 [INFO] Probing: C:\Users\Andrew Baines\AppData\Local\Temp\gradio\01b3e839eb5993f9cb754d6efc7c7e3de2f957d8d9d70bc480025daceb642650\redgifs_nonstopinexperiencedbuck.mp4
2026-08-29 21:48:28,138 [DEBUG] cmd: F:\Githubrepostotest\Dragon Diffusion Video Prep\venv\Lib\site-packages\static_ffmpeg\bin\win32\ffprobe.EXE -v error -select_streams v:0 -show_entries stream=width,height,r_frame_rate,duration -of csv=p=0 C:\Users\Andrew Baines\AppData\Local\Temp\gradio\01b3e839eb5993f9cb754d6efc7c7e3de2f957d8d9d70bc480025daceb642650\redgifs_nonstopinexperiencedbuck.mp4
2026-08-29 21:48:28,173 [DEBUG] stdout: '1920,1080,60000/1001,58.992267\n'  stderr: ''
2026-08-29 21:48:28,173 [INFO]   -> 1920x1080 @ 59.940fps  58.99s
2026-08-29 21:48:28,173 [INFO] ffmpeg: F:\Githubrepostotest\Dragon Diffusion Video Prep\venv\Lib\site-packages\static_ffmpeg\bin\win32\ffmpeg.EXE -y -ss 49.0 -to 54.0 -i C:\Users\Andrew Baines\AppData\Local\Temp\gradio\01b3e839eb5993f9cb754d6efc7c7e3de2f957d8d9d70bc480025daceb642650\redgifs_nonstopinexperiencedbuck.mp4 -vf scale=768:432,fps=25.0 -c:v libx264 -crf 18 -preset slow -c:a aac -b:a 192k F:\Githubrepostotest\Dragon Diffusion Video Prep\output\clip_redgifs_nonstopinexperiencedbuck_49s.mp4
2026-08-29 21:48:28,829 [INFO] ffmpeg OK.
2026-08-29 21:48:28,829 [INFO] Done.
Input:  1920x1080 @ 59.94fps
Output: 768x432 @ 25.00fps
Clip:   49.0s → 54.0s  (5.0s)
Saved:  F:\Githubrepostotest\Dragon Diffusion Video Prep\output\clip_redgifs_nonstopinexperiencedbuck_49s.mp4
2026-08-29 21:48:37,120 [INFO] Tab1 upload received: C:\Users\Andrew Baines\AppData\Local\Temp\gradio\30108c4e90331b24c18c58e6b7535750404e1c1425e99544ccc321eaa7581dc7\redgifs_orangesweetdanishswedishfarmdog.mp4
2026-08-29 21:48:37,120 [INFO] Probing: C:\Users\Andrew Baines\AppData\Local\Temp\gradio\30108c4e90331b24c18c58e6b7535750404e1c1425e99544ccc321eaa7581dc7\redgifs_orangesweetdanishswedishfarmdog.mp4
2026-08-29 21:48:37,124 [DEBUG] cmd: F:\Githubrepostotest\Dragon Diffusion Video Prep\venv\Lib\site-packages\static_ffmpeg\bin\win32\ffprobe.EXE -v error -select_streams v:0 -show_entries stream=width,height,r_frame_rate,duration -of csv=p=0 C:\Users\Andrew Baines\AppData\Local\Temp\gradio\30108c4e90331b24c18c58e6b7535750404e1c1425e99544ccc321eaa7581dc7\redgifs_orangesweetdanishswedishfarmdog.mp4
2026-08-29 21:48:37,181 [DEBUG] stdout: '1920,1080,24/1,40.416667\n'  stderr: ''
2026-08-29 21:48:37,181 [INFO]   -> 1920x1080 @ 24.000fps  40.42s
2026-08-29 21:49:12,271 [INFO] Tab1 extract from: C:\Users\Andrew Baines\AppData\Local\Temp\gradio\30108c4e90331b24c18c58e6b7535750404e1c1425e99544ccc321eaa7581dc7\redgifs_orangesweetdanishswedishfarmdog.mp4  start=23.8  length=5
2026-08-29 21:49:12,271 [INFO] Probing: C:\Users\Andrew Baines\AppData\Local\Temp\gradio\30108c4e90331b24c18c58e6b7535750404e1c1425e99544ccc321eaa7581dc7\redgifs_orangesweetdanishswedishfarmdog.mp4
2026-08-29 21:49:12,271 [DEBUG] cmd: F:\Githubrepostotest\Dragon Diffusion Video Prep\venv\Lib\site-packages\static_ffmpeg\bin\win32\ffprobe.EXE -v error -select_streams v:0 -show_entries stream=width,height,r_frame_rate,duration -of csv=p=0 C:\Users\Andrew Baines\AppData\Local\Temp\gradio\30108c4e90331b24c18c58e6b7535750404e1c1425e99544ccc321eaa7581dc7\redgifs_orangesweetdanishswedishfarmdog.mp4
2026-08-29 21:49:12,304 [DEBUG] stdout: '1920,1080,24/1,40.416667\n'  stderr: ''
2026-08-29 21:49:12,304 [INFO]   -> 1920x1080 @ 24.000fps  40.42s
2026-08-29 21:49:12,304 [INFO] ffmpeg: F:\Githubrepostotest\Dragon Diffusion Video Prep\venv\Lib\site-packages\static_ffmpeg\bin\win32\ffmpeg.EXE -y -ss 23.8 -to 28.8 -i C:\Users\Andrew Baines\AppData\Local\Temp\gradio\30108c4e90331b24c18c58e6b7535750404e1c1425e99544ccc321eaa7581dc7\redgifs_orangesweetdanishswedishfarmdog.mp4 -vf scale=768:432,fps=24.0 -c:v libx264 -crf 18 -preset slow -c:a aac -b:a 192k F:\Githubrepostotest\Dragon Diffusion Video Prep\output\clip_redgifs_orangesweetdanishswedishfarmdog_23s.mp4
2026-08-29 21:49:12,908 [INFO] ffmpeg OK.
2026-08-29 21:49:12,909 [INFO] Done.
Input:  1920x1080 @ 24.00fps
Output: 768x432 @ 24.00fps
Clip:   23.8s → 28.8s  (5.0s)
Saved:  F:\Githubrepostotest\Dragon Diffusion Video Prep\output\clip_redgifs_orangesweetdanishswedishfarmdog_23s.mp4
2026-08-29 21:49:22,289 [INFO] Tab1 upload received: C:\Users\Andrew Baines\AppData\Local\Temp\gradio\1a270d6c3a2598e2c1d40603014455c9406f5187bd9a529e8a3b1d1a9090efc6\redgifs_wastefulbestbuzzard.mp4
2026-08-29 21:49:22,290 [INFO] Probing: C:\Users\Andrew Baines\AppData\Local\Temp\gradio\1a270d6c3a2598e2c1d40603014455c9406f5187bd9a529e8a3b1d1a9090efc6\redgifs_wastefulbestbuzzard.mp4
2026-08-29 21:49:22,292 [DEBUG] cmd: F:\Githubrepostotest\Dragon Diffusion Video Prep\venv\Lib\site-packages\static_ffmpeg\bin\win32\ffprobe.EXE -v error -select_streams v:0 -show_entries stream=width,height,r_frame_rate,duration -of csv=p=0 C:\Users\Andrew Baines\AppData\Local\Temp\gradio\1a270d6c3a2598e2c1d40603014455c9406f5187bd9a529e8a3b1d1a9090efc6\redgifs_wastefulbestbuzzard.mp4
2026-08-29 21:49:22,346 [DEBUG] stdout: '1920,1080,60/1,19.900000\n'  stderr: ''
2026-08-29 21:49:22,346 [INFO]   -> 1920x1080 @ 60.000fps  19.90s
2026-08-29 21:49:52,668 [INFO] Tab1 extract from: C:\Users\Andrew Baines\AppData\Local\Temp\gradio\1a270d6c3a2598e2c1d40603014455c9406f5187bd9a529e8a3b1d1a9090efc6\redgifs_wastefulbestbuzzard.mp4  start=11  length=5
2026-08-29 21:49:52,668 [INFO] Probing: C:\Users\Andrew Baines\AppData\Local\Temp\gradio\1a270d6c3a2598e2c1d40603014455c9406f5187bd9a529e8a3b1d1a9090efc6\redgifs_wastefulbestbuzzard.mp4
2026-08-29 21:49:52,669 [DEBUG] cmd: F:\Githubrepostotest\Dragon Diffusion Video Prep\venv\Lib\site-packages\static_ffmpeg\bin\win32\ffprobe.EXE -v error -select_streams v:0 -show_entries stream=width,height,r_frame_rate,duration -of csv=p=0 C:\Users\Andrew Baines\AppData\Local\Temp\gradio\1a270d6c3a2598e2c1d40603014455c9406f5187bd9a529e8a3b1d1a9090efc6\redgifs_wastefulbestbuzzard.mp4
2026-08-29 21:49:52,709 [DEBUG] stdout: '1920,1080,60/1,19.900000\n'  stderr: ''
2026-08-29 21:49:52,709 [INFO]   -> 1920x1080 @ 60.000fps  19.90s
2026-08-29 21:49:52,709 [INFO] ffmpeg: F:\Githubrepostotest\Dragon Diffusion Video Prep\venv\Lib\site-packages\static_ffmpeg\bin\win32\ffmpeg.EXE -y -ss 11.0 -to 16.0 -i C:\Users\Andrew Baines\AppData\Local\Temp\gradio\1a270d6c3a2598e2c1d40603014455c9406f5187bd9a529e8a3b1d1a9090efc6\redgifs_wastefulbestbuzzard.mp4 -vf scale=768:432,fps=25.0 -c:v libx264 -crf 18 -preset slow -c:a aac -b:a 192k F:\Githubrepostotest\Dragon Diffusion Video Prep\output\clip_redgifs_wastefulbestbuzzard_11s.mp4
2026-08-29 21:49:53,466 [INFO] ffmpeg OK.
2026-08-29 21:49:53,466 [INFO] Done.
Input:  1920x1080 @ 60.00fps
Output: 768x432 @ 25.00fps
Clip:   11.0s → 16.0s  (5.0s)
Saved:  F:\Githubrepostotest\Dragon Diffusion Video Prep\output\clip_redgifs_wastefulbestbuzzard_11s.mp4
2026-08-29 21:50:02,491 [INFO] Tab1 upload received: C:\Users\Andrew Baines\AppData\Local\Temp\gradio\74fb2d035f21c32d375d60659deedb8e1abf1de2b1acf540a3ce7f0a59fb718f\redgifs_weakanxiousgelding.mp4
2026-08-29 21:50:02,493 [INFO] Probing: C:\Users\Andrew Baines\AppData\Local\Temp\gradio\74fb2d035f21c32d375d60659deedb8e1abf1de2b1acf540a3ce7f0a59fb718f\redgifs_weakanxiousgelding.mp4
2026-08-29 21:50:02,493 [DEBUG] cmd: F:\Githubrepostotest\Dragon Diffusion Video Prep\venv\Lib\site-packages\static_ffmpeg\bin\win32\ffprobe.EXE -v error -select_streams v:0 -show_entries stream=width,height,r_frame_rate,duration -of csv=p=0 C:\Users\Andrew Baines\AppData\Local\Temp\gradio\74fb2d035f21c32d375d60659deedb8e1abf1de2b1acf540a3ce7f0a59fb718f\redgifs_weakanxiousgelding.mp4
2026-08-29 21:50:02,556 [DEBUG] stdout: '1920,1080,30/1,60.033333\n'  stderr: ''
2026-08-29 21:50:02,556 [INFO]   -> 1920x1080 @ 30.000fps  60.03s
2026-08-29 21:50:36,481 [INFO] Tab1 extract from: C:\Users\Andrew Baines\AppData\Local\Temp\gradio\74fb2d035f21c32d375d60659deedb8e1abf1de2b1acf540a3ce7f0a59fb718f\redgifs_weakanxiousgelding.mp4  start=38.1  length=5
2026-08-29 21:50:36,481 [INFO] Probing: C:\Users\Andrew Baines\AppData\Local\Temp\gradio\74fb2d035f21c32d375d60659deedb8e1abf1de2b1acf540a3ce7f0a59fb718f\redgifs_weakanxiousgelding.mp4
2026-08-29 21:50:36,481 [DEBUG] cmd: F:\Githubrepostotest\Dragon Diffusion Video Prep\venv\Lib\site-packages\static_ffmpeg\bin\win32\ffprobe.EXE -v error -select_streams v:0 -show_entries stream=width,height,r_frame_rate,duration -of csv=p=0 C:\Users\Andrew Baines\AppData\Local\Temp\gradio\74fb2d035f21c32d375d60659deedb8e1abf1de2b1acf540a3ce7f0a59fb718f\redgifs_weakanxiousgelding.mp4
2026-08-29 21:50:36,521 [DEBUG] stdout: '1920,1080,30/1,60.033333\n'  stderr: ''
2026-08-29 21:50:36,522 [INFO]   -> 1920x1080 @ 30.000fps  60.03s
2026-08-29 21:50:36,522 [INFO] ffmpeg: F:\Githubrepostotest\Dragon Diffusion Video Prep\venv\Lib\site-packages\static_ffmpeg\bin\win32\ffmpeg.EXE -y -ss 38.1 -to 43.1 -i C:\Users\Andrew Baines\AppData\Local\Temp\gradio\74fb2d035f21c32d375d60659deedb8e1abf1de2b1acf540a3ce7f0a59fb718f\redgifs_weakanxiousgelding.mp4 -vf scale=768:432,fps=25.0 -c:v libx264 -crf 18 -preset slow -c:a aac -b:a 192k F:\Githubrepostotest\Dragon Diffusion Video Prep\output\clip_redgifs_weakanxiousgelding_38s.mp4
2026-08-29 21:50:37,093 [INFO] ffmpeg OK.
2026-08-29 21:50:37,093 [INFO] Done.
Input:  1920x1080 @ 30.00fps
Output: 768x432 @ 25.00fps
Clip:   38.1s → 43.1s  (5.0s)
Saved:  F:\Githubrepostotest\Dragon Diffusion Video Prep\output\clip_redgifs_weakanxiousgelding_38s.mp4
2026-08-31 23:36:59,964 [INFO] Starting — pulling FFmpeg binaries...
2026-08-31 23:36:59,981 [DEBUG] Attempting to acquire lock 1723859644880 on F:\Githubrepostotest\Dragon Diffusion Video Prep\venv\Lib\site-packages\static_ffmpeg\lock.file
2026-08-31 23:36:59,981 [DEBUG] Lock 1723859644880 acquired on F:\Githubrepostotest\Dragon Diffusion Video Prep\venv\Lib\site-packages\static_ffmpeg\lock.file
2026-08-31 23:36:59,981 [DEBUG] Attempting to release lock 1723859644880 on F:\Githubrepostotest\Dragon Diffusion Video Prep\venv\Lib\site-packages\static_ffmpeg\lock.file
2026-08-31 23:36:59,981 [DEBUG] Lock 1723859644880 released on F:\Githubrepostotest\Dragon Diffusion Video Prep\venv\Lib\site-packages\static_ffmpeg\lock.file
2026-08-31 23:36:59,981 [INFO] FFmpeg ready.
2026-08-31 23:36:59,981 [INFO] Input  folder: F:\Githubrepostotest\Dragon Diffusion Video Prep\input
2026-08-31 23:36:59,981 [INFO] Output folder: F:\Githubrepostotest\Dragon Diffusion Video Prep\output
2026-08-31 23:36:59,984 [DEBUG] Using proactor: IocpProactor
2026-08-31 23:36:59,986 [DEBUG] Using proactor: IocpProactor
2026-08-31 23:36:59,986 [DEBUG] Using proactor: IocpProactor
2026-08-31 23:36:59,986 [DEBUG] Using proactor: IocpProactor
2026-08-31 23:37:00,193 [DEBUG] connect_tcp.started host='api.gradio.app' port=443 local_address=None timeout=3 socket_options=None
2026-08-31 23:37:00,206 [DEBUG] connect_tcp.started host='huggingface.co' port=443 local_address=None timeout=3 socket_options=None
2026-08-31 23:37:00,233 [DEBUG] Using proactor: IocpProactor
2026-08-31 23:37:00,233 [DEBUG] Using proactor: IocpProactor
2026-08-31 23:37:00,253 [DEBUG] connect_tcp.complete return_value=<httpcore._backends.sync.SyncStream object at 0x000001915E43F410>
2026-08-31 23:37:00,253 [DEBUG] start_tls.started ssl_context=<ssl.SSLContext object at 0x000001915E2163D0> server_hostname='huggingface.co' timeout=3
2026-08-31 23:37:00,260 [DEBUG] Using proactor: IocpProactor
2026-08-31 23:37:00,260 [DEBUG] Using proactor: IocpProactor
2026-08-31 23:37:00,282 [DEBUG] start_tls.complete return_value=<httpcore._backends.sync.SyncStream object at 0x000001915E852F90>
2026-08-31 23:37:00,282 [DEBUG] send_request_headers.started request=<Request [b'GET']>
2026-08-31 23:37:00,282 [DEBUG] send_request_headers.complete
2026-08-31 23:37:00,282 [DEBUG] send_request_body.started request=<Request [b'GET']>
2026-08-31 23:37:00,282 [DEBUG] send_request_body.complete
2026-08-31 23:37:00,282 [DEBUG] receive_response_headers.started request=<Request [b'GET']>
2026-08-31 23:37:00,375 [DEBUG] Using proactor: IocpProactor
2026-08-31 23:37:00,384 [DEBUG] receive_response_headers.complete return_value=(b'HTTP/1.1', 200, b'OK', [(b'Content-Type', b'application/json; charset=utf-8'), (b'Transfer-Encoding', b'chunked'), (b'Connection', b'keep-alive'), (b'Date', b'Mon, 31 Aug 2026 22:36:58 GMT'), (b'content-encoding', b'gzip'), (b'ETag', b'W/"1523-mQdmV5Bv85jNaKvO4A7GDNtqjeQ"'), (b'X-Powered-By', b'huggingface-moon'), (b'X-Request-Id', b'Root=1-6a96020a-507b98be377327cc72ff123a;8608ddbb-3b8a-4e85-b819-63c1d2c886bf'), (b'RateLimit', b'"api";r=499;t=192'), (b'RateLimit-Policy', b'"fixed window";"api";q=500;w=300'), (b'cross-origin-opener-policy', b'same-origin'), (b'Referrer-Policy', b'strict-origin-when-cross-origin'), (b'Access-Control-Max-Age', b'86400'), (b'Access-Control-Allow-Origin', b'https://huggingface.co'), (b'Vary', b'Origin'), (b'vary', b'Accept-Encoding'), (b'Access-Control-Expose-Headers', b'X-Repo-Commit,X-Request-Id,X-Error-Code,X-Error-Message,X-Total-Count,ETag,Link,Accept-Ranges,Content-Range,X-Linked-Size,X-Linked-ETag,X-Xet-Hash'), (b'X-Cache', b'Miss from cloudfront'), (b'Via', b'1.1 3a8d1031feb8fe225b49c2bbfc5a21c2.cloudfront.net (CloudFront)'), (b'X-Amz-Cf-Pop', b'LHR3-P3'), (b'X-Amz-Cf-Id', b'7V77nZufMjrD_ClCIVnnbAnM4rmbYBQDO6YPjiSkOPuYcW_AuhYMwQ=='), (b'Strict-Transport-Security', b'max-age=31536000')])
2026-08-31 23:37:00,386 [INFO] HTTP Request: GET https://huggingface.co/api/agent-harnesses "HTTP/1.1 200 OK"
2026-08-31 23:37:00,386 [DEBUG] receive_response_body.started request=<Request [b'GET']>
2026-08-31 23:37:00,391 [DEBUG] receive_response_body.complete
2026-08-31 23:37:00,391 [DEBUG] response_closed.started
2026-08-31 23:37:00,391 [DEBUG] response_closed.complete
2026-08-31 23:37:00,395 [DEBUG] send_request_headers.started request=<Request [b'HEAD']>
2026-08-31 23:37:00,395 [DEBUG] send_request_headers.complete
2026-08-31 23:37:00,395 [DEBUG] send_request_body.started request=<Request [b'HEAD']>
2026-08-31 23:37:00,395 [DEBUG] send_request_body.complete
2026-08-31 23:37:00,395 [DEBUG] receive_response_headers.started request=<Request [b'HEAD']>
2026-08-31 23:37:00,426 [DEBUG] connect_tcp.complete return_value=<httpcore._backends.sync.SyncStream object at 0x000001915E193FB0>
2026-08-31 23:37:00,426 [DEBUG] start_tls.started ssl_context=<ssl.SSLContext object at 0x000001915E216150> server_hostname='api.gradio.app' timeout=3
2026-08-31 23:37:00,495 [DEBUG] receive_response_headers.complete return_value=(b'HTTP/1.1', 200, b'OK', [(b'Content-Type', b'text/plain; charset=utf-8'), (b'Content-Length', b'2'), (b'Connection', b'keep-alive'), (b'Date', b'Mon, 31 Aug 2026 22:36:59 GMT'), (b'ETag', b'W/"2-nOO9QiTIwXgNtWtBJezz8kv3SLc"'), (b'X-Powered-By', b'huggingface-moon'), (b'X-Request-Id', b'Root=1-6a96020b-71aaa4ea7ac03af55f74138a;56381cb8-0d8b-4a2a-a61d-c22d65ea5447'), (b'RateLimit', b'"api";r=9998;t=191'), (b'RateLimit-Policy', b'"fixed window";"api";q=10000;w=300'), (b'cross-origin-opener-policy', b'same-origin'), (b'Referrer-Policy', b'strict-origin-when-cross-origin'), (b'Access-Control-Max-Age', b'86400'), (b'Access-Control-Allow-Origin', b'https://huggingface.co'), (b'Vary', b'Origin'), (b'Access-Control-Expose-Headers', b'X-Repo-Commit,X-Request-Id,X-Error-Code,X-Error-Message,X-Total-Count,ETag,Link,Accept-Ranges,Content-Range,X-Linked-Size,X-Linked-ETag,X-Xet-Hash'), (b'X-Cache', b'Miss from cloudfront'), (b'Via', b'1.1 3a8d1031feb8fe225b49c2bbfc5a21c2.cloudfront.net (CloudFront)'), (b'X-Amz-Cf-Pop', b'LHR3-P3'), (b'X-Amz-Cf-Id', b'vScaEwH_OwCp1MydeUWB6R8nDUH7FQuOzB5gOu28gbBmGV0re3aEeg=='), (b'Strict-Transport-Security', b'max-age=31536000')])
2026-08-31 23:37:00,495 [INFO] HTTP Request: HEAD https://huggingface.co/api/telemetry/https%3A/api.gradio.app/gradio-initiated-analytics "HTTP/1.1 200 OK"
2026-08-31 23:37:00,495 [DEBUG] receive_response_body.started request=<Request [b'HEAD']>
2026-08-31 23:37:00,495 [DEBUG] receive_response_body.complete
2026-08-31 23:37:00,495 [DEBUG] response_closed.started
2026-08-31 23:37:00,495 [DEBUG] response_closed.complete
2026-08-31 23:37:00,515 [DEBUG] connect_tcp.started host='127.0.0.1' port=7860 local_address=None timeout=None socket_options=None
2026-08-31 23:37:00,515 [DEBUG] connect_tcp.complete return_value=<httpcore._backends.sync.SyncStream object at 0x000001915EA1FF20>
2026-08-31 23:37:00,515 [DEBUG] send_request_headers.started request=<Request [b'GET']>
2026-08-31 23:37:00,515 [DEBUG] send_request_headers.complete
2026-08-31 23:37:00,531 [DEBUG] send_request_body.started request=<Request [b'GET']>
2026-08-31 23:37:00,531 [DEBUG] send_request_body.complete
2026-08-31 23:37:00,531 [DEBUG] receive_response_headers.started request=<Request [b'GET']>
2026-08-31 23:37:00,573 [DEBUG] receive_response_headers.complete return_value=(b'HTTP/1.1', 200, b'OK', [(b'date', b'Mon, 31 Aug 2026 22:37:00 GMT'), (b'server', b'uvicorn'), (b'content-length', b'4'), (b'content-type', b'application/json')])
2026-08-31 23:37:00,574 [INFO] HTTP Request: GET http://127.0.0.1:7860/gradio_api/startup-events "HTTP/1.1 200 OK"
2026-08-31 23:37:00,574 [DEBUG] receive_response_body.started request=<Request [b'GET']>
2026-08-31 23:37:00,574 [DEBUG] receive_response_body.complete
2026-08-31 23:37:00,574 [DEBUG] response_closed.started
2026-08-31 23:37:00,574 [DEBUG] response_closed.complete
2026-08-31 23:37:00,574 [DEBUG] close.started
2026-08-31 23:37:00,574 [DEBUG] close.complete
2026-08-31 23:37:00,575 [DEBUG] connect_tcp.started host='127.0.0.1' port=7860 local_address=None timeout=3 socket_options=None
2026-08-31 23:37:00,586 [DEBUG] connect_tcp.complete return_value=<httpcore._backends.sync.SyncStream object at 0x000001915EA94E90>
2026-08-31 23:37:00,586 [DEBUG] send_request_headers.started request=<Request [b'HEAD']>
2026-08-31 23:37:00,586 [DEBUG] send_request_headers.complete
2026-08-31 23:37:00,587 [DEBUG] send_request_body.started request=<Request [b'HEAD']>
2026-08-31 23:37:00,587 [DEBUG] send_request_body.complete
2026-08-31 23:37:00,587 [DEBUG] receive_response_headers.started request=<Request [b'HEAD']>
2026-08-31 23:37:00,657 [DEBUG] receive_response_headers.complete return_value=(b'HTTP/1.1', 200, b'OK', [(b'date', b'Mon, 31 Aug 2026 22:37:00 GMT'), (b'server', b'uvicorn'), (b'content-length', b'55711'), (b'content-type', b'text/html; charset=utf-8')])
2026-08-31 23:37:00,658 [INFO] HTTP Request: HEAD http://127.0.0.1:7860/ "HTTP/1.1 200 OK"
2026-08-31 23:37:00,658 [DEBUG] receive_response_body.started request=<Request [b'HEAD']>
2026-08-31 23:37:00,658 [DEBUG] receive_response_body.complete
2026-08-31 23:37:00,658 [DEBUG] response_closed.started
2026-08-31 23:37:00,658 [DEBUG] response_closed.complete
2026-08-31 23:37:00,658 [DEBUG] close.started
2026-08-31 23:37:00,659 [DEBUG] close.complete
2026-08-31 23:37:00,708 [DEBUG] send_request_headers.started request=<Request [b'HEAD']>
2026-08-31 23:37:00,708 [DEBUG] send_request_headers.complete
2026-08-31 23:37:00,708 [DEBUG] send_request_body.started request=<Request [b'HEAD']>
2026-08-31 23:37:00,708 [DEBUG] send_request_body.complete
2026-08-31 23:37:00,708 [DEBUG] receive_response_headers.started request=<Request [b'HEAD']>
2026-08-31 23:37:00,753 [DEBUG] start_tls.complete return_value=<httpcore._backends.sync.SyncStream object at 0x000001915E3C2270>
2026-08-31 23:37:00,753 [DEBUG] send_request_headers.started request=<Request [b'GET']>
2026-08-31 23:37:00,754 [DEBUG] send_request_headers.complete
2026-08-31 23:37:00,754 [DEBUG] send_request_body.started request=<Request [b'GET']>
2026-08-31 23:37:00,754 [DEBUG] send_request_body.complete
2026-08-31 23:37:00,754 [DEBUG] receive_response_headers.started request=<Request [b'GET']>
2026-08-31 23:37:00,807 [DEBUG] receive_response_headers.complete return_value=(b'HTTP/1.1', 200, b'OK', [(b'Content-Type', b'text/plain; charset=utf-8'), (b'Content-Length', b'2'), (b'Connection', b'keep-alive'), (b'Date', b'Mon, 31 Aug 2026 22:36:59 GMT'), (b'ETag', b'W/"2-nOO9QiTIwXgNtWtBJezz8kv3SLc"'), (b'X-Powered-By', b'huggingface-moon'), (b'X-Request-Id', b'Root=1-6a96020b-21d5e71212e65538140c4ee1;2027515e-bf51-4d27-8185-ea94fb1c4fbc'), (b'RateLimit', b'"api";r=9997;t=191'), (b'RateLimit-Policy', b'"fixed window";"api";q=10000;w=300'), (b'cross-origin-opener-policy', b'same-origin'), (b'Referrer-Policy', b'strict-origin-when-cross-origin'), (b'Access-Control-Max-Age', b'86400'), (b'Access-Control-Allow-Origin', b'https://huggingface.co'), (b'Vary', b'Origin'), (b'Access-Control-Expose-Headers', b'X-Repo-Commit,X-Request-Id,X-Error-Code,X-Error-Message,X-Total-Count,ETag,Link,Accept-Ranges,Content-Range,X-Linked-Size,X-Linked-ETag,X-Xet-Hash'), (b'X-Cache', b'Miss from cloudfront'), (b'Via', b'1.1 3a8d1031feb8fe225b49c2bbfc5a21c2.cloudfront.net (CloudFront)'), (b'X-Amz-Cf-Pop', b'LHR3-P3'), (b'X-Amz-Cf-Id', b'nqX86sEYeD5RQGs_2BHO4mW_jQT471ahAJZApwuJ0H3UALSUhwtlHA=='), (b'Strict-Transport-Security', b'max-age=31536000')])
2026-08-31 23:37:00,808 [INFO] HTTP Request: HEAD https://huggingface.co/api/telemetry/https%3A/api.gradio.app/gradio-launched-telemetry "HTTP/1.1 200 OK"
2026-08-31 23:37:00,808 [DEBUG] receive_response_body.started request=<Request [b'HEAD']>
2026-08-31 23:37:00,808 [DEBUG] receive_response_body.complete
2026-08-31 23:37:00,808 [DEBUG] response_closed.started
2026-08-31 23:37:00,808 [DEBUG] response_closed.complete
2026-08-31 23:37:00,917 [DEBUG] receive_response_headers.complete return_value=(b'HTTP/1.1', 200, b'OK', [(b'Date', b'Mon, 31 Aug 2026 22:36:59 GMT'), (b'Content-Type', b'application/json'), (b'Content-Length', b'21'), (b'Connection', b'keep-alive'), (b'Server', b'nginx/1.18.0'), (b'Access-Control-Allow-Origin', b'*')])
2026-08-31 23:37:00,917 [INFO] HTTP Request: GET https://api.gradio.app/pkg-version "HTTP/1.1 200 OK"
2026-08-31 23:37:00,917 [DEBUG] receive_response_body.started request=<Request [b'GET']>
2026-08-31 23:37:00,917 [DEBUG] receive_response_body.complete
2026-08-31 23:37:00,917 [DEBUG] response_closed.started
2026-08-31 23:37:00,917 [DEBUG] response_closed.complete
2026-08-31 23:37:00,917 [DEBUG] close.started
2026-08-31 23:37:00,917 [DEBUG] close.complete
2026-08-31 23:37:18,249 [INFO] Tab1 upload received: C:\Users\Andrew Baines\AppData\Local\Temp\gradio\37642f2cf44009a398fc7a2ac7773da735e3814cddac6cd0e8bfabb2ece36870\Beautiful Bimbo Slut Cums Hard for You feat. Danielle Renae – Dirty Talk, Squirting, Lingerie, Fingering, Orgasm HD Porn xHamster.mp4
2026-08-31 23:37:18,249 [INFO] Probing: C:\Users\Andrew Baines\AppData\Local\Temp\gradio\37642f2cf44009a398fc7a2ac7773da735e3814cddac6cd0e8bfabb2ece36870\Beautiful Bimbo Slut Cums Hard for You feat. Danielle Renae – Dirty Talk, Squirting, Lingerie, Fingering, Orgasm HD Porn xHamster.mp4
2026-08-31 23:37:18,251 [DEBUG] cmd: F:\Githubrepostotest\Dragon Diffusion Video Prep\venv\Lib\site-packages\static_ffmpeg\bin\win32\ffprobe.EXE -v error -select_streams v:0 -show_entries stream=width,height,r_frame_rate,duration -of csv=p=0 C:\Users\Andrew Baines\AppData\Local\Temp\gradio\37642f2cf44009a398fc7a2ac7773da735e3814cddac6cd0e8bfabb2ece36870\Beautiful Bimbo Slut Cums Hard for You feat. Danielle Renae – Dirty Talk, Squirting, Lingerie, Fingering, Orgasm HD Porn xHamster.mp4
2026-08-31 23:37:19,449 [DEBUG] stdout: '1280,720,30/1,560.828000\n'  stderr: ''
2026-08-31 23:37:19,449 [INFO]   -> 1280x720 @ 30.000fps  560.83s
2026-08-31 23:37:46,485 [INFO] Tab1 upload received: C:\Users\Andrew Baines\AppData\Local\Temp\gradio\4481242555458a644b56eb3ffd18a788a75f81ae10981cdd56b65fc35acf296e\Big tits Sarah Vandella giving JOI while showing deep throat skills by Les Worship – Giant, Beauty, Pornstar, Solo, MILF 4K Porn xHamster.mp4
2026-08-31 23:37:46,485 [INFO] Probing: C:\Users\Andrew Baines\AppData\Local\Temp\gradio\4481242555458a644b56eb3ffd18a788a75f81ae10981cdd56b65fc35acf296e\Big tits Sarah Vandella giving JOI while showing deep throat skills by Les Worship – Giant, Beauty, Pornstar, Solo, MILF 4K Porn xHamster.mp4
2026-08-31 23:37:46,485 [DEBUG] cmd: F:\Githubrepostotest\Dragon Diffusion Video Prep\venv\Lib\site-packages\static_ffmpeg\bin\win32\ffprobe.EXE -v error -select_streams v:0 -show_entries stream=width,height,r_frame_rate,duration -of csv=p=0 C:\Users\Andrew Baines\AppData\Local\Temp\gradio\4481242555458a644b56eb3ffd18a788a75f81ae10981cdd56b65fc35acf296e\Big tits Sarah Vandella giving JOI while showing deep throat skills by Les Worship – Giant, Beauty, Pornstar, Solo, MILF 4K Porn xHamster.mp4
2026-08-31 23:37:46,602 [DEBUG] stdout: '1280,720,30/1,508.139000\n'  stderr: ''
2026-08-31 23:37:46,603 [INFO]   -> 1280x720 @ 30.000fps  508.14s
2026-08-31 23:39:13,923 [INFO] Tab1 extract from: C:\Users\Andrew Baines\AppData\Local\Temp\gradio\4481242555458a644b56eb3ffd18a788a75f81ae10981cdd56b65fc35acf296e\Big tits Sarah Vandella giving JOI while showing deep throat skills by Les Worship – Giant, Beauty, Pornstar, Solo, MILF 4K Porn xHamster.mp4  start=239  length=5
2026-08-31 23:39:13,923 [INFO] Probing: C:\Users\Andrew Baines\AppData\Local\Temp\gradio\4481242555458a644b56eb3ffd18a788a75f81ae10981cdd56b65fc35acf296e\Big tits Sarah Vandella giving JOI while showing deep throat skills by Les Worship – Giant, Beauty, Pornstar, Solo, MILF 4K Porn xHamster.mp4
2026-08-31 23:39:13,923 [DEBUG] cmd: F:\Githubrepostotest\Dragon Diffusion Video Prep\venv\Lib\site-packages\static_ffmpeg\bin\win32\ffprobe.EXE -v error -select_streams v:0 -show_entries stream=width,height,r_frame_rate,duration -of csv=p=0 C:\Users\Andrew Baines\AppData\Local\Temp\gradio\4481242555458a644b56eb3ffd18a788a75f81ae10981cdd56b65fc35acf296e\Big tits Sarah Vandella giving JOI while showing deep throat skills by Les Worship – Giant, Beauty, Pornstar, Solo, MILF 4K Porn xHamster.mp4
2026-08-31 23:39:13,997 [DEBUG] stdout: '1280,720,30/1,508.139000\n'  stderr: ''
2026-08-31 23:39:13,997 [INFO]   -> 1280x720 @ 30.000fps  508.14s
2026-08-31 23:39:13,997 [INFO] ffmpeg: F:\Githubrepostotest\Dragon Diffusion Video Prep\venv\Lib\site-packages\static_ffmpeg\bin\win32\ffmpeg.EXE -y -ss 239.0 -to 244.0 -i C:\Users\Andrew Baines\AppData\Local\Temp\gradio\4481242555458a644b56eb3ffd18a788a75f81ae10981cdd56b65fc35acf296e\Big tits Sarah Vandella giving JOI while showing deep throat skills by Les Worship – Giant, Beauty, Pornstar, Solo, MILF 4K Porn xHamster.mp4 -vf scale=768:432,fps=25.0 -c:v libx264 -crf 18 -preset slow -c:a aac -b:a 192k F:\Githubrepostotest\Dragon Diffusion Video Prep\output\clip_Big tits Sarah Vandella giving JOI while showing deep throat skills by Les Worship – Giant, Beauty, Pornstar, Solo, MILF 4K Porn xHamster_239s.mp4
2026-08-31 23:39:15,639 [INFO] ffmpeg OK.
2026-08-31 23:39:15,641 [INFO] Done.
Input:  1280x720 @ 30.00fps
Output: 768x432 @ 25.00fps
Clip:   239.0s → 244.0s  (5.0s)
Saved:  F:\Githubrepostotest\Dragon Diffusion Video Prep\output\clip_Big tits Sarah Vandella giving JOI while showing deep throat skills by Les Worship – Giant, Beauty, Pornstar, Solo, MILF 4K Porn xHamster_239s.mp4
2026-08-31 23:39:42,671 [INFO] Tab1 upload received: C:\Users\Andrew Baines\AppData\Local\Temp\gradio\4629e859fbf79a98e80d5946e839bc21c373d1f0c2b6229ffdbeb747755ee4bb\Black Body Suit Solo Dildo Fuck feat. Danielle Renae – Bodystocking, Fingering, Blonde, Female Masturbation, Big Tits HD Porn xHamster.mp4
2026-08-31 23:39:42,673 [INFO] Probing: C:\Users\Andrew Baines\AppData\Local\Temp\gradio\4629e859fbf79a98e80d5946e839bc21c373d1f0c2b6229ffdbeb747755ee4bb\Black Body Suit Solo Dildo Fuck feat. Danielle Renae – Bodystocking, Fingering, Blonde, Female Masturbation, Big Tits HD Porn xHamster.mp4
2026-08-31 23:39:42,675 [DEBUG] cmd: F:\Githubrepostotest\Dragon Diffusion Video Prep\venv\Lib\site-packages\static_ffmpeg\bin\win32\ffprobe.EXE -v error -select_streams v:0 -show_entries stream=width,height,r_frame_rate,duration -of csv=p=0 C:\Users\Andrew Baines\AppData\Local\Temp\gradio\4629e859fbf79a98e80d5946e839bc21c373d1f0c2b6229ffdbeb747755ee4bb\Black Body Suit Solo Dildo Fuck feat. Danielle Renae – Bodystocking, Fingering, Blonde, Female Masturbation, Big Tits HD Porn xHamster.mp4
2026-08-31 23:39:42,753 [DEBUG] stdout: '1280,720,30/1,624.242000\n'  stderr: ''
2026-08-31 23:39:42,754 [INFO]   -> 1280x720 @ 30.000fps  624.24s
2026-08-31 23:40:52,935 [INFO] Tab1 extract from: C:\Users\Andrew Baines\AppData\Local\Temp\gradio\4629e859fbf79a98e80d5946e839bc21c373d1f0c2b6229ffdbeb747755ee4bb\Black Body Suit Solo Dildo Fuck feat. Danielle Renae – Bodystocking, Fingering, Blonde, Female Masturbation, Big Tits HD Porn xHamster.mp4  start=379  length=5
2026-08-31 23:40:52,935 [INFO] Probing: C:\Users\Andrew Baines\AppData\Local\Temp\gradio\4629e859fbf79a98e80d5946e839bc21c373d1f0c2b6229ffdbeb747755ee4bb\Black Body Suit Solo Dildo Fuck feat. Danielle Renae – Bodystocking, Fingering, Blonde, Female Masturbation, Big Tits HD Porn xHamster.mp4
2026-08-31 23:40:52,935 [DEBUG] cmd: F:\Githubrepostotest\Dragon Diffusion Video Prep\venv\Lib\site-packages\static_ffmpeg\bin\win32\ffprobe.EXE -v error -select_streams v:0 -show_entries stream=width,height,r_frame_rate,duration -of csv=p=0 C:\Users\Andrew Baines\AppData\Local\Temp\gradio\4629e859fbf79a98e80d5946e839bc21c373d1f0c2b6229ffdbeb747755ee4bb\Black Body Suit Solo Dildo Fuck feat. Danielle Renae – Bodystocking, Fingering, Blonde, Female Masturbation, Big Tits HD Porn xHamster.mp4
2026-08-31 23:40:52,982 [DEBUG] stdout: '1280,720,30/1,624.242000\n'  stderr: ''
2026-08-31 23:40:52,983 [INFO]   -> 1280x720 @ 30.000fps  624.24s
2026-08-31 23:40:52,983 [INFO] ffmpeg: F:\Githubrepostotest\Dragon Diffusion Video Prep\venv\Lib\site-packages\static_ffmpeg\bin\win32\ffmpeg.EXE -y -ss 379.0 -to 384.0 -i C:\Users\Andrew Baines\AppData\Local\Temp\gradio\4629e859fbf79a98e80d5946e839bc21c373d1f0c2b6229ffdbeb747755ee4bb\Black Body Suit Solo Dildo Fuck feat. Danielle Renae – Bodystocking, Fingering, Blonde, Female Masturbation, Big Tits HD Porn xHamster.mp4 -vf scale=768:432,fps=25.0 -c:v libx264 -crf 18 -preset slow -c:a aac -b:a 192k F:\Githubrepostotest\Dragon Diffusion Video Prep\output\clip_Black Body Suit Solo Dildo Fuck feat. Danielle Renae – Bodystocking, Fingering, Blonde, Female Masturbation, Big Tits HD Porn xHamster_379s.mp4
2026-08-31 23:40:53,771 [INFO] ffmpeg OK.
2026-08-31 23:40:53,771 [INFO] Done.
Input:  1280x720 @ 30.00fps
Output: 768x432 @ 25.00fps
Clip:   379.0s → 384.0s  (5.0s)
Saved:  F:\Githubrepostotest\Dragon Diffusion Video Prep\output\clip_Black Body Suit Solo Dildo Fuck feat. Danielle Renae – Bodystocking, Fingering, Blonde, Female Masturbation, Big Tits HD Porn xHamster_379s.mp4
2026-08-31 23:41:19,768 [INFO] Tab1 extract from: C:\Users\Andrew Baines\AppData\Local\Temp\gradio\4629e859fbf79a98e80d5946e839bc21c373d1f0c2b6229ffdbeb747755ee4bb\Black Body Suit Solo Dildo Fuck feat. Danielle Renae – Bodystocking, Fingering, Blonde, Female Masturbation, Big Tits HD Porn xHamster.mp4  start=389  length=5
2026-08-31 23:41:19,768 [INFO] Probing: C:\Users\Andrew Baines\AppData\Local\Temp\gradio\4629e859fbf79a98e80d5946e839bc21c373d1f0c2b6229ffdbeb747755ee4bb\Black Body Suit Solo Dildo Fuck feat. Danielle Renae – Bodystocking, Fingering, Blonde, Female Masturbation, Big Tits HD Porn xHamster.mp4
2026-08-31 23:41:19,769 [DEBUG] cmd: F:\Githubrepostotest\Dragon Diffusion Video Prep\venv\Lib\site-packages\static_ffmpeg\bin\win32\ffprobe.EXE -v error -select_streams v:0 -show_entries stream=width,height,r_frame_rate,duration -of csv=p=0 C:\Users\Andrew Baines\AppData\Local\Temp\gradio\4629e859fbf79a98e80d5946e839bc21c373d1f0c2b6229ffdbeb747755ee4bb\Black Body Suit Solo Dildo Fuck feat. Danielle Renae – Bodystocking, Fingering, Blonde, Female Masturbation, Big Tits HD Porn xHamster.mp4
2026-08-31 23:41:19,818 [DEBUG] stdout: '1280,720,30/1,624.242000\n'  stderr: ''
2026-08-31 23:41:19,818 [INFO]   -> 1280x720 @ 30.000fps  624.24s
2026-08-31 23:41:19,818 [INFO] ffmpeg: F:\Githubrepostotest\Dragon Diffusion Video Prep\venv\Lib\site-packages\static_ffmpeg\bin\win32\ffmpeg.EXE -y -ss 389.0 -to 394.0 -i C:\Users\Andrew Baines\AppData\Local\Temp\gradio\4629e859fbf79a98e80d5946e839bc21c373d1f0c2b6229ffdbeb747755ee4bb\Black Body Suit Solo Dildo Fuck feat. Danielle Renae – Bodystocking, Fingering, Blonde, Female Masturbation, Big Tits HD Porn xHamster.mp4 -vf scale=768:432,fps=25.0 -c:v libx264 -crf 18 -preset slow -c:a aac -b:a 192k F:\Githubrepostotest\Dragon Diffusion Video Prep\output\clip_Black Body Suit Solo Dildo Fuck feat. Danielle Renae – Bodystocking, Fingering, Blonde, Female Masturbation, Big Tits HD Porn xHamster_389s.mp4
2026-08-31 23:41:20,454 [INFO] ffmpeg OK.
2026-08-31 23:41:20,454 [INFO] Done.
Input:  1280x720 @ 30.00fps
Output: 768x432 @ 25.00fps
Clip:   389.0s → 394.0s  (5.0s)
Saved:  F:\Githubrepostotest\Dragon Diffusion Video Prep\output\clip_Black Body Suit Solo Dildo Fuck feat. Danielle Renae – Bodystocking, Fingering, Blonde, Female Masturbation, Big Tits HD Porn xHamster_389s.mp4
2026-08-31 23:41:46,546 [INFO] Tab1 extract from: C:\Users\Andrew Baines\AppData\Local\Temp\gradio\4629e859fbf79a98e80d5946e839bc21c373d1f0c2b6229ffdbeb747755ee4bb\Black Body Suit Solo Dildo Fuck feat. Danielle Renae – Bodystocking, Fingering, Blonde, Female Masturbation, Big Tits HD Porn xHamster.mp4  start=380  length=5
2026-08-31 23:41:46,546 [INFO] Probing: C:\Users\Andrew Baines\AppData\Local\Temp\gradio\4629e859fbf79a98e80d5946e839bc21c373d1f0c2b6229ffdbeb747755ee4bb\Black Body Suit Solo Dildo Fuck feat. Danielle Renae – Bodystocking, Fingering, Blonde, Female Masturbation, Big Tits HD Porn xHamster.mp4
2026-08-31 23:41:46,546 [DEBUG] cmd: F:\Githubrepostotest\Dragon Diffusion Video Prep\venv\Lib\site-packages\static_ffmpeg\bin\win32\ffprobe.EXE -v error -select_streams v:0 -show_entries stream=width,height,r_frame_rate,duration -of csv=p=0 C:\Users\Andrew Baines\AppData\Local\Temp\gradio\4629e859fbf79a98e80d5946e839bc21c373d1f0c2b6229ffdbeb747755ee4bb\Black Body Suit Solo Dildo Fuck feat. Danielle Renae – Bodystocking, Fingering, Blonde, Female Masturbation, Big Tits HD Porn xHamster.mp4
2026-08-31 23:41:46,593 [DEBUG] stdout: '1280,720,30/1,624.242000\n'  stderr: ''
2026-08-31 23:41:46,593 [INFO]   -> 1280x720 @ 30.000fps  624.24s
2026-08-31 23:41:46,593 [INFO] ffmpeg: F:\Githubrepostotest\Dragon Diffusion Video Prep\venv\Lib\site-packages\static_ffmpeg\bin\win32\ffmpeg.EXE -y -ss 380.0 -to 385.0 -i C:\Users\Andrew Baines\AppData\Local\Temp\gradio\4629e859fbf79a98e80d5946e839bc21c373d1f0c2b6229ffdbeb747755ee4bb\Black Body Suit Solo Dildo Fuck feat. Danielle Renae – Bodystocking, Fingering, Blonde, Female Masturbation, Big Tits HD Porn xHamster.mp4 -vf scale=768:432,fps=25.0 -c:v libx264 -crf 18 -preset slow -c:a aac -b:a 192k F:\Githubrepostotest\Dragon Diffusion Video Prep\output\clip_Black Body Suit Solo Dildo Fuck feat. Danielle Renae – Bodystocking, Fingering, Blonde, Female Masturbation, Big Tits HD Porn xHamster_380s.mp4
2026-08-31 23:41:47,215 [INFO] ffmpeg OK.
2026-08-31 23:41:47,215 [INFO] Done.
Input:  1280x720 @ 30.00fps
Output: 768x432 @ 25.00fps
Clip:   380.0s → 385.0s  (5.0s)
Saved:  F:\Githubrepostotest\Dragon Diffusion Video Prep\output\clip_Black Body Suit Solo Dildo Fuck feat. Danielle Renae – Bodystocking, Fingering, Blonde, Female Masturbation, Big Tits HD Porn xHamster_380s.mp4
2026-08-31 23:42:18,879 [INFO] Tab1 extract from: C:\Users\Andrew Baines\AppData\Local\Temp\gradio\4629e859fbf79a98e80d5946e839bc21c373d1f0c2b6229ffdbeb747755ee4bb\Black Body Suit Solo Dildo Fuck feat. Danielle Renae – Bodystocking, Fingering, Blonde, Female Masturbation, Big Tits HD Porn xHamster.mp4  start=385  length=5
2026-08-31 23:42:18,880 [INFO] Probing: C:\Users\Andrew Baines\AppData\Local\Temp\gradio\4629e859fbf79a98e80d5946e839bc21c373d1f0c2b6229ffdbeb747755ee4bb\Black Body Suit Solo Dildo Fuck feat. Danielle Renae – Bodystocking, Fingering, Blonde, Female Masturbation, Big Tits HD Porn xHamster.mp4
2026-08-31 23:42:18,880 [DEBUG] cmd: F:\Githubrepostotest\Dragon Diffusion Video Prep\venv\Lib\site-packages\static_ffmpeg\bin\win32\ffprobe.EXE -v error -select_streams v:0 -show_entries stream=width,height,r_frame_rate,duration -of csv=p=0 C:\Users\Andrew Baines\AppData\Local\Temp\gradio\4629e859fbf79a98e80d5946e839bc21c373d1f0c2b6229ffdbeb747755ee4bb\Black Body Suit Solo Dildo Fuck feat. Danielle Renae – Bodystocking, Fingering, Blonde, Female Masturbation, Big Tits HD Porn xHamster.mp4
2026-08-31 23:42:18,929 [DEBUG] stdout: '1280,720,30/1,624.242000\n'  stderr: ''
2026-08-31 23:42:18,929 [INFO]   -> 1280x720 @ 30.000fps  624.24s
2026-08-31 23:42:18,930 [INFO] ffmpeg: F:\Githubrepostotest\Dragon Diffusion Video Prep\venv\Lib\site-packages\static_ffmpeg\bin\win32\ffmpeg.EXE -y -ss 385.0 -to 390.0 -i C:\Users\Andrew Baines\AppData\Local\Temp\gradio\4629e859fbf79a98e80d5946e839bc21c373d1f0c2b6229ffdbeb747755ee4bb\Black Body Suit Solo Dildo Fuck feat. Danielle Renae – Bodystocking, Fingering, Blonde, Female Masturbation, Big Tits HD Porn xHamster.mp4 -vf scale=768:432,fps=25.0 -c:v libx264 -crf 18 -preset slow -c:a aac -b:a 192k F:\Githubrepostotest\Dragon Diffusion Video Prep\output\clip_Black Body Suit Solo Dildo Fuck feat. Danielle Renae – Bodystocking, Fingering, Blonde, Female Masturbation, Big Tits HD Porn xHamster_385s.mp4
2026-08-31 23:42:19,549 [INFO] ffmpeg OK.
2026-08-31 23:42:19,550 [INFO] Done.
Input:  1280x720 @ 30.00fps
Output: 768x432 @ 25.00fps
Clip:   385.0s → 390.0s  (5.0s)
Saved:  F:\Githubrepostotest\Dragon Diffusion Video Prep\output\clip_Black Body Suit Solo Dildo Fuck feat. Danielle Renae – Bodystocking, Fingering, Blonde, Female Masturbation, Big Tits HD Porn xHamster_385s.mp4
2026-08-31 23:42:45,873 [INFO] Tab1 upload received: C:\Users\Andrew Baines\AppData\Local\Temp\gradio\d7e1fbdc9a3802ae48f532239d592fcb724004ba39a32c69387bdd86080d5ca9\Busty MILF Katerina Berg Aggressively Toying Her Mature Pussy by Karups Older Women – Fake Tits, Fishnet, Czech, Stockings, Sex Toy HD Porn xHamster.mp4
2026-08-31 23:42:45,873 [INFO] Probing: C:\Users\Andrew Baines\AppData\Local\Temp\gradio\d7e1fbdc9a3802ae48f532239d592fcb724004ba39a32c69387bdd86080d5ca9\Busty MILF Katerina Berg Aggressively Toying Her Mature Pussy by Karups Older Women – Fake Tits, Fishnet, Czech, Stockings, Sex Toy HD Porn xHamster.mp4
2026-08-31 23:42:45,874 [DEBUG] cmd: F:\Githubrepostotest\Dragon Diffusion Video Prep\venv\Lib\site-packages\static_ffmpeg\bin\win32\ffprobe.EXE -v error -select_streams v:0 -show_entries stream=width,height,r_frame_rate,duration -of csv=p=0 C:\Users\Andrew Baines\AppData\Local\Temp\gradio\d7e1fbdc9a3802ae48f532239d592fcb724004ba39a32c69387bdd86080d5ca9\Busty MILF Katerina Berg Aggressively Toying Her Mature Pussy by Karups Older Women – Fake Tits, Fishnet, Czech, Stockings, Sex Toy HD Porn xHamster.mp4
2026-08-31 23:42:45,957 [DEBUG] stdout: '1280,720,30/1,438.437000\n'  stderr: ''
2026-08-31 23:42:45,958 [INFO]   -> 1280x720 @ 30.000fps  438.44s
2026-08-31 23:43:41,248 [INFO] Tab1 extract from: C:\Users\Andrew Baines\AppData\Local\Temp\gradio\d7e1fbdc9a3802ae48f532239d592fcb724004ba39a32c69387bdd86080d5ca9\Busty MILF Katerina Berg Aggressively Toying Her Mature Pussy by Karups Older Women – Fake Tits, Fishnet, Czech, Stockings, Sex Toy HD Porn xHamster.mp4  start=211.2  length=5
2026-08-31 23:43:41,248 [INFO] Probing: C:\Users\Andrew Baines\AppData\Local\Temp\gradio\d7e1fbdc9a3802ae48f532239d592fcb724004ba39a32c69387bdd86080d5ca9\Busty MILF Katerina Berg Aggressively Toying Her Mature Pussy by Karups Older Women – Fake Tits, Fishnet, Czech, Stockings, Sex Toy HD Porn xHamster.mp4
2026-08-31 23:43:41,248 [DEBUG] cmd: F:\Githubrepostotest\Dragon Diffusion Video Prep\venv\Lib\site-packages\static_ffmpeg\bin\win32\ffprobe.EXE -v error -select_streams v:0 -show_entries stream=width,height,r_frame_rate,duration -of csv=p=0 C:\Users\Andrew Baines\AppData\Local\Temp\gradio\d7e1fbdc9a3802ae48f532239d592fcb724004ba39a32c69387bdd86080d5ca9\Busty MILF Katerina Berg Aggressively Toying Her Mature Pussy by Karups Older Women – Fake Tits, Fishnet, Czech, Stockings, Sex Toy HD Porn xHamster.mp4
2026-08-31 23:43:41,289 [DEBUG] stdout: '1280,720,30/1,438.437000\n'  stderr: ''
2026-08-31 23:43:41,290 [INFO]   -> 1280x720 @ 30.000fps  438.44s
2026-08-31 23:43:41,290 [INFO] ffmpeg: F:\Githubrepostotest\Dragon Diffusion Video Prep\venv\Lib\site-packages\static_ffmpeg\bin\win32\ffmpeg.EXE -y -ss 211.2 -to 216.2 -i C:\Users\Andrew Baines\AppData\Local\Temp\gradio\d7e1fbdc9a3802ae48f532239d592fcb724004ba39a32c69387bdd86080d5ca9\Busty MILF Katerina Berg Aggressively Toying Her Mature Pussy by Karups Older Women – Fake Tits, Fishnet, Czech, Stockings, Sex Toy HD Porn xHamster.mp4 -vf scale=768:432,fps=25.0 -c:v libx264 -crf 18 -preset slow -c:a aac -b:a 192k F:\Githubrepostotest\Dragon Diffusion Video Prep\output\clip_Busty MILF Katerina Berg Aggressively Toying Her Mature Pussy by Karups Older Women – Fake Tits, Fishnet, Czech, Stockings, Sex Toy HD Porn xHamster_211s.mp4
2026-08-31 23:43:42,227 [INFO] ffmpeg OK.
2026-08-31 23:43:42,227 [INFO] Done.
Input:  1280x720 @ 30.00fps
Output: 768x432 @ 25.00fps
Clip:   211.2s → 216.2s  (5.0s)
Saved:  F:\Githubrepostotest\Dragon Diffusion Video Prep\output\clip_Busty MILF Katerina Berg Aggressively Toying Her Mature Pussy by Karups Older Women – Fake Tits, Fishnet, Czech, Stockings, Sex Toy HD Porn xHamster_211s.mp4
2026-08-31 23:44:07,947 [INFO] Tab1 extract from: C:\Users\Andrew Baines\AppData\Local\Temp\gradio\d7e1fbdc9a3802ae48f532239d592fcb724004ba39a32c69387bdd86080d5ca9\Busty MILF Katerina Berg Aggressively Toying Her Mature Pussy by Karups Older Women – Fake Tits, Fishnet, Czech, Stockings, Sex Toy HD Porn xHamster.mp4  start=214  length=5
2026-08-31 23:44:07,947 [INFO] Probing: C:\Users\Andrew Baines\AppData\Local\Temp\gradio\d7e1fbdc9a3802ae48f532239d592fcb724004ba39a32c69387bdd86080d5ca9\Busty MILF Katerina Berg Aggressively Toying Her Mature Pussy by Karups Older Women – Fake Tits, Fishnet, Czech, Stockings, Sex Toy HD Porn xHamster.mp4
2026-08-31 23:44:07,948 [DEBUG] cmd: F:\Githubrepostotest\Dragon Diffusion Video Prep\venv\Lib\site-packages\static_ffmpeg\bin\win32\ffprobe.EXE -v error -select_streams v:0 -show_entries stream=width,height,r_frame_rate,duration -of csv=p=0 C:\Users\Andrew Baines\AppData\Local\Temp\gradio\d7e1fbdc9a3802ae48f532239d592fcb724004ba39a32c69387bdd86080d5ca9\Busty MILF Katerina Berg Aggressively Toying Her Mature Pussy by Karups Older Women – Fake Tits, Fishnet, Czech, Stockings, Sex Toy HD Porn xHamster.mp4
2026-08-31 23:44:07,988 [DEBUG] stdout: '1280,720,30/1,438.437000\n'  stderr: ''
2026-08-31 23:44:07,988 [INFO]   -> 1280x720 @ 30.000fps  438.44s
2026-08-31 23:44:07,988 [INFO] ffmpeg: F:\Githubrepostotest\Dragon Diffusion Video Prep\venv\Lib\site-packages\static_ffmpeg\bin\win32\ffmpeg.EXE -y -ss 214.0 -to 219.0 -i C:\Users\Andrew Baines\AppData\Local\Temp\gradio\d7e1fbdc9a3802ae48f532239d592fcb724004ba39a32c69387bdd86080d5ca9\Busty MILF Katerina Berg Aggressively Toying Her Mature Pussy by Karups Older Women – Fake Tits, Fishnet, Czech, Stockings, Sex Toy HD Porn xHamster.mp4 -vf scale=768:432,fps=25.0 -c:v libx264 -crf 18 -preset slow -c:a aac -b:a 192k F:\Githubrepostotest\Dragon Diffusion Video Prep\output\clip_Busty MILF Katerina Berg Aggressively Toying Her Mature Pussy by Karups Older Women – Fake Tits, Fishnet, Czech, Stockings, Sex Toy HD Porn xHamster_214s.mp4
2026-08-31 23:44:08,809 [INFO] ffmpeg OK.
2026-08-31 23:44:08,809 [INFO] Done.
Input:  1280x720 @ 30.00fps
Output: 768x432 @ 25.00fps
Clip:   214.0s → 219.0s  (5.0s)
Saved:  F:\Githubrepostotest\Dragon Diffusion Video Prep\output\clip_Busty MILF Katerina Berg Aggressively Toying Her Mature Pussy by Karups Older Women – Fake Tits, Fishnet, Czech, Stockings, Sex Toy HD Porn xHamster_214s.mp4
2026-08-31 23:44:34,979 [INFO] Tab1 extract from: C:\Users\Andrew Baines\AppData\Local\Temp\gradio\d7e1fbdc9a3802ae48f532239d592fcb724004ba39a32c69387bdd86080d5ca9\Busty MILF Katerina Berg Aggressively Toying Her Mature Pussy by Karups Older Women – Fake Tits, Fishnet, Czech, Stockings, Sex Toy HD Porn xHamster.mp4  start=213.2  length=5
2026-08-31 23:44:34,979 [INFO] Probing: C:\Users\Andrew Baines\AppData\Local\Temp\gradio\d7e1fbdc9a3802ae48f532239d592fcb724004ba39a32c69387bdd86080d5ca9\Busty MILF Katerina Berg Aggressively Toying Her Mature Pussy by Karups Older Women – Fake Tits, Fishnet, Czech, Stockings, Sex Toy HD Porn xHamster.mp4
2026-08-31 23:44:34,980 [DEBUG] cmd: F:\Githubrepostotest\Dragon Diffusion Video Prep\venv\Lib\site-packages\static_ffmpeg\bin\win32\ffprobe.EXE -v error -select_streams v:0 -show_entries stream=width,height,r_frame_rate,duration -of csv=p=0 C:\Users\Andrew Baines\AppData\Local\Temp\gradio\d7e1fbdc9a3802ae48f532239d592fcb724004ba39a32c69387bdd86080d5ca9\Busty MILF Katerina Berg Aggressively Toying Her Mature Pussy by Karups Older Women – Fake Tits, Fishnet, Czech, Stockings, Sex Toy HD Porn xHamster.mp4
2026-08-31 23:44:35,019 [DEBUG] stdout: '1280,720,30/1,438.437000\n'  stderr: ''
2026-08-31 23:44:35,019 [INFO]   -> 1280x720 @ 30.000fps  438.44s
2026-08-31 23:44:35,019 [INFO] ffmpeg: F:\Githubrepostotest\Dragon Diffusion Video Prep\venv\Lib\site-packages\static_ffmpeg\bin\win32\ffmpeg.EXE -y -ss 213.2 -to 218.2 -i C:\Users\Andrew Baines\AppData\Local\Temp\gradio\d7e1fbdc9a3802ae48f532239d592fcb724004ba39a32c69387bdd86080d5ca9\Busty MILF Katerina Berg Aggressively Toying Her Mature Pussy by Karups Older Women – Fake Tits, Fishnet, Czech, Stockings, Sex Toy HD Porn xHamster.mp4 -vf scale=768:432,fps=25.0 -c:v libx264 -crf 18 -preset slow -c:a aac -b:a 192k F:\Githubrepostotest\Dragon Diffusion Video Prep\output\clip_Busty MILF Katerina Berg Aggressively Toying Her Mature Pussy by Karups Older Women – Fake Tits, Fishnet, Czech, Stockings, Sex Toy HD Porn xHamster_213s.mp4
2026-08-31 23:44:35,854 [INFO] ffmpeg OK.
2026-08-31 23:44:35,854 [INFO] Done.
Input:  1280x720 @ 30.00fps
Output: 768x432 @ 25.00fps
Clip:   213.2s → 218.2s  (5.0s)
Saved:  F:\Githubrepostotest\Dragon Diffusion Video Prep\output\clip_Busty MILF Katerina Berg Aggressively Toying Her Mature Pussy by Karups Older Women – Fake Tits, Fishnet, Czech, Stockings, Sex Toy HD Porn xHamster_213s.mp4
2026-08-31 23:44:50,139 [INFO] Tab1 extract from: C:\Users\Andrew Baines\AppData\Local\Temp\gradio\d7e1fbdc9a3802ae48f532239d592fcb724004ba39a32c69387bdd86080d5ca9\Busty MILF Katerina Berg Aggressively Toying Her Mature Pussy by Karups Older Women – Fake Tits, Fishnet, Czech, Stockings, Sex Toy HD Porn xHamster.mp4  start=215.1  length=5
2026-08-31 23:44:50,140 [INFO] Probing: C:\Users\Andrew Baines\AppData\Local\Temp\gradio\d7e1fbdc9a3802ae48f532239d592fcb724004ba39a32c69387bdd86080d5ca9\Busty MILF Katerina Berg Aggressively Toying Her Mature Pussy by Karups Older Women – Fake Tits, Fishnet, Czech, Stockings, Sex Toy HD Porn xHamster.mp4
2026-08-31 23:44:50,140 [DEBUG] cmd: F:\Githubrepostotest\Dragon Diffusion Video Prep\venv\Lib\site-packages\static_ffmpeg\bin\win32\ffprobe.EXE -v error -select_streams v:0 -show_entries stream=width,height,r_frame_rate,duration -of csv=p=0 C:\Users\Andrew Baines\AppData\Local\Temp\gradio\d7e1fbdc9a3802ae48f532239d592fcb724004ba39a32c69387bdd86080d5ca9\Busty MILF Katerina Berg Aggressively Toying Her Mature Pussy by Karups Older Women – Fake Tits, Fishnet, Czech, Stockings, Sex Toy HD Porn xHamster.mp4
2026-08-31 23:44:50,182 [DEBUG] stdout: '1280,720,30/1,438.437000\n'  stderr: ''
2026-08-31 23:44:50,182 [INFO]   -> 1280x720 @ 30.000fps  438.44s
2026-08-31 23:44:50,182 [INFO] ffmpeg: F:\Githubrepostotest\Dragon Diffusion Video Prep\venv\Lib\site-packages\static_ffmpeg\bin\win32\ffmpeg.EXE -y -ss 215.1 -to 220.1 -i C:\Users\Andrew Baines\AppData\Local\Temp\gradio\d7e1fbdc9a3802ae48f532239d592fcb724004ba39a32c69387bdd86080d5ca9\Busty MILF Katerina Berg Aggressively Toying Her Mature Pussy by Karups Older Women – Fake Tits, Fishnet, Czech, Stockings, Sex Toy HD Porn xHamster.mp4 -vf scale=768:432,fps=25.0 -c:v libx264 -crf 18 -preset slow -c:a aac -b:a 192k F:\Githubrepostotest\Dragon Diffusion Video Prep\output\clip_Busty MILF Katerina Berg Aggressively Toying Her Mature Pussy by Karups Older Women – Fake Tits, Fishnet, Czech, Stockings, Sex Toy HD Porn xHamster_215s.mp4
2026-08-31 23:44:51,038 [INFO] ffmpeg OK.
2026-08-31 23:44:51,038 [INFO] Done.
Input:  1280x720 @ 30.00fps
Output: 768x432 @ 25.00fps
Clip:   215.1s → 220.1s  (5.0s)
Saved:  F:\Githubrepostotest\Dragon Diffusion Video Prep\output\clip_Busty MILF Katerina Berg Aggressively Toying Her Mature Pussy by Karups Older Women – Fake Tits, Fishnet, Czech, Stockings, Sex Toy HD Porn xHamster_215s.mp4
2026-08-31 23:45:18,357 [INFO] Tab1 upload received: C:\Users\Andrew Baines\AppData\Local\Temp\gradio\52fc3b98ef5d075cf58767db60369491ed5b8c6759de0ca2d3067e07a3856f34\Busty redhead MILF pleasing herself with a toy on a chair by Shagging Moms – Military, Secretary, Cougar, Mom, Big Natural Tits 4K Porn xHamster.mp4
2026-08-31 23:45:18,358 [INFO] Probing: C:\Users\Andrew Baines\AppData\Local\Temp\gradio\52fc3b98ef5d075cf58767db60369491ed5b8c6759de0ca2d3067e07a3856f34\Busty redhead MILF pleasing herself with a toy on a chair by Shagging Moms – Military, Secretary, Cougar, Mom, Big Natural Tits 4K Porn xHamster.mp4
2026-08-31 23:45:18,359 [DEBUG] cmd: F:\Githubrepostotest\Dragon Diffusion Video Prep\venv\Lib\site-packages\static_ffmpeg\bin\win32\ffprobe.EXE -v error -select_streams v:0 -show_entries stream=width,height,r_frame_rate,duration -of csv=p=0 C:\Users\Andrew Baines\AppData\Local\Temp\gradio\52fc3b98ef5d075cf58767db60369491ed5b8c6759de0ca2d3067e07a3856f34\Busty redhead MILF pleasing herself with a toy on a chair by Shagging Moms – Military, Secretary, Cougar, Mom, Big Natural Tits 4K Porn xHamster.mp4
2026-08-31 23:45:18,515 [DEBUG] stdout: '1280,720,60/1,760.021000\n'  stderr: ''
2026-08-31 23:45:18,515 [INFO]   -> 1280x720 @ 60.000fps  760.02s
2026-08-31 23:48:01,997 [INFO] Tab1 extract from: C:\Users\Andrew Baines\AppData\Local\Temp\gradio\52fc3b98ef5d075cf58767db60369491ed5b8c6759de0ca2d3067e07a3856f34\Busty redhead MILF pleasing herself with a toy on a chair by Shagging Moms – Military, Secretary, Cougar, Mom, Big Natural Tits 4K Porn xHamster.mp4  start=607  length=5
2026-08-31 23:48:01,997 [INFO] Probing: C:\Users\Andrew Baines\AppData\Local\Temp\gradio\52fc3b98ef5d075cf58767db60369491ed5b8c6759de0ca2d3067e07a3856f34\Busty redhead MILF pleasing herself with a toy on a chair by Shagging Moms – Military, Secretary, Cougar, Mom, Big Natural Tits 4K Porn xHamster.mp4
2026-08-31 23:48:01,998 [DEBUG] cmd: F:\Githubrepostotest\Dragon Diffusion Video Prep\venv\Lib\site-packages\static_ffmpeg\bin\win32\ffprobe.EXE -v error -select_streams v:0 -show_entries stream=width,height,r_frame_rate,duration -of csv=p=0 C:\Users\Andrew Baines\AppData\Local\Temp\gradio\52fc3b98ef5d075cf58767db60369491ed5b8c6759de0ca2d3067e07a3856f34\Busty redhead MILF pleasing herself with a toy on a chair by Shagging Moms – Military, Secretary, Cougar, Mom, Big Natural Tits 4K Porn xHamster.mp4
2026-08-31 23:48:02,121 [DEBUG] stdout: '1280,720,60/1,760.021000\n'  stderr: ''
2026-08-31 23:48:02,121 [INFO]   -> 1280x720 @ 60.000fps  760.02s
2026-08-31 23:48:02,121 [INFO] ffmpeg: F:\Githubrepostotest\Dragon Diffusion Video Prep\venv\Lib\site-packages\static_ffmpeg\bin\win32\ffmpeg.EXE -y -ss 607.0 -to 612.0 -i C:\Users\Andrew Baines\AppData\Local\Temp\gradio\52fc3b98ef5d075cf58767db60369491ed5b8c6759de0ca2d3067e07a3856f34\Busty redhead MILF pleasing herself with a toy on a chair by Shagging Moms – Military, Secretary, Cougar, Mom, Big Natural Tits 4K Porn xHamster.mp4 -vf scale=768:432,fps=25.0 -c:v libx264 -crf 18 -preset slow -c:a aac -b:a 192k F:\Githubrepostotest\Dragon Diffusion Video Prep\output\clip_Busty redhead MILF pleasing herself with a toy on a chair by Shagging Moms – Military, Secretary, Cougar, Mom, Big Natural Tits 4K Porn xHamster_607s.mp4
2026-08-31 23:48:03,031 [INFO] ffmpeg OK.
2026-08-31 23:48:03,032 [INFO] Done.
Input:  1280x720 @ 60.00fps
Output: 768x432 @ 25.00fps
Clip:   607.0s → 612.0s  (5.0s)
Saved:  F:\Githubrepostotest\Dragon Diffusion Video Prep\output\clip_Busty redhead MILF pleasing herself with a toy on a chair by Shagging Moms – Military, Secretary, Cougar, Mom, Big Natural Tits 4K Porn xHamster_607s.mp4
2026-08-31 23:48:21,347 [INFO] Tab1 upload received: C:\Users\Andrew Baines\AppData\Local\Temp\gradio\60d9633eb960bfd972b759b6076842827ede0ade69eb666098caee530c41506d\Buxom Blonde Jessica Starling Stuffs A Dong In Her Twat by 1111Customs  JOI Petite Stockings Lingerie Dildo 4K Porn  xHamster.mp4
2026-08-31 23:48:21,347 [INFO] Probing: C:\Users\Andrew Baines\AppData\Local\Temp\gradio\60d9633eb960bfd972b759b6076842827ede0ade69eb666098caee530c41506d\Buxom Blonde Jessica Starling Stuffs A Dong In Her Twat by 1111Customs  JOI Petite Stockings Lingerie Dildo 4K Porn  xHamster.mp4
2026-08-31 23:48:21,347 [DEBUG] cmd: F:\Githubrepostotest\Dragon Diffusion Video Prep\venv\Lib\site-packages\static_ffmpeg\bin\win32\ffprobe.EXE -v error -select_streams v:0 -show_entries stream=width,height,r_frame_rate,duration -of csv=p=0 C:\Users\Andrew Baines\AppData\Local\Temp\gradio\60d9633eb960bfd972b759b6076842827ede0ade69eb666098caee530c41506d\Buxom Blonde Jessica Starling Stuffs A Dong In Her Twat by 1111Customs  JOI Petite Stockings Lingerie Dildo 4K Porn  xHamster.mp4
2026-08-31 23:48:21,399 [DEBUG] stdout: '1280,720,30/1,879.700000\n'  stderr: ''
2026-08-31 23:48:21,400 [INFO]   -> 1280x720 @ 30.000fps  879.70s
2026-08-31 23:48:53,274 [INFO] Tab1 extract from: C:\Users\Andrew Baines\AppData\Local\Temp\gradio\60d9633eb960bfd972b759b6076842827ede0ade69eb666098caee530c41506d\Buxom Blonde Jessica Starling Stuffs A Dong In Her Twat by 1111Customs  JOI Petite Stockings Lingerie Dildo 4K Porn  xHamster.mp4  start=577  length=5
2026-08-31 23:48:53,276 [INFO] Probing: C:\Users\Andrew Baines\AppData\Local\Temp\gradio\60d9633eb960bfd972b759b6076842827ede0ade69eb666098caee530c41506d\Buxom Blonde Jessica Starling Stuffs A Dong In Her Twat by 1111Customs  JOI Petite Stockings Lingerie Dildo 4K Porn  xHamster.mp4
2026-08-31 23:48:53,276 [DEBUG] cmd: F:\Githubrepostotest\Dragon Diffusion Video Prep\venv\Lib\site-packages\static_ffmpeg\bin\win32\ffprobe.EXE -v error -select_streams v:0 -show_entries stream=width,height,r_frame_rate,duration -of csv=p=0 C:\Users\Andrew Baines\AppData\Local\Temp\gradio\60d9633eb960bfd972b759b6076842827ede0ade69eb666098caee530c41506d\Buxom Blonde Jessica Starling Stuffs A Dong In Her Twat by 1111Customs  JOI Petite Stockings Lingerie Dildo 4K Porn  xHamster.mp4
2026-08-31 23:48:53,305 [DEBUG] stdout: '1280,720,30/1,879.700000\n'  stderr: ''
2026-08-31 23:48:53,306 [INFO]   -> 1280x720 @ 30.000fps  879.70s
2026-08-31 23:48:53,306 [INFO] ffmpeg: F:\Githubrepostotest\Dragon Diffusion Video Prep\venv\Lib\site-packages\static_ffmpeg\bin\win32\ffmpeg.EXE -y -ss 577.0 -to 582.0 -i C:\Users\Andrew Baines\AppData\Local\Temp\gradio\60d9633eb960bfd972b759b6076842827ede0ade69eb666098caee530c41506d\Buxom Blonde Jessica Starling Stuffs A Dong In Her Twat by 1111Customs  JOI Petite Stockings Lingerie Dildo 4K Porn  xHamster.mp4 -vf scale=768:432,fps=25.0 -c:v libx264 -crf 18 -preset slow -c:a aac -b:a 192k F:\Githubrepostotest\Dragon Diffusion Video Prep\output\clip_Buxom Blonde Jessica Starling Stuffs A Dong In Her Twat by 1111Customs  JOI Petite Stockings Lingerie Dildo 4K Porn  xHamster_577s.mp4
2026-08-31 23:48:53,779 [INFO] ffmpeg OK.
2026-08-31 23:48:53,780 [INFO] Done.
Input:  1280x720 @ 30.00fps
Output: 768x432 @ 25.00fps
Clip:   577.0s → 582.0s  (5.0s)
Saved:  F:\Githubrepostotest\Dragon Diffusion Video Prep\output\clip_Buxom Blonde Jessica Starling Stuffs A Dong In Her Twat by 1111Customs  JOI Petite Stockings Lingerie Dildo 4K Porn  xHamster_577s.mp4
2026-08-31 23:49:17,185 [INFO] Tab1 upload received: C:\Users\Andrew Baines\AppData\Local\Temp\gradio\c458ce842e654f3ab4674228735b671b610592d0a719b2d41c88c15e381295ba\Caressing my breasts while you look at me and fucking my creamy pussy feat. Kymozzie – Long Hair, Missionary, Tight Pussy, Dildo, 18 Year Old HD Porn xHamster.mp4
2026-08-31 23:49:17,186 [INFO] Probing: C:\Users\Andrew Baines\AppData\Local\Temp\gradio\c458ce842e654f3ab4674228735b671b610592d0a719b2d41c88c15e381295ba\Caressing my breasts while you look at me and fucking my creamy pussy feat. Kymozzie – Long Hair, Missionary, Tight Pussy, Dildo, 18 Year Old HD Porn xHamster.mp4
2026-08-31 23:49:17,186 [DEBUG] cmd: F:\Githubrepostotest\Dragon Diffusion Video Prep\venv\Lib\site-packages\static_ffmpeg\bin\win32\ffprobe.EXE -v error -select_streams v:0 -show_entries stream=width,height,r_frame_rate,duration -of csv=p=0 C:\Users\Andrew Baines\AppData\Local\Temp\gradio\c458ce842e654f3ab4674228735b671b610592d0a719b2d41c88c15e381295ba\Caressing my breasts while you look at me and fucking my creamy pussy feat. Kymozzie – Long Hair, Missionary, Tight Pussy, Dildo, 18 Year Old HD Porn xHamster.mp4
2026-08-31 23:49:17,254 [DEBUG] stdout: '1282,720,30/1,527.203000\n'  stderr: ''
2026-08-31 23:49:17,254 [INFO]   -> 1282x720 @ 30.000fps  527.20s
2026-08-31 23:50:35,589 [INFO] Tab1 extract from: C:\Users\Andrew Baines\AppData\Local\Temp\gradio\c458ce842e654f3ab4674228735b671b610592d0a719b2d41c88c15e381295ba\Caressing my breasts while you look at me and fucking my creamy pussy feat. Kymozzie – Long Hair, Missionary, Tight Pussy, Dildo, 18 Year Old HD Porn xHamster.mp4  start=221  length=5
2026-08-31 23:50:35,589 [INFO] Probing: C:\Users\Andrew Baines\AppData\Local\Temp\gradio\c458ce842e654f3ab4674228735b671b610592d0a719b2d41c88c15e381295ba\Caressing my breasts while you look at me and fucking my creamy pussy feat. Kymozzie – Long Hair, Missionary, Tight Pussy, Dildo, 18 Year Old HD Porn xHamster.mp4
2026-08-31 23:50:35,590 [DEBUG] cmd: F:\Githubrepostotest\Dragon Diffusion Video Prep\venv\Lib\site-packages\static_ffmpeg\bin\win32\ffprobe.EXE -v error -select_streams v:0 -show_entries stream=width,height,r_frame_rate,duration -of csv=p=0 C:\Users\Andrew Baines\AppData\Local\Temp\gradio\c458ce842e654f3ab4674228735b671b610592d0a719b2d41c88c15e381295ba\Caressing my breasts while you look at me and fucking my creamy pussy feat. Kymozzie – Long Hair, Missionary, Tight Pussy, Dildo, 18 Year Old HD Porn xHamster.mp4
2026-08-31 23:50:35,632 [DEBUG] stdout: '1282,720,30/1,527.203000\n'  stderr: ''
2026-08-31 23:50:35,632 [INFO]   -> 1282x720 @ 30.000fps  527.20s
2026-08-31 23:50:35,632 [INFO] ffmpeg: F:\Githubrepostotest\Dragon Diffusion Video Prep\venv\Lib\site-packages\static_ffmpeg\bin\win32\ffmpeg.EXE -y -ss 221.0 -to 226.0 -i C:\Users\Andrew Baines\AppData\Local\Temp\gradio\c458ce842e654f3ab4674228735b671b610592d0a719b2d41c88c15e381295ba\Caressing my breasts while you look at me and fucking my creamy pussy feat. Kymozzie – Long Hair, Missionary, Tight Pussy, Dildo, 18 Year Old HD Porn xHamster.mp4 -vf scale=768:432,fps=25.0 -c:v libx264 -crf 18 -preset slow -c:a aac -b:a 192k F:\Githubrepostotest\Dragon Diffusion Video Prep\output\clip_Caressing my breasts while you look at me and fucking my creamy pussy feat. Kymozzie – Long Hair, Missionary, Tight Pussy, Dildo, 18 Year Old HD Porn xHamster_221s.mp4
2026-08-31 23:50:36,184 [INFO] ffmpeg OK.
2026-08-31 23:50:36,185 [INFO] Done.
Input:  1282x720 @ 30.00fps
Output: 768x432 @ 25.00fps
Clip:   221.0s → 226.0s  (5.0s)
Saved:  F:\Githubrepostotest\Dragon Diffusion Video Prep\output\clip_Caressing my breasts while you look at me and fucking my creamy pussy feat. Kymozzie – Long Hair, Missionary, Tight Pussy, Dildo, 18 Year Old HD Porn xHamster_221s.mp4
2026-08-31 23:51:25,964 [INFO] Tab1 extract from: C:\Users\Andrew Baines\AppData\Local\Temp\gradio\c458ce842e654f3ab4674228735b671b610592d0a719b2d41c88c15e381295ba\Caressing my breasts while you look at me and fucking my creamy pussy feat. Kymozzie – Long Hair, Missionary, Tight Pussy, Dildo, 18 Year Old HD Porn xHamster.mp4  start=232  length=5
2026-08-31 23:51:25,965 [INFO] Probing: C:\Users\Andrew Baines\AppData\Local\Temp\gradio\c458ce842e654f3ab4674228735b671b610592d0a719b2d41c88c15e381295ba\Caressing my breasts while you look at me and fucking my creamy pussy feat. Kymozzie – Long Hair, Missionary, Tight Pussy, Dildo, 18 Year Old HD Porn xHamster.mp4
2026-08-31 23:51:25,965 [DEBUG] cmd: F:\Githubrepostotest\Dragon Diffusion Video Prep\venv\Lib\site-packages\static_ffmpeg\bin\win32\ffprobe.EXE -v error -select_streams v:0 -show_entries stream=width,height,r_frame_rate,duration -of csv=p=0 C:\Users\Andrew Baines\AppData\Local\Temp\gradio\c458ce842e654f3ab4674228735b671b610592d0a719b2d41c88c15e381295ba\Caressing my breasts while you look at me and fucking my creamy pussy feat. Kymozzie – Long Hair, Missionary, Tight Pussy, Dildo, 18 Year Old HD Porn xHamster.mp4
2026-08-31 23:51:26,012 [DEBUG] stdout: '1282,720,30/1,527.203000\n'  stderr: ''
2026-08-31 23:51:26,012 [INFO]   -> 1282x720 @ 30.000fps  527.20s
2026-08-31 23:51:26,012 [INFO] ffmpeg: F:\Githubrepostotest\Dragon Diffusion Video Prep\venv\Lib\site-packages\static_ffmpeg\bin\win32\ffmpeg.EXE -y -ss 232.0 -to 237.0 -i C:\Users\Andrew Baines\AppData\Local\Temp\gradio\c458ce842e654f3ab4674228735b671b610592d0a719b2d41c88c15e381295ba\Caressing my breasts while you look at me and fucking my creamy pussy feat. Kymozzie – Long Hair, Missionary, Tight Pussy, Dildo, 18 Year Old HD Porn xHamster.mp4 -vf scale=768:432,fps=25.0 -c:v libx264 -crf 18 -preset slow -c:a aac -b:a 192k F:\Githubrepostotest\Dragon Diffusion Video Prep\output\clip_Caressing my breasts while you look at me and fucking my creamy pussy feat. Kymozzie – Long Hair, Missionary, Tight Pussy, Dildo, 18 Year Old HD Porn xHamster_232s.mp4
2026-08-31 23:51:26,544 [INFO] ffmpeg OK.
2026-08-31 23:51:26,545 [INFO] Done.
Input:  1282x720 @ 30.00fps
Output: 768x432 @ 25.00fps
Clip:   232.0s → 237.0s  (5.0s)
Saved:  F:\Githubrepostotest\Dragon Diffusion Video Prep\output\clip_Caressing my breasts while you look at me and fucking my creamy pussy feat. Kymozzie – Long Hair, Missionary, Tight Pussy, Dildo, 18 Year Old HD Porn xHamster_232s.mp4
2026-08-31 23:51:48,026 [INFO] Tab1 upload received: C:\Users\Andrew Baines\AppData\Local\Temp\gradio\26309556ee799452b38ac39200f8a81e7d53f46ca73ef7aa712f954c25198646\Cute little and tight feat Alice Lima  Ball Gagged Long Hair Clit Brazilian Tight Pussy HD Porn  xHamster.mp4
2026-08-31 23:51:48,026 [INFO] Probing: C:\Users\Andrew Baines\AppData\Local\Temp\gradio\26309556ee799452b38ac39200f8a81e7d53f46ca73ef7aa712f954c25198646\Cute little and tight feat Alice Lima  Ball Gagged Long Hair Clit Brazilian Tight Pussy HD Porn  xHamster.mp4
2026-08-31 23:51:48,026 [DEBUG] cmd: F:\Githubrepostotest\Dragon Diffusion Video Prep\venv\Lib\site-packages\static_ffmpeg\bin\win32\ffprobe.EXE -v error -select_streams v:0 -show_entries stream=width,height,r_frame_rate,duration -of csv=p=0 C:\Users\Andrew Baines\AppData\Local\Temp\gradio\26309556ee799452b38ac39200f8a81e7d53f46ca73ef7aa712f954c25198646\Cute little and tight feat Alice Lima  Ball Gagged Long Hair Clit Brazilian Tight Pussy HD Porn  xHamster.mp4
2026-08-31 23:51:48,076 [DEBUG] stdout: '854,480,60/1,505.183333\n'  stderr: ''
2026-08-31 23:51:48,076 [INFO]   -> 854x480 @ 60.000fps  505.18s
2026-08-31 23:52:29,103 [INFO] Tab1 extract from: C:\Users\Andrew Baines\AppData\Local\Temp\gradio\26309556ee799452b38ac39200f8a81e7d53f46ca73ef7aa712f954c25198646\Cute little and tight feat Alice Lima  Ball Gagged Long Hair Clit Brazilian Tight Pussy HD Porn  xHamster.mp4  start=177  length=5
2026-08-31 23:52:29,103 [INFO] Probing: C:\Users\Andrew Baines\AppData\Local\Temp\gradio\26309556ee799452b38ac39200f8a81e7d53f46ca73ef7aa712f954c25198646\Cute little and tight feat Alice Lima  Ball Gagged Long Hair Clit Brazilian Tight Pussy HD Porn  xHamster.mp4
2026-08-31 23:52:29,105 [DEBUG] cmd: F:\Githubrepostotest\Dragon Diffusion Video Prep\venv\Lib\site-packages\static_ffmpeg\bin\win32\ffprobe.EXE -v error -select_streams v:0 -show_entries stream=width,height,r_frame_rate,duration -of csv=p=0 C:\Users\Andrew Baines\AppData\Local\Temp\gradio\26309556ee799452b38ac39200f8a81e7d53f46ca73ef7aa712f954c25198646\Cute little and tight feat Alice Lima  Ball Gagged Long Hair Clit Brazilian Tight Pussy HD Porn  xHamster.mp4
2026-08-31 23:52:29,143 [DEBUG] stdout: '854,480,60/1,505.183333\n'  stderr: ''
2026-08-31 23:52:29,143 [INFO]   -> 854x480 @ 60.000fps  505.18s
2026-08-31 23:52:29,143 [INFO] ffmpeg: F:\Githubrepostotest\Dragon Diffusion Video Prep\venv\Lib\site-packages\static_ffmpeg\bin\win32\ffmpeg.EXE -y -ss 177.0 -to 182.0 -i C:\Users\Andrew Baines\AppData\Local\Temp\gradio\26309556ee799452b38ac39200f8a81e7d53f46ca73ef7aa712f954c25198646\Cute little and tight feat Alice Lima  Ball Gagged Long Hair Clit Brazilian Tight Pussy HD Porn  xHamster.mp4 -vf scale=768:432,fps=25.0 -c:v libx264 -crf 18 -preset slow -c:a aac -b:a 192k F:\Githubrepostotest\Dragon Diffusion Video Prep\output\clip_Cute little and tight feat Alice Lima  Ball Gagged Long Hair Clit Brazilian Tight Pussy HD Porn  xHamster_177s.mp4
2026-08-31 23:52:29,647 [INFO] ffmpeg OK.
2026-08-31 23:52:29,647 [INFO] Done.
Input:  854x480 @ 60.00fps
Output: 768x432 @ 25.00fps
Clip:   177.0s → 182.0s  (5.0s)
Saved:  F:\Githubrepostotest\Dragon Diffusion Video Prep\output\clip_Cute little and tight feat Alice Lima  Ball Gagged Long Hair Clit Brazilian Tight Pussy HD Porn  xHamster_177s.mp4
2026-08-31 23:52:53,600 [INFO] Tab1 upload received: C:\Users\Andrew Baines\AppData\Local\Temp\gradio\9e4079c2fd16dfb45af6966575641003c11b72e80fba2030ca410827e21b4754\Daddy May I Cum feat. Danielle Renae – JOI, Vibrator, Beauty, Dildo, Tits HD Porn xHamster.mp4
2026-08-31 23:52:53,601 [INFO] Probing: C:\Users\Andrew Baines\AppData\Local\Temp\gradio\9e4079c2fd16dfb45af6966575641003c11b72e80fba2030ca410827e21b4754\Daddy May I Cum feat. Danielle Renae – JOI, Vibrator, Beauty, Dildo, Tits HD Porn xHamster.mp4
2026-08-31 23:52:53,602 [DEBUG] cmd: F:\Githubrepostotest\Dragon Diffusion Video Prep\venv\Lib\site-packages\static_ffmpeg\bin\win32\ffprobe.EXE -v error -select_streams v:0 -show_entries stream=width,height,r_frame_rate,duration -of csv=p=0 C:\Users\Andrew Baines\AppData\Local\Temp\gradio\9e4079c2fd16dfb45af6966575641003c11b72e80fba2030ca410827e21b4754\Daddy May I Cum feat. Danielle Renae – JOI, Vibrator, Beauty, Dildo, Tits HD Porn xHamster.mp4
2026-08-31 23:52:53,776 [DEBUG] stdout: '1030,720,30/1,462.468000\n'  stderr: ''
2026-08-31 23:52:53,776 [INFO]   -> 1030x720 @ 30.000fps  462.47s
2026-08-31 23:53:08,367 [INFO] Tab1 upload received: C:\Users\Andrew Baines\AppData\Local\Temp\gradio\db76d4fbf647feb5f1d08b260aafef2ca064d9f363b317597db0c62da21341c0\Daddys Slut Fucks Her Ass Whilst Begging for Cum feat Michelle Thorne  Anal Masturbation Moaning Dildo Solo Female Masturbation HD Porn  xHamster.mp4
2026-08-31 23:53:08,367 [INFO] Probing: C:\Users\Andrew Baines\AppData\Local\Temp\gradio\db76d4fbf647feb5f1d08b260aafef2ca064d9f363b317597db0c62da21341c0\Daddys Slut Fucks Her Ass Whilst Begging for Cum feat Michelle Thorne  Anal Masturbation Moaning Dildo Solo Female Masturbation HD Porn  xHamster.mp4
2026-08-31 23:53:08,369 [DEBUG] cmd: F:\Githubrepostotest\Dragon Diffusion Video Prep\venv\Lib\site-packages\static_ffmpeg\bin\win32\ffprobe.EXE -v error -select_streams v:0 -show_entries stream=width,height,r_frame_rate,duration -of csv=p=0 C:\Users\Andrew Baines\AppData\Local\Temp\gradio\db76d4fbf647feb5f1d08b260aafef2ca064d9f363b317597db0c62da21341c0\Daddys Slut Fucks Her Ass Whilst Begging for Cum feat Michelle Thorne  Anal Masturbation Moaning Dildo Solo Female Masturbation HD Porn  xHamster.mp4
2026-08-31 23:53:08,418 [DEBUG] stdout: '1280,720,1377/50,315.068991\n'  stderr: ''
2026-08-31 23:53:08,419 [INFO]   -> 1280x720 @ 27.540fps  315.07s
2026-08-31 23:53:47,274 [INFO] Tab1 extract from: C:\Users\Andrew Baines\AppData\Local\Temp\gradio\db76d4fbf647feb5f1d08b260aafef2ca064d9f363b317597db0c62da21341c0\Daddys Slut Fucks Her Ass Whilst Begging for Cum feat Michelle Thorne  Anal Masturbation Moaning Dildo Solo Female Masturbation HD Porn  xHamster.mp4  start=198  length=5
2026-08-31 23:53:47,274 [INFO] Probing: C:\Users\Andrew Baines\AppData\Local\Temp\gradio\db76d4fbf647feb5f1d08b260aafef2ca064d9f363b317597db0c62da21341c0\Daddys Slut Fucks Her Ass Whilst Begging for Cum feat Michelle Thorne  Anal Masturbation Moaning Dildo Solo Female Masturbation HD Porn  xHamster.mp4
2026-08-31 23:53:47,274 [DEBUG] cmd: F:\Githubrepostotest\Dragon Diffusion Video Prep\venv\Lib\site-packages\static_ffmpeg\bin\win32\ffprobe.EXE -v error -select_streams v:0 -show_entries stream=width,height,r_frame_rate,duration -of csv=p=0 C:\Users\Andrew Baines\AppData\Local\Temp\gradio\db76d4fbf647feb5f1d08b260aafef2ca064d9f363b317597db0c62da21341c0\Daddys Slut Fucks Her Ass Whilst Begging for Cum feat Michelle Thorne  Anal Masturbation Moaning Dildo Solo Female Masturbation HD Porn  xHamster.mp4
2026-08-31 23:53:47,303 [DEBUG] stdout: '1280,720,1377/50,315.068991\n'  stderr: ''
2026-08-31 23:53:47,305 [INFO]   -> 1280x720 @ 27.540fps  315.07s
2026-08-31 23:53:47,305 [INFO] ffmpeg: F:\Githubrepostotest\Dragon Diffusion Video Prep\venv\Lib\site-packages\static_ffmpeg\bin\win32\ffmpeg.EXE -y -ss 198.0 -to 203.0 -i C:\Users\Andrew Baines\AppData\Local\Temp\gradio\db76d4fbf647feb5f1d08b260aafef2ca064d9f363b317597db0c62da21341c0\Daddys Slut Fucks Her Ass Whilst Begging for Cum feat Michelle Thorne  Anal Masturbation Moaning Dildo Solo Female Masturbation HD Porn  xHamster.mp4 -vf scale=768:432,fps=25.0 -c:v libx264 -crf 18 -preset slow -c:a aac -b:a 192k F:\Githubrepostotest\Dragon Diffusion Video Prep\output\clip_Daddys Slut Fucks Her Ass Whilst Begging for Cum feat Michelle Thorne  Anal Masturbation Moaning Dildo Solo Female Masturbation HD Porn  xHamster_198s.mp4
2026-08-31 23:53:47,840 [INFO] ffmpeg OK.
2026-08-31 23:53:47,840 [INFO] Done.
Input:  1280x720 @ 27.54fps
Output: 768x432 @ 25.00fps
Clip:   198.0s → 203.0s  (5.0s)
Saved:  F:\Githubrepostotest\Dragon Diffusion Video Prep\output\clip_Daddys Slut Fucks Her Ass Whilst Begging for Cum feat Michelle Thorne  Anal Masturbation Moaning Dildo Solo Female Masturbation HD Porn  xHamster_198s.mp4
2026-08-31 23:54:07,439 [INFO] Tab1 extract from: C:\Users\Andrew Baines\AppData\Local\Temp\gradio\db76d4fbf647feb5f1d08b260aafef2ca064d9f363b317597db0c62da21341c0\Daddys Slut Fucks Her Ass Whilst Begging for Cum feat Michelle Thorne  Anal Masturbation Moaning Dildo Solo Female Masturbation HD Porn  xHamster.mp4  start=200  length=5
2026-08-31 23:54:07,439 [INFO] Probing: C:\Users\Andrew Baines\AppData\Local\Temp\gradio\db76d4fbf647feb5f1d08b260aafef2ca064d9f363b317597db0c62da21341c0\Daddys Slut Fucks Her Ass Whilst Begging for Cum feat Michelle Thorne  Anal Masturbation Moaning Dildo Solo Female Masturbation HD Porn  xHamster.mp4
2026-08-31 23:54:07,440 [DEBUG] cmd: F:\Githubrepostotest\Dragon Diffusion Video Prep\venv\Lib\site-packages\static_ffmpeg\bin\win32\ffprobe.EXE -v error -select_streams v:0 -show_entries stream=width,height,r_frame_rate,duration -of csv=p=0 C:\Users\Andrew Baines\AppData\Local\Temp\gradio\db76d4fbf647feb5f1d08b260aafef2ca064d9f363b317597db0c62da21341c0\Daddys Slut Fucks Her Ass Whilst Begging for Cum feat Michelle Thorne  Anal Masturbation Moaning Dildo Solo Female Masturbation HD Porn  xHamster.mp4
2026-08-31 23:54:07,484 [DEBUG] stdout: '1280,720,1377/50,315.068991\n'  stderr: ''
2026-08-31 23:54:07,484 [INFO]   -> 1280x720 @ 27.540fps  315.07s
2026-08-31 23:54:07,484 [INFO] ffmpeg: F:\Githubrepostotest\Dragon Diffusion Video Prep\venv\Lib\site-packages\static_ffmpeg\bin\win32\ffmpeg.EXE -y -ss 200.0 -to 205.0 -i C:\Users\Andrew Baines\AppData\Local\Temp\gradio\db76d4fbf647feb5f1d08b260aafef2ca064d9f363b317597db0c62da21341c0\Daddys Slut Fucks Her Ass Whilst Begging for Cum feat Michelle Thorne  Anal Masturbation Moaning Dildo Solo Female Masturbation HD Porn  xHamster.mp4 -vf scale=768:432,fps=25.0 -c:v libx264 -crf 18 -preset slow -c:a aac -b:a 192k F:\Githubrepostotest\Dragon Diffusion Video Prep\output\clip_Daddys Slut Fucks Her Ass Whilst Begging for Cum feat Michelle Thorne  Anal Masturbation Moaning Dildo Solo Female Masturbation HD Porn  xHamster_200s.mp4
2026-08-31 23:54:08,044 [INFO] ffmpeg OK.
2026-08-31 23:54:08,044 [INFO] Done.
Input:  1280x720 @ 27.54fps
Output: 768x432 @ 25.00fps
Clip:   200.0s → 205.0s  (5.0s)
Saved:  F:\Githubrepostotest\Dragon Diffusion Video Prep\output\clip_Daddys Slut Fucks Her Ass Whilst Begging for Cum feat Michelle Thorne  Anal Masturbation Moaning Dildo Solo Female Masturbation HD Porn  xHamster_200s.mp4
2026-08-31 23:54:22,528 [INFO] Tab1 extract from: C:\Users\Andrew Baines\AppData\Local\Temp\gradio\db76d4fbf647feb5f1d08b260aafef2ca064d9f363b317597db0c62da21341c0\Daddys Slut Fucks Her Ass Whilst Begging for Cum feat Michelle Thorne  Anal Masturbation Moaning Dildo Solo Female Masturbation HD Porn  xHamster.mp4  start=202  length=5
2026-08-31 23:54:22,528 [INFO] Probing: C:\Users\Andrew Baines\AppData\Local\Temp\gradio\db76d4fbf647feb5f1d08b260aafef2ca064d9f363b317597db0c62da21341c0\Daddys Slut Fucks Her Ass Whilst Begging for Cum feat Michelle Thorne  Anal Masturbation Moaning Dildo Solo Female Masturbation HD Porn  xHamster.mp4
2026-08-31 23:54:22,529 [DEBUG] cmd: F:\Githubrepostotest\Dragon Diffusion Video Prep\venv\Lib\site-packages\static_ffmpeg\bin\win32\ffprobe.EXE -v error -select_streams v:0 -show_entries stream=width,height,r_frame_rate,duration -of csv=p=0 C:\Users\Andrew Baines\AppData\Local\Temp\gradio\db76d4fbf647feb5f1d08b260aafef2ca064d9f363b317597db0c62da21341c0\Daddys Slut Fucks Her Ass Whilst Begging for Cum feat Michelle Thorne  Anal Masturbation Moaning Dildo Solo Female Masturbation HD Porn  xHamster.mp4
2026-08-31 23:54:22,579 [DEBUG] stdout: '1280,720,1377/50,315.068991\n'  stderr: ''
2026-08-31 23:54:22,579 [INFO]   -> 1280x720 @ 27.540fps  315.07s
2026-08-31 23:54:22,579 [INFO] ffmpeg: F:\Githubrepostotest\Dragon Diffusion Video Prep\venv\Lib\site-packages\static_ffmpeg\bin\win32\ffmpeg.EXE -y -ss 202.0 -to 207.0 -i C:\Users\Andrew Baines\AppData\Local\Temp\gradio\db76d4fbf647feb5f1d08b260aafef2ca064d9f363b317597db0c62da21341c0\Daddys Slut Fucks Her Ass Whilst Begging for Cum feat Michelle Thorne  Anal Masturbation Moaning Dildo Solo Female Masturbation HD Porn  xHamster.mp4 -vf scale=768:432,fps=25.0 -c:v libx264 -crf 18 -preset slow -c:a aac -b:a 192k F:\Githubrepostotest\Dragon Diffusion Video Prep\output\clip_Daddys Slut Fucks Her Ass Whilst Begging for Cum feat Michelle Thorne  Anal Masturbation Moaning Dildo Solo Female Masturbation HD Porn  xHamster_202s.mp4
2026-08-31 23:54:23,228 [INFO] ffmpeg OK.
2026-08-31 23:54:23,229 [INFO] Done.
Input:  1280x720 @ 27.54fps
Output: 768x432 @ 25.00fps
Clip:   202.0s → 207.0s  (5.0s)
Saved:  F:\Githubrepostotest\Dragon Diffusion Video Prep\output\clip_Daddys Slut Fucks Her Ass Whilst Begging for Cum feat Michelle Thorne  Anal Masturbation Moaning Dildo Solo Female Masturbation HD Porn  xHamster_202s.mp4
2026-08-31 23:54:49,555 [INFO] Tab1 extract from: C:\Users\Andrew Baines\AppData\Local\Temp\gradio\db76d4fbf647feb5f1d08b260aafef2ca064d9f363b317597db0c62da21341c0\Daddys Slut Fucks Her Ass Whilst Begging for Cum feat Michelle Thorne  Anal Masturbation Moaning Dildo Solo Female Masturbation HD Porn  xHamster.mp4  start=204  length=5
2026-08-31 23:54:49,555 [INFO] Probing: C:\Users\Andrew Baines\AppData\Local\Temp\gradio\db76d4fbf647feb5f1d08b260aafef2ca064d9f363b317597db0c62da21341c0\Daddys Slut Fucks Her Ass Whilst Begging for Cum feat Michelle Thorne  Anal Masturbation Moaning Dildo Solo Female Masturbation HD Porn  xHamster.mp4
2026-08-31 23:54:49,557 [DEBUG] cmd: F:\Githubrepostotest\Dragon Diffusion Video Prep\venv\Lib\site-packages\static_ffmpeg\bin\win32\ffprobe.EXE -v error -select_streams v:0 -show_entries stream=width,height,r_frame_rate,duration -of csv=p=0 C:\Users\Andrew Baines\AppData\Local\Temp\gradio\db76d4fbf647feb5f1d08b260aafef2ca064d9f363b317597db0c62da21341c0\Daddys Slut Fucks Her Ass Whilst Begging for Cum feat Michelle Thorne  Anal Masturbation Moaning Dildo Solo Female Masturbation HD Porn  xHamster.mp4
2026-08-31 23:54:49,586 [DEBUG] stdout: '1280,720,1377/50,315.068991\n'  stderr: ''
2026-08-31 23:54:49,587 [INFO]   -> 1280x720 @ 27.540fps  315.07s
2026-08-31 23:54:49,587 [INFO] ffmpeg: F:\Githubrepostotest\Dragon Diffusion Video Prep\venv\Lib\site-packages\static_ffmpeg\bin\win32\ffmpeg.EXE -y -ss 204.0 -to 209.0 -i C:\Users\Andrew Baines\AppData\Local\Temp\gradio\db76d4fbf647feb5f1d08b260aafef2ca064d9f363b317597db0c62da21341c0\Daddys Slut Fucks Her Ass Whilst Begging for Cum feat Michelle Thorne  Anal Masturbation Moaning Dildo Solo Female Masturbation HD Porn  xHamster.mp4 -vf scale=768:432,fps=25.0 -c:v libx264 -crf 18 -preset slow -c:a aac -b:a 192k F:\Githubrepostotest\Dragon Diffusion Video Prep\output\clip_Daddys Slut Fucks Her Ass Whilst Begging for Cum feat Michelle Thorne  Anal Masturbation Moaning Dildo Solo Female Masturbation HD Porn  xHamster_204s.mp4
2026-08-31 23:54:50,128 [INFO] ffmpeg OK.
2026-08-31 23:54:50,128 [INFO] Done.
Input:  1280x720 @ 27.54fps
Output: 768x432 @ 25.00fps
Clip:   204.0s → 209.0s  (5.0s)
Saved:  F:\Githubrepostotest\Dragon Diffusion Video Prep\output\clip_Daddys Slut Fucks Her Ass Whilst Begging for Cum feat Michelle Thorne  Anal Masturbation Moaning Dildo Solo Female Masturbation HD Porn  xHamster_204s.mp4
2026-08-31 23:55:04,073 [INFO] Tab1 extract from: C:\Users\Andrew Baines\AppData\Local\Temp\gradio\db76d4fbf647feb5f1d08b260aafef2ca064d9f363b317597db0c62da21341c0\Daddys Slut Fucks Her Ass Whilst Begging for Cum feat Michelle Thorne  Anal Masturbation Moaning Dildo Solo Female Masturbation HD Porn  xHamster.mp4  start=209  length=5
2026-08-31 23:55:04,073 [INFO] Probing: C:\Users\Andrew Baines\AppData\Local\Temp\gradio\db76d4fbf647feb5f1d08b260aafef2ca064d9f363b317597db0c62da21341c0\Daddys Slut Fucks Her Ass Whilst Begging for Cum feat Michelle Thorne  Anal Masturbation Moaning Dildo Solo Female Masturbation HD Porn  xHamster.mp4
2026-08-31 23:55:04,073 [DEBUG] cmd: F:\Githubrepostotest\Dragon Diffusion Video Prep\venv\Lib\site-packages\static_ffmpeg\bin\win32\ffprobe.EXE -v error -select_streams v:0 -show_entries stream=width,height,r_frame_rate,duration -of csv=p=0 C:\Users\Andrew Baines\AppData\Local\Temp\gradio\db76d4fbf647feb5f1d08b260aafef2ca064d9f363b317597db0c62da21341c0\Daddys Slut Fucks Her Ass Whilst Begging for Cum feat Michelle Thorne  Anal Masturbation Moaning Dildo Solo Female Masturbation HD Porn  xHamster.mp4
2026-08-31 23:55:04,103 [DEBUG] stdout: '1280,720,1377/50,315.068991\n'  stderr: ''
2026-08-31 23:55:04,104 [INFO]   -> 1280x720 @ 27.540fps  315.07s
2026-08-31 23:55:04,104 [INFO] ffmpeg: F:\Githubrepostotest\Dragon Diffusion Video Prep\venv\Lib\site-packages\static_ffmpeg\bin\win32\ffmpeg.EXE -y -ss 209.0 -to 214.0 -i C:\Users\Andrew Baines\AppData\Local\Temp\gradio\db76d4fbf647feb5f1d08b260aafef2ca064d9f363b317597db0c62da21341c0\Daddys Slut Fucks Her Ass Whilst Begging for Cum feat Michelle Thorne  Anal Masturbation Moaning Dildo Solo Female Masturbation HD Porn  xHamster.mp4 -vf scale=768:432,fps=25.0 -c:v libx264 -crf 18 -preset slow -c:a aac -b:a 192k F:\Githubrepostotest\Dragon Diffusion Video Prep\output\clip_Daddys Slut Fucks Her Ass Whilst Begging for Cum feat Michelle Thorne  Anal Masturbation Moaning Dildo Solo Female Masturbation HD Porn  xHamster_209s.mp4
2026-08-31 23:55:04,764 [INFO] ffmpeg OK.
2026-08-31 23:55:04,764 [INFO] Done.
Input:  1280x720 @ 27.54fps
Output: 768x432 @ 25.00fps
Clip:   209.0s → 214.0s  (5.0s)
Saved:  F:\Githubrepostotest\Dragon Diffusion Video Prep\output\clip_Daddys Slut Fucks Her Ass Whilst Begging for Cum feat Michelle Thorne  Anal Masturbation Moaning Dildo Solo Female Masturbation HD Porn  xHamster_209s.mp4
2026-08-31 23:55:24,098 [INFO] Tab1 extract from: C:\Users\Andrew Baines\AppData\Local\Temp\gradio\db76d4fbf647feb5f1d08b260aafef2ca064d9f363b317597db0c62da21341c0\Daddys Slut Fucks Her Ass Whilst Begging for Cum feat Michelle Thorne  Anal Masturbation Moaning Dildo Solo Female Masturbation HD Porn  xHamster.mp4  start=214  length=5
2026-08-31 23:55:24,101 [INFO] Probing: C:\Users\Andrew Baines\AppData\Local\Temp\gradio\db76d4fbf647feb5f1d08b260aafef2ca064d9f363b317597db0c62da21341c0\Daddys Slut Fucks Her Ass Whilst Begging for Cum feat Michelle Thorne  Anal Masturbation Moaning Dildo Solo Female Masturbation HD Porn  xHamster.mp4
2026-08-31 23:55:24,101 [DEBUG] cmd: F:\Githubrepostotest\Dragon Diffusion Video Prep\venv\Lib\site-packages\static_ffmpeg\bin\win32\ffprobe.EXE -v error -select_streams v:0 -show_entries stream=width,height,r_frame_rate,duration -of csv=p=0 C:\Users\Andrew Baines\AppData\Local\Temp\gradio\db76d4fbf647feb5f1d08b260aafef2ca064d9f363b317597db0c62da21341c0\Daddys Slut Fucks Her Ass Whilst Begging for Cum feat Michelle Thorne  Anal Masturbation Moaning Dildo Solo Female Masturbation HD Porn  xHamster.mp4
2026-08-31 23:55:24,127 [DEBUG] stdout: '1280,720,1377/50,315.068991\n'  stderr: ''
2026-08-31 23:55:24,127 [INFO]   -> 1280x720 @ 27.540fps  315.07s
2026-08-31 23:55:24,127 [INFO] ffmpeg: F:\Githubrepostotest\Dragon Diffusion Video Prep\venv\Lib\site-packages\static_ffmpeg\bin\win32\ffmpeg.EXE -y -ss 214.0 -to 219.0 -i C:\Users\Andrew Baines\AppData\Local\Temp\gradio\db76d4fbf647feb5f1d08b260aafef2ca064d9f363b317597db0c62da21341c0\Daddys Slut Fucks Her Ass Whilst Begging for Cum feat Michelle Thorne  Anal Masturbation Moaning Dildo Solo Female Masturbation HD Porn  xHamster.mp4 -vf scale=768:432,fps=25.0 -c:v libx264 -crf 18 -preset slow -c:a aac -b:a 192k F:\Githubrepostotest\Dragon Diffusion Video Prep\output\clip_Daddys Slut Fucks Her Ass Whilst Begging for Cum feat Michelle Thorne  Anal Masturbation Moaning Dildo Solo Female Masturbation HD Porn  xHamster_214s.mp4
2026-08-31 23:55:24,694 [INFO] ffmpeg OK.
2026-08-31 23:55:24,694 [INFO] Done.
Input:  1280x720 @ 27.54fps
Output: 768x432 @ 25.00fps
Clip:   214.0s → 219.0s  (5.0s)
Saved:  F:\Githubrepostotest\Dragon Diffusion Video Prep\output\clip_Daddys Slut Fucks Her Ass Whilst Begging for Cum feat Michelle Thorne  Anal Masturbation Moaning Dildo Solo Female Masturbation HD Porn  xHamster_214s.mp4
2026-08-31 23:55:52,325 [INFO] Tab1 upload received: C:\Users\Andrew Baines\AppData\Local\Temp\gradio\8f3ae89b400eebc1a525f5b14293e9574680b733d5dfcd0c191f1d24da9e11d1\Filling My Pussy with a 12in BBC feat. Keeks3005 – Glasses, Riding, Stockings, Dildo, Solo HD Porn xHamster.mp4
2026-08-31 23:55:52,325 [INFO] Probing: C:\Users\Andrew Baines\AppData\Local\Temp\gradio\8f3ae89b400eebc1a525f5b14293e9574680b733d5dfcd0c191f1d24da9e11d1\Filling My Pussy with a 12in BBC feat. Keeks3005 – Glasses, Riding, Stockings, Dildo, Solo HD Porn xHamster.mp4
2026-08-31 23:55:52,326 [DEBUG] cmd: F:\Githubrepostotest\Dragon Diffusion Video Prep\venv\Lib\site-packages\static_ffmpeg\bin\win32\ffprobe.EXE -v error -select_streams v:0 -show_entries stream=width,height,r_frame_rate,duration -of csv=p=0 C:\Users\Andrew Baines\AppData\Local\Temp\gradio\8f3ae89b400eebc1a525f5b14293e9574680b733d5dfcd0c191f1d24da9e11d1\Filling My Pussy with a 12in BBC feat. Keeks3005 – Glasses, Riding, Stockings, Dildo, Solo HD Porn xHamster.mp4
2026-08-31 23:55:52,390 [DEBUG] stdout: '1280,720,30/1,253.167000\n'  stderr: ''
2026-08-31 23:55:52,390 [INFO]   -> 1280x720 @ 30.000fps  253.17s
2026-08-31 23:56:26,496 [INFO] Tab1 extract from: C:\Users\Andrew Baines\AppData\Local\Temp\gradio\8f3ae89b400eebc1a525f5b14293e9574680b733d5dfcd0c191f1d24da9e11d1\Filling My Pussy with a 12in BBC feat. Keeks3005 – Glasses, Riding, Stockings, Dildo, Solo HD Porn xHamster.mp4  start=48  length=5
2026-08-31 23:56:26,496 [INFO] Probing: C:\Users\Andrew Baines\AppData\Local\Temp\gradio\8f3ae89b400eebc1a525f5b14293e9574680b733d5dfcd0c191f1d24da9e11d1\Filling My Pussy with a 12in BBC feat. Keeks3005 – Glasses, Riding, Stockings, Dildo, Solo HD Porn xHamster.mp4
2026-08-31 23:56:26,498 [DEBUG] cmd: F:\Githubrepostotest\Dragon Diffusion Video Prep\venv\Lib\site-packages\static_ffmpeg\bin\win32\ffprobe.EXE -v error -select_streams v:0 -show_entries stream=width,height,r_frame_rate,duration -of csv=p=0 C:\Users\Andrew Baines\AppData\Local\Temp\gradio\8f3ae89b400eebc1a525f5b14293e9574680b733d5dfcd0c191f1d24da9e11d1\Filling My Pussy with a 12in BBC feat. Keeks3005 – Glasses, Riding, Stockings, Dildo, Solo HD Porn xHamster.mp4
2026-08-31 23:56:26,534 [DEBUG] stdout: '1280,720,30/1,253.167000\n'  stderr: ''
2026-08-31 23:56:26,534 [INFO]   -> 1280x720 @ 30.000fps  253.17s
2026-08-31 23:56:26,538 [INFO] ffmpeg: F:\Githubrepostotest\Dragon Diffusion Video Prep\venv\Lib\site-packages\static_ffmpeg\bin\win32\ffmpeg.EXE -y -ss 48.0 -to 53.0 -i C:\Users\Andrew Baines\AppData\Local\Temp\gradio\8f3ae89b400eebc1a525f5b14293e9574680b733d5dfcd0c191f1d24da9e11d1\Filling My Pussy with a 12in BBC feat. Keeks3005 – Glasses, Riding, Stockings, Dildo, Solo HD Porn xHamster.mp4 -vf scale=768:432,fps=25.0 -c:v libx264 -crf 18 -preset slow -c:a aac -b:a 192k F:\Githubrepostotest\Dragon Diffusion Video Prep\output\clip_Filling My Pussy with a 12in BBC feat. Keeks3005 – Glasses, Riding, Stockings, Dildo, Solo HD Porn xHamster_48s.mp4
2026-08-31 23:56:26,966 [INFO] ffmpeg OK.
2026-08-31 23:56:26,966 [INFO] Done.
Input:  1280x720 @ 30.00fps
Output: 768x432 @ 25.00fps
Clip:   48.0s → 53.0s  (5.0s)
Saved:  F:\Githubrepostotest\Dragon Diffusion Video Prep\output\clip_Filling My Pussy with a 12in BBC feat. Keeks3005 – Glasses, Riding, Stockings, Dildo, Solo HD Porn xHamster_48s.mp4
2026-08-31 23:56:40,627 [INFO] Tab1 upload received: C:\Users\Andrew Baines\AppData\Local\Temp\gradio\e9d353ae27dac2e84fa844c9caf8df067d7e41968d7a8bfebc94d84aa18ddbeb\Fucked Myself with a Big Dildo in a Hotel Room feat Zlata Shine  Vibrator Russian Stockings Orgasm Babe HD Porn  xHamster.mp4
2026-08-31 23:56:40,629 [INFO] Probing: C:\Users\Andrew Baines\AppData\Local\Temp\gradio\e9d353ae27dac2e84fa844c9caf8df067d7e41968d7a8bfebc94d84aa18ddbeb\Fucked Myself with a Big Dildo in a Hotel Room feat Zlata Shine  Vibrator Russian Stockings Orgasm Babe HD Porn  xHamster.mp4
2026-08-31 23:56:40,629 [DEBUG] cmd: F:\Githubrepostotest\Dragon Diffusion Video Prep\venv\Lib\site-packages\static_ffmpeg\bin\win32\ffprobe.EXE -v error -select_streams v:0 -show_entries stream=width,height,r_frame_rate,duration -of csv=p=0 C:\Users\Andrew Baines\AppData\Local\Temp\gradio\e9d353ae27dac2e84fa844c9caf8df067d7e41968d7a8bfebc94d84aa18ddbeb\Fucked Myself with a Big Dildo in a Hotel Room feat Zlata Shine  Vibrator Russian Stockings Orgasm Babe HD Porn  xHamster.mp4
2026-08-31 23:56:40,666 [DEBUG] stdout: '1280,720,30/1,681.266667\n'  stderr: ''
2026-08-31 23:56:40,666 [INFO]   -> 1280x720 @ 30.000fps  681.27s
2026-08-31 23:57:20,311 [INFO] Tab1 extract from: C:\Users\Andrew Baines\AppData\Local\Temp\gradio\e9d353ae27dac2e84fa844c9caf8df067d7e41968d7a8bfebc94d84aa18ddbeb\Fucked Myself with a Big Dildo in a Hotel Room feat Zlata Shine  Vibrator Russian Stockings Orgasm Babe HD Porn  xHamster.mp4  start=420  length=5
2026-08-31 23:57:20,312 [INFO] Probing: C:\Users\Andrew Baines\AppData\Local\Temp\gradio\e9d353ae27dac2e84fa844c9caf8df067d7e41968d7a8bfebc94d84aa18ddbeb\Fucked Myself with a Big Dildo in a Hotel Room feat Zlata Shine  Vibrator Russian Stockings Orgasm Babe HD Porn  xHamster.mp4
2026-08-31 23:57:20,312 [DEBUG] cmd: F:\Githubrepostotest\Dragon Diffusion Video Prep\venv\Lib\site-packages\static_ffmpeg\bin\win32\ffprobe.EXE -v error -select_streams v:0 -show_entries stream=width,height,r_frame_rate,duration -of csv=p=0 C:\Users\Andrew Baines\AppData\Local\Temp\gradio\e9d353ae27dac2e84fa844c9caf8df067d7e41968d7a8bfebc94d84aa18ddbeb\Fucked Myself with a Big Dildo in a Hotel Room feat Zlata Shine  Vibrator Russian Stockings Orgasm Babe HD Porn  xHamster.mp4
2026-08-31 23:57:20,343 [DEBUG] stdout: '1280,720,30/1,681.266667\n'  stderr: ''
2026-08-31 23:57:20,343 [INFO]   -> 1280x720 @ 30.000fps  681.27s
2026-08-31 23:57:20,343 [INFO] ffmpeg: F:\Githubrepostotest\Dragon Diffusion Video Prep\venv\Lib\site-packages\static_ffmpeg\bin\win32\ffmpeg.EXE -y -ss 420.0 -to 425.0 -i C:\Users\Andrew Baines\AppData\Local\Temp\gradio\e9d353ae27dac2e84fa844c9caf8df067d7e41968d7a8bfebc94d84aa18ddbeb\Fucked Myself with a Big Dildo in a Hotel Room feat Zlata Shine  Vibrator Russian Stockings Orgasm Babe HD Porn  xHamster.mp4 -vf scale=768:432,fps=25.0 -c:v libx264 -crf 18 -preset slow -c:a aac -b:a 192k F:\Githubrepostotest\Dragon Diffusion Video Prep\output\clip_Fucked Myself with a Big Dildo in a Hotel Room feat Zlata Shine  Vibrator Russian Stockings Orgasm Babe HD Porn  xHamster_420s.mp4
2026-08-31 23:57:20,753 [INFO] ffmpeg OK.
2026-08-31 23:57:20,753 [INFO] Done.
Input:  1280x720 @ 30.00fps
Output: 768x432 @ 25.00fps
Clip:   420.0s → 425.0s  (5.0s)
Saved:  F:\Githubrepostotest\Dragon Diffusion Video Prep\output\clip_Fucked Myself with a Big Dildo in a Hotel Room feat Zlata Shine  Vibrator Russian Stockings Orgasm Babe HD Porn  xHamster_420s.mp4
2026-08-31 23:57:39,142 [INFO] Tab1 upload received: C:\Users\Andrew Baines\AppData\Local\Temp\gradio\d5693d8dd5972b34eca27837b53619c2c1a0462aa5a2e2c22289d68b0c1918bd\Fucking my self in my backyard before work in the morning feat Nerdy Nympho  Monster Cock Public Sex Canadian High Heels Outdoor 4K Porn  xHamster.mp4
2026-08-31 23:57:39,142 [INFO] Probing: C:\Users\Andrew Baines\AppData\Local\Temp\gradio\d5693d8dd5972b34eca27837b53619c2c1a0462aa5a2e2c22289d68b0c1918bd\Fucking my self in my backyard before work in the morning feat Nerdy Nympho  Monster Cock Public Sex Canadian High Heels Outdoor 4K Porn  xHamster.mp4
2026-08-31 23:57:39,142 [DEBUG] cmd: F:\Githubrepostotest\Dragon Diffusion Video Prep\venv\Lib\site-packages\static_ffmpeg\bin\win32\ffprobe.EXE -v error -select_streams v:0 -show_entries stream=width,height,r_frame_rate,duration -of csv=p=0 C:\Users\Andrew Baines\AppData\Local\Temp\gradio\d5693d8dd5972b34eca27837b53619c2c1a0462aa5a2e2c22289d68b0c1918bd\Fucking my self in my backyard before work in the morning feat Nerdy Nympho  Monster Cock Public Sex Canadian High Heels Outdoor 4K Porn  xHamster.mp4
2026-08-31 23:57:39,188 [DEBUG] stdout: '854,480,24/1,567.666667\n'  stderr: ''
2026-08-31 23:57:39,188 [INFO]   -> 854x480 @ 24.000fps  567.67s
2026-08-31 23:58:08,096 [INFO] Tab1 extract from: C:\Users\Andrew Baines\AppData\Local\Temp\gradio\d5693d8dd5972b34eca27837b53619c2c1a0462aa5a2e2c22289d68b0c1918bd\Fucking my self in my backyard before work in the morning feat Nerdy Nympho  Monster Cock Public Sex Canadian High Heels Outdoor 4K Porn  xHamster.mp4  start=342  length=5
2026-08-31 23:58:08,096 [INFO] Probing: C:\Users\Andrew Baines\AppData\Local\Temp\gradio\d5693d8dd5972b34eca27837b53619c2c1a0462aa5a2e2c22289d68b0c1918bd\Fucking my self in my backyard before work in the morning feat Nerdy Nympho  Monster Cock Public Sex Canadian High Heels Outdoor 4K Porn  xHamster.mp4
2026-08-31 23:58:08,096 [DEBUG] cmd: F:\Githubrepostotest\Dragon Diffusion Video Prep\venv\Lib\site-packages\static_ffmpeg\bin\win32\ffprobe.EXE -v error -select_streams v:0 -show_entries stream=width,height,r_frame_rate,duration -of csv=p=0 C:\Users\Andrew Baines\AppData\Local\Temp\gradio\d5693d8dd5972b34eca27837b53619c2c1a0462aa5a2e2c22289d68b0c1918bd\Fucking my self in my backyard before work in the morning feat Nerdy Nympho  Monster Cock Public Sex Canadian High Heels Outdoor 4K Porn  xHamster.mp4
2026-08-31 23:58:08,121 [DEBUG] stdout: '854,480,24/1,567.666667\n'  stderr: ''
2026-08-31 23:58:08,121 [INFO]   -> 854x480 @ 24.000fps  567.67s
2026-08-31 23:58:08,121 [INFO] ffmpeg: F:\Githubrepostotest\Dragon Diffusion Video Prep\venv\Lib\site-packages\static_ffmpeg\bin\win32\ffmpeg.EXE -y -ss 342.0 -to 347.0 -i C:\Users\Andrew Baines\AppData\Local\Temp\gradio\d5693d8dd5972b34eca27837b53619c2c1a0462aa5a2e2c22289d68b0c1918bd\Fucking my self in my backyard before work in the morning feat Nerdy Nympho  Monster Cock Public Sex Canadian High Heels Outdoor 4K Porn  xHamster.mp4 -vf scale=768:432,fps=24.0 -c:v libx264 -crf 18 -preset slow -c:a aac -b:a 192k F:\Githubrepostotest\Dragon Diffusion Video Prep\output\clip_Fucking my self in my backyard before work in the morning feat Nerdy Nympho  Monster Cock Public Sex Canadian High Heels Outdoor 4K Porn  xHamster_342s.mp4
2026-08-31 23:58:08,671 [INFO] ffmpeg OK.
2026-08-31 23:58:08,674 [INFO] Done.
Input:  854x480 @ 24.00fps
Output: 768x432 @ 24.00fps
Clip:   342.0s → 347.0s  (5.0s)
Saved:  F:\Githubrepostotest\Dragon Diffusion Video Prep\output\clip_Fucking my self in my backyard before work in the morning feat Nerdy Nympho  Monster Cock Public Sex Canadian High Heels Outdoor 4K Porn  xHamster_342s.mp4
2026-08-31 23:58:16,736 [INFO] Tab1 upload received: C:\Users\Andrew Baines\AppData\Local\Temp\gradio\e067e9cab17c4ddc17e12579bb1dc09d8339a6955e7607656a890dc397af2fa3\fucking my virgin pussy with vibrating dildo feat Stella Petrova  Perfect Body Tight Pussy Orgasm American Blonde HD Porn  xHamster.mp4
2026-08-31 23:58:16,740 [INFO] Probing: C:\Users\Andrew Baines\AppData\Local\Temp\gradio\e067e9cab17c4ddc17e12579bb1dc09d8339a6955e7607656a890dc397af2fa3\fucking my virgin pussy with vibrating dildo feat Stella Petrova  Perfect Body Tight Pussy Orgasm American Blonde HD Porn  xHamster.mp4
2026-08-31 23:58:16,740 [DEBUG] cmd: F:\Githubrepostotest\Dragon Diffusion Video Prep\venv\Lib\site-packages\static_ffmpeg\bin\win32\ffprobe.EXE -v error -select_streams v:0 -show_entries stream=width,height,r_frame_rate,duration -of csv=p=0 C:\Users\Andrew Baines\AppData\Local\Temp\gradio\e067e9cab17c4ddc17e12579bb1dc09d8339a6955e7607656a890dc397af2fa3\fucking my virgin pussy with vibrating dildo feat Stella Petrova  Perfect Body Tight Pussy Orgasm American Blonde HD Porn  xHamster.mp4
2026-08-31 23:58:16,784 [DEBUG] stdout: '854,480,3001/100,426.091303\n'  stderr: ''
2026-08-31 23:58:16,784 [INFO]   -> 854x480 @ 30.010fps  426.09s
2026-08-31 23:58:45,364 [INFO] Tab1 extract from: C:\Users\Andrew Baines\AppData\Local\Temp\gradio\e067e9cab17c4ddc17e12579bb1dc09d8339a6955e7607656a890dc397af2fa3\fucking my virgin pussy with vibrating dildo feat Stella Petrova  Perfect Body Tight Pussy Orgasm American Blonde HD Porn  xHamster.mp4  start=170  length=5
2026-08-31 23:58:45,364 [INFO] Probing: C:\Users\Andrew Baines\AppData\Local\Temp\gradio\e067e9cab17c4ddc17e12579bb1dc09d8339a6955e7607656a890dc397af2fa3\fucking my virgin pussy with vibrating dildo feat Stella Petrova  Perfect Body Tight Pussy Orgasm American Blonde HD Porn  xHamster.mp4
2026-08-31 23:58:45,364 [DEBUG] cmd: F:\Githubrepostotest\Dragon Diffusion Video Prep\venv\Lib\site-packages\static_ffmpeg\bin\win32\ffprobe.EXE -v error -select_streams v:0 -show_entries stream=width,height,r_frame_rate,duration -of csv=p=0 C:\Users\Andrew Baines\AppData\Local\Temp\gradio\e067e9cab17c4ddc17e12579bb1dc09d8339a6955e7607656a890dc397af2fa3\fucking my virgin pussy with vibrating dildo feat Stella Petrova  Perfect Body Tight Pussy Orgasm American Blonde HD Porn  xHamster.mp4
2026-08-31 23:58:45,387 [DEBUG] stdout: '854,480,3001/100,426.091303\n'  stderr: ''
2026-08-31 23:58:45,387 [INFO]   -> 854x480 @ 30.010fps  426.09s
2026-08-31 23:58:45,387 [INFO] ffmpeg: F:\Githubrepostotest\Dragon Diffusion Video Prep\venv\Lib\site-packages\static_ffmpeg\bin\win32\ffmpeg.EXE -y -ss 170.0 -to 175.0 -i C:\Users\Andrew Baines\AppData\Local\Temp\gradio\e067e9cab17c4ddc17e12579bb1dc09d8339a6955e7607656a890dc397af2fa3\fucking my virgin pussy with vibrating dildo feat Stella Petrova  Perfect Body Tight Pussy Orgasm American Blonde HD Porn  xHamster.mp4 -vf scale=768:432,fps=25.0 -c:v libx264 -crf 18 -preset slow -c:a aac -b:a 192k F:\Githubrepostotest\Dragon Diffusion Video Prep\output\clip_fucking my virgin pussy with vibrating dildo feat Stella Petrova  Perfect Body Tight Pussy Orgasm American Blonde HD Porn  xHamster_170s.mp4
2026-08-31 23:58:45,837 [INFO] ffmpeg OK.
2026-08-31 23:58:45,838 [INFO] Done.
Input:  854x480 @ 30.01fps
Output: 768x432 @ 25.00fps
Clip:   170.0s → 175.0s  (5.0s)
Saved:  F:\Githubrepostotest\Dragon Diffusion Video Prep\output\clip_fucking my virgin pussy with vibrating dildo feat Stella Petrova  Perfect Body Tight Pussy Orgasm American Blonde HD Porn  xHamster_170s.mp4
2026-08-31 23:58:55,357 [INFO] Tab1 upload received: C:\Users\Andrew Baines\AppData\Local\Temp\gradio\51e458cd2012f24ed430e006d53b1354896a15cd1491a29d3af6c2873a7bd5ee\Girl Masturbates with Huge Dildo and Squirts Closeup feat Madina Alexander  Girl Masturbating Vibrator Squirting Solo Female Masturbation HD Porn  xHamster.mp4
2026-08-31 23:58:55,359 [INFO] Probing: C:\Users\Andrew Baines\AppData\Local\Temp\gradio\51e458cd2012f24ed430e006d53b1354896a15cd1491a29d3af6c2873a7bd5ee\Girl Masturbates with Huge Dildo and Squirts Closeup feat Madina Alexander  Girl Masturbating Vibrator Squirting Solo Female Masturbation HD Porn  xHamster.mp4
2026-08-31 23:58:55,360 [DEBUG] cmd: F:\Githubrepostotest\Dragon Diffusion Video Prep\venv\Lib\site-packages\static_ffmpeg\bin\win32\ffprobe.EXE -v error -select_streams v:0 -show_entries stream=width,height,r_frame_rate,duration -of csv=p=0 C:\Users\Andrew Baines\AppData\Local\Temp\gradio\51e458cd2012f24ed430e006d53b1354896a15cd1491a29d3af6c2873a7bd5ee\Girl Masturbates with Huge Dildo and Squirts Closeup feat Madina Alexander  Girl Masturbating Vibrator Squirting Solo Female Masturbation HD Porn  xHamster.mp4
2026-08-31 23:58:55,426 [DEBUG] stdout: '854,480,30/1,327.833333\n'  stderr: ''
2026-08-31 23:58:55,426 [INFO]   -> 854x480 @ 30.000fps  327.83s
2026-08-31 23:59:16,404 [INFO] Tab1 extract from: C:\Users\Andrew Baines\AppData\Local\Temp\gradio\51e458cd2012f24ed430e006d53b1354896a15cd1491a29d3af6c2873a7bd5ee\Girl Masturbates with Huge Dildo and Squirts Closeup feat Madina Alexander  Girl Masturbating Vibrator Squirting Solo Female Masturbation HD Porn  xHamster.mp4  start=126  length=5
2026-08-31 23:59:16,404 [INFO] Probing: C:\Users\Andrew Baines\AppData\Local\Temp\gradio\51e458cd2012f24ed430e006d53b1354896a15cd1491a29d3af6c2873a7bd5ee\Girl Masturbates with Huge Dildo and Squirts Closeup feat Madina Alexander  Girl Masturbating Vibrator Squirting Solo Female Masturbation HD Porn  xHamster.mp4
2026-08-31 23:59:16,404 [DEBUG] cmd: F:\Githubrepostotest\Dragon Diffusion Video Prep\venv\Lib\site-packages\static_ffmpeg\bin\win32\ffprobe.EXE -v error -select_streams v:0 -show_entries stream=width,height,r_frame_rate,duration -of csv=p=0 C:\Users\Andrew Baines\AppData\Local\Temp\gradio\51e458cd2012f24ed430e006d53b1354896a15cd1491a29d3af6c2873a7bd5ee\Girl Masturbates with Huge Dildo and Squirts Closeup feat Madina Alexander  Girl Masturbating Vibrator Squirting Solo Female Masturbation HD Porn  xHamster.mp4
2026-08-31 23:59:16,434 [DEBUG] stdout: '854,480,30/1,327.833333\n'  stderr: ''
2026-08-31 23:59:16,434 [INFO]   -> 854x480 @ 30.000fps  327.83s
2026-08-31 23:59:16,434 [INFO] ffmpeg: F:\Githubrepostotest\Dragon Diffusion Video Prep\venv\Lib\site-packages\static_ffmpeg\bin\win32\ffmpeg.EXE -y -ss 126.0 -to 131.0 -i C:\Users\Andrew Baines\AppData\Local\Temp\gradio\51e458cd2012f24ed430e006d53b1354896a15cd1491a29d3af6c2873a7bd5ee\Girl Masturbates with Huge Dildo and Squirts Closeup feat Madina Alexander  Girl Masturbating Vibrator Squirting Solo Female Masturbation HD Porn  xHamster.mp4 -vf scale=768:432,fps=25.0 -c:v libx264 -crf 18 -preset slow -c:a aac -b:a 192k F:\Githubrepostotest\Dragon Diffusion Video Prep\output\clip_Girl Masturbates with Huge Dildo and Squirts Closeup feat Madina Alexander  Girl Masturbating Vibrator Squirting Solo Female Masturbation HD Porn  xHamster_126s.mp4
2026-08-31 23:59:17,032 [INFO] ffmpeg OK.
2026-08-31 23:59:17,032 [INFO] Done.
Input:  854x480 @ 30.00fps
Output: 768x432 @ 25.00fps
Clip:   126.0s → 131.0s  (5.0s)
Saved:  F:\Githubrepostotest\Dragon Diffusion Video Prep\output\clip_Girl Masturbates with Huge Dildo and Squirts Closeup feat Madina Alexander  Girl Masturbating Vibrator Squirting Solo Female Masturbation HD Porn  xHamster_126s.mp4
2026-08-31 23:59:41,987 [INFO] Tab1 extract from: C:\Users\Andrew Baines\AppData\Local\Temp\gradio\51e458cd2012f24ed430e006d53b1354896a15cd1491a29d3af6c2873a7bd5ee\Girl Masturbates with Huge Dildo and Squirts Closeup feat Madina Alexander  Girl Masturbating Vibrator Squirting Solo Female Masturbation HD Porn  xHamster.mp4  start=141  length=5
2026-08-31 23:59:41,987 [INFO] Probing: C:\Users\Andrew Baines\AppData\Local\Temp\gradio\51e458cd2012f24ed430e006d53b1354896a15cd1491a29d3af6c2873a7bd5ee\Girl Masturbates with Huge Dildo and Squirts Closeup feat Madina Alexander  Girl Masturbating Vibrator Squirting Solo Female Masturbation HD Porn  xHamster.mp4
2026-08-31 23:59:41,987 [DEBUG] cmd: F:\Githubrepostotest\Dragon Diffusion Video Prep\venv\Lib\site-packages\static_ffmpeg\bin\win32\ffprobe.EXE -v error -select_streams v:0 -show_entries stream=width,height,r_frame_rate,duration -of csv=p=0 C:\Users\Andrew Baines\AppData\Local\Temp\gradio\51e458cd2012f24ed430e006d53b1354896a15cd1491a29d3af6c2873a7bd5ee\Girl Masturbates with Huge Dildo and Squirts Closeup feat Madina Alexander  Girl Masturbating Vibrator Squirting Solo Female Masturbation HD Porn  xHamster.mp4
2026-08-31 23:59:42,010 [DEBUG] stdout: '854,480,30/1,327.833333\n'  stderr: ''
2026-08-31 23:59:42,010 [INFO]   -> 854x480 @ 30.000fps  327.83s
2026-08-31 23:59:42,010 [INFO] ffmpeg: F:\Githubrepostotest\Dragon Diffusion Video Prep\venv\Lib\site-packages\static_ffmpeg\bin\win32\ffmpeg.EXE -y -ss 141.0 -to 146.0 -i C:\Users\Andrew Baines\AppData\Local\Temp\gradio\51e458cd2012f24ed430e006d53b1354896a15cd1491a29d3af6c2873a7bd5ee\Girl Masturbates with Huge Dildo and Squirts Closeup feat Madina Alexander  Girl Masturbating Vibrator Squirting Solo Female Masturbation HD Porn  xHamster.mp4 -vf scale=768:432,fps=25.0 -c:v libx264 -crf 18 -preset slow -c:a aac -b:a 192k F:\Githubrepostotest\Dragon Diffusion Video Prep\output\clip_Girl Masturbates with Huge Dildo and Squirts Closeup feat Madina Alexander  Girl Masturbating Vibrator Squirting Solo Female Masturbation HD Porn  xHamster_141s.mp4
2026-08-31 23:59:42,512 [INFO] ffmpeg OK.
2026-08-31 23:59:42,512 [INFO] Done.
Input:  854x480 @ 30.00fps
Output: 768x432 @ 25.00fps
Clip:   141.0s → 146.0s  (5.0s)
Saved:  F:\Githubrepostotest\Dragon Diffusion Video Prep\output\clip_Girl Masturbates with Huge Dildo and Squirts Closeup feat Madina Alexander  Girl Masturbating Vibrator Squirting Solo Female Masturbation HD Porn  xHamster_141s.mp4
2026-09-01 00:00:03,750 [INFO] Tab1 extract from: C:\Users\Andrew Baines\AppData\Local\Temp\gradio\51e458cd2012f24ed430e006d53b1354896a15cd1491a29d3af6c2873a7bd5ee\Girl Masturbates with Huge Dildo and Squirts Closeup feat Madina Alexander  Girl Masturbating Vibrator Squirting Solo Female Masturbation HD Porn  xHamster.mp4  start=139  length=5
2026-09-01 00:00:03,754 [INFO] Probing: C:\Users\Andrew Baines\AppData\Local\Temp\gradio\51e458cd2012f24ed430e006d53b1354896a15cd1491a29d3af6c2873a7bd5ee\Girl Masturbates with Huge Dildo and Squirts Closeup feat Madina Alexander  Girl Masturbating Vibrator Squirting Solo Female Masturbation HD Porn  xHamster.mp4
2026-09-01 00:00:03,754 [DEBUG] cmd: F:\Githubrepostotest\Dragon Diffusion Video Prep\venv\Lib\site-packages\static_ffmpeg\bin\win32\ffprobe.EXE -v error -select_streams v:0 -show_entries stream=width,height,r_frame_rate,duration -of csv=p=0 C:\Users\Andrew Baines\AppData\Local\Temp\gradio\51e458cd2012f24ed430e006d53b1354896a15cd1491a29d3af6c2873a7bd5ee\Girl Masturbates with Huge Dildo and Squirts Closeup feat Madina Alexander  Girl Masturbating Vibrator Squirting Solo Female Masturbation HD Porn  xHamster.mp4
2026-09-01 00:00:03,778 [DEBUG] stdout: '854,480,30/1,327.833333\n'  stderr: ''
2026-09-01 00:00:03,779 [INFO]   -> 854x480 @ 30.000fps  327.83s
2026-09-01 00:00:03,779 [INFO] ffmpeg: F:\Githubrepostotest\Dragon Diffusion Video Prep\venv\Lib\site-packages\static_ffmpeg\bin\win32\ffmpeg.EXE -y -ss 139.0 -to 144.0 -i C:\Users\Andrew Baines\AppData\Local\Temp\gradio\51e458cd2012f24ed430e006d53b1354896a15cd1491a29d3af6c2873a7bd5ee\Girl Masturbates with Huge Dildo and Squirts Closeup feat Madina Alexander  Girl Masturbating Vibrator Squirting Solo Female Masturbation HD Porn  xHamster.mp4 -vf scale=768:432,fps=25.0 -c:v libx264 -crf 18 -preset slow -c:a aac -b:a 192k F:\Githubrepostotest\Dragon Diffusion Video Prep\output\clip_Girl Masturbates with Huge Dildo and Squirts Closeup feat Madina Alexander  Girl Masturbating Vibrator Squirting Solo Female Masturbation HD Porn  xHamster_139s.mp4
2026-09-01 00:00:04,253 [INFO] ffmpeg OK.
2026-09-01 00:00:04,253 [INFO] Done.
Input:  854x480 @ 30.00fps
Output: 768x432 @ 25.00fps
Clip:   139.0s → 144.0s  (5.0s)
Saved:  F:\Githubrepostotest\Dragon Diffusion Video Prep\output\clip_Girl Masturbates with Huge Dildo and Squirts Closeup feat Madina Alexander  Girl Masturbating Vibrator Squirting Solo Female Masturbation HD Porn  xHamster_139s.mp4
2026-09-01 00:00:29,468 [INFO] Tab1 upload received: C:\Users\Andrew Baines\AppData\Local\Temp\gradio\1ff7cf5df588a6e813968df9ecb3ee5bd2242c9b38cde73d69fb14c348f612b2\Hi Lets Get to Know Each Other Better feat Lucent  Dildo Solo Babe Big Ass Big Tits HD Porn  xHamster.mp4
2026-09-01 00:00:29,468 [INFO] Probing: C:\Users\Andrew Baines\AppData\Local\Temp\gradio\1ff7cf5df588a6e813968df9ecb3ee5bd2242c9b38cde73d69fb14c348f612b2\Hi Lets Get to Know Each Other Better feat Lucent  Dildo Solo Babe Big Ass Big Tits HD Porn  xHamster.mp4
2026-09-01 00:00:29,469 [DEBUG] cmd: F:\Githubrepostotest\Dragon Diffusion Video Prep\venv\Lib\site-packages\static_ffmpeg\bin\win32\ffprobe.EXE -v error -select_streams v:0 -show_entries stream=width,height,r_frame_rate,duration -of csv=p=0 C:\Users\Andrew Baines\AppData\Local\Temp\gradio\1ff7cf5df588a6e813968df9ecb3ee5bd2242c9b38cde73d69fb14c348f612b2\Hi Lets Get to Know Each Other Better feat Lucent  Dildo Solo Babe Big Ass Big Tits HD Porn  xHamster.mp4
2026-09-01 00:00:29,518 [DEBUG] stdout: '1438,720,30/1,402.333333\n'  stderr: ''
2026-09-01 00:00:29,518 [INFO]   -> 1438x720 @ 30.000fps  402.33s
2026-09-01 00:01:01,216 [INFO] Tab1 extract from: C:\Users\Andrew Baines\AppData\Local\Temp\gradio\1ff7cf5df588a6e813968df9ecb3ee5bd2242c9b38cde73d69fb14c348f612b2\Hi Lets Get to Know Each Other Better feat Lucent  Dildo Solo Babe Big Ass Big Tits HD Porn  xHamster.mp4  start=199  length=5
2026-09-01 00:01:01,216 [INFO] Probing: C:\Users\Andrew Baines\AppData\Local\Temp\gradio\1ff7cf5df588a6e813968df9ecb3ee5bd2242c9b38cde73d69fb14c348f612b2\Hi Lets Get to Know Each Other Better feat Lucent  Dildo Solo Babe Big Ass Big Tits HD Porn  xHamster.mp4
2026-09-01 00:01:01,216 [DEBUG] cmd: F:\Githubrepostotest\Dragon Diffusion Video Prep\venv\Lib\site-packages\static_ffmpeg\bin\win32\ffprobe.EXE -v error -select_streams v:0 -show_entries stream=width,height,r_frame_rate,duration -of csv=p=0 C:\Users\Andrew Baines\AppData\Local\Temp\gradio\1ff7cf5df588a6e813968df9ecb3ee5bd2242c9b38cde73d69fb14c348f612b2\Hi Lets Get to Know Each Other Better feat Lucent  Dildo Solo Babe Big Ass Big Tits HD Porn  xHamster.mp4
2026-09-01 00:01:01,248 [DEBUG] stdout: '1438,720,30/1,402.333333\n'  stderr: ''
2026-09-01 00:01:01,248 [INFO]   -> 1438x720 @ 30.000fps  402.33s
2026-09-01 00:01:01,248 [INFO] ffmpeg: F:\Githubrepostotest\Dragon Diffusion Video Prep\venv\Lib\site-packages\static_ffmpeg\bin\win32\ffmpeg.EXE -y -ss 199.0 -to 204.0 -i C:\Users\Andrew Baines\AppData\Local\Temp\gradio\1ff7cf5df588a6e813968df9ecb3ee5bd2242c9b38cde73d69fb14c348f612b2\Hi Lets Get to Know Each Other Better feat Lucent  Dildo Solo Babe Big Ass Big Tits HD Porn  xHamster.mp4 -vf scale=768:384,fps=25.0 -c:v libx264 -crf 18 -preset slow -c:a aac -b:a 192k F:\Githubrepostotest\Dragon Diffusion Video Prep\output\clip_Hi Lets Get to Know Each Other Better feat Lucent  Dildo Solo Babe Big Ass Big Tits HD Porn  xHamster_199s.mp4
2026-09-01 00:01:01,816 [INFO] ffmpeg OK.
2026-09-01 00:01:01,816 [INFO] Done.
Input:  1438x720 @ 30.00fps
Output: 768x384 @ 25.00fps
Clip:   199.0s → 204.0s  (5.0s)
Saved:  F:\Githubrepostotest\Dragon Diffusion Video Prep\output\clip_Hi Lets Get to Know Each Other Better feat Lucent  Dildo Solo Babe Big Ass Big Tits HD Porn  xHamster_199s.mp4
2026-09-01 00:01:24,514 [INFO] Tab1 upload received: C:\Users\Andrew Baines\AppData\Local\Temp\gradio\ed5be2b38fe36caa5019705e04c708a658dc37480c69c6c0331a7a20439b7655\Home Video of an 18 Year Old Asian Woman feat karina_lin  Kazakh Petite Dildo Tits Blonde HD Porn  xHamster.mp4
2026-09-01 00:01:24,514 [INFO] Probing: C:\Users\Andrew Baines\AppData\Local\Temp\gradio\ed5be2b38fe36caa5019705e04c708a658dc37480c69c6c0331a7a20439b7655\Home Video of an 18 Year Old Asian Woman feat karina_lin  Kazakh Petite Dildo Tits Blonde HD Porn  xHamster.mp4
2026-09-01 00:01:24,518 [DEBUG] cmd: F:\Githubrepostotest\Dragon Diffusion Video Prep\venv\Lib\site-packages\static_ffmpeg\bin\win32\ffprobe.EXE -v error -select_streams v:0 -show_entries stream=width,height,r_frame_rate,duration -of csv=p=0 C:\Users\Andrew Baines\AppData\Local\Temp\gradio\ed5be2b38fe36caa5019705e04c708a658dc37480c69c6c0331a7a20439b7655\Home Video of an 18 Year Old Asian Woman feat karina_lin  Kazakh Petite Dildo Tits Blonde HD Porn  xHamster.mp4
2026-09-01 00:01:24,573 [DEBUG] stdout: '720,1280,60/1,441.950000\n'  stderr: ''
2026-09-01 00:01:24,575 [INFO]   -> 720x1280 @ 60.000fps  441.95s
2026-09-01 00:01:57,628 [INFO] Tab1 extract from: C:\Users\Andrew Baines\AppData\Local\Temp\gradio\ed5be2b38fe36caa5019705e04c708a658dc37480c69c6c0331a7a20439b7655\Home Video of an 18 Year Old Asian Woman feat karina_lin  Kazakh Petite Dildo Tits Blonde HD Porn  xHamster.mp4  start=295  length=5
2026-09-01 00:01:57,628 [INFO] Probing: C:\Users\Andrew Baines\AppData\Local\Temp\gradio\ed5be2b38fe36caa5019705e04c708a658dc37480c69c6c0331a7a20439b7655\Home Video of an 18 Year Old Asian Woman feat karina_lin  Kazakh Petite Dildo Tits Blonde HD Porn  xHamster.mp4
2026-09-01 00:01:57,628 [DEBUG] cmd: F:\Githubrepostotest\Dragon Diffusion Video Prep\venv\Lib\site-packages\static_ffmpeg\bin\win32\ffprobe.EXE -v error -select_streams v:0 -show_entries stream=width,height,r_frame_rate,duration -of csv=p=0 C:\Users\Andrew Baines\AppData\Local\Temp\gradio\ed5be2b38fe36caa5019705e04c708a658dc37480c69c6c0331a7a20439b7655\Home Video of an 18 Year Old Asian Woman feat karina_lin  Kazakh Petite Dildo Tits Blonde HD Porn  xHamster.mp4
2026-09-01 00:01:57,652 [DEBUG] stdout: '720,1280,60/1,441.950000\n'  stderr: ''
2026-09-01 00:01:57,653 [INFO]   -> 720x1280 @ 60.000fps  441.95s
2026-09-01 00:01:57,653 [INFO] ffmpeg: F:\Githubrepostotest\Dragon Diffusion Video Prep\venv\Lib\site-packages\static_ffmpeg\bin\win32\ffmpeg.EXE -y -ss 295.0 -to 300.0 -i C:\Users\Andrew Baines\AppData\Local\Temp\gradio\ed5be2b38fe36caa5019705e04c708a658dc37480c69c6c0331a7a20439b7655\Home Video of an 18 Year Old Asian Woman feat karina_lin  Kazakh Petite Dildo Tits Blonde HD Porn  xHamster.mp4 -vf scale=432:768,fps=25.0 -c:v libx264 -crf 18 -preset slow -c:a aac -b:a 192k F:\Githubrepostotest\Dragon Diffusion Video Prep\output\clip_Home Video of an 18 Year Old Asian Woman feat karina_lin  Kazakh Petite Dildo Tits Blonde HD Porn  xHamster_295s.mp4
2026-09-01 00:01:58,086 [INFO] ffmpeg OK.
2026-09-01 00:01:58,087 [INFO] Done.
Input:  720x1280 @ 60.00fps
Output: 432x768 @ 25.00fps
Clip:   295.0s → 300.0s  (5.0s)
Saved:  F:\Githubrepostotest\Dragon Diffusion Video Prep\output\clip_Home Video of an 18 Year Old Asian Woman feat karina_lin  Kazakh Petite Dildo Tits Blonde HD Porn  xHamster_295s.mp4
2026-09-01 00:02:20,260 [INFO] Tab1 upload received: C:\Users\Andrew Baines\AppData\Local\Temp\gradio\41aada8c13bcb368b826046408add878843f6279fb26d01f3577f3df7bd2b450\Horny Big Tit MILF Charlee Chase Stuffs Pussy With Big Black by Charlee Chase Live – Dildo, Solo, Female Masturbation, Nude HD Porn xHamster.mp4
2026-09-01 00:02:20,260 [INFO] Probing: C:\Users\Andrew Baines\AppData\Local\Temp\gradio\41aada8c13bcb368b826046408add878843f6279fb26d01f3577f3df7bd2b450\Horny Big Tit MILF Charlee Chase Stuffs Pussy With Big Black by Charlee Chase Live – Dildo, Solo, Female Masturbation, Nude HD Porn xHamster.mp4
2026-09-01 00:02:20,261 [DEBUG] cmd: F:\Githubrepostotest\Dragon Diffusion Video Prep\venv\Lib\site-packages\static_ffmpeg\bin\win32\ffprobe.EXE -v error -select_streams v:0 -show_entries stream=width,height,r_frame_rate,duration -of csv=p=0 C:\Users\Andrew Baines\AppData\Local\Temp\gradio\41aada8c13bcb368b826046408add878843f6279fb26d01f3577f3df7bd2b450\Horny Big Tit MILF Charlee Chase Stuffs Pussy With Big Black by Charlee Chase Live – Dildo, Solo, Female Masturbation, Nude HD Porn xHamster.mp4
2026-09-01 00:02:20,474 [DEBUG] stdout: '1280,720,24/1,614.763000\n'  stderr: ''
2026-09-01 00:02:20,474 [INFO]   -> 1280x720 @ 24.000fps  614.76s
2026-09-01 00:02:59,554 [INFO] Tab1 upload received: C:\Users\Andrew Baines\AppData\Local\Temp\gradio\3d98c59754909c4a3a594a0ef608acfcb30a91b7dace2e42d90bdd4fabfc9494\Horny Secretary Dirty Talk Role Play feat. Michelle Moist – Dildo, European, Blonde, Solo, Babe HD Porn xHamster.mp4
2026-09-01 00:02:59,554 [INFO] Probing: C:\Users\Andrew Baines\AppData\Local\Temp\gradio\3d98c59754909c4a3a594a0ef608acfcb30a91b7dace2e42d90bdd4fabfc9494\Horny Secretary Dirty Talk Role Play feat. Michelle Moist – Dildo, European, Blonde, Solo, Babe HD Porn xHamster.mp4
2026-09-01 00:02:59,554 [DEBUG] cmd: F:\Githubrepostotest\Dragon Diffusion Video Prep\venv\Lib\site-packages\static_ffmpeg\bin\win32\ffprobe.EXE -v error -select_streams v:0 -show_entries stream=width,height,r_frame_rate,duration -of csv=p=0 C:\Users\Andrew Baines\AppData\Local\Temp\gradio\3d98c59754909c4a3a594a0ef608acfcb30a91b7dace2e42d90bdd4fabfc9494\Horny Secretary Dirty Talk Role Play feat. Michelle Moist – Dildo, European, Blonde, Solo, Babe HD Porn xHamster.mp4
2026-09-01 00:02:59,616 [DEBUG] stdout: '1280,720,30/1,287.233333\n'  stderr: ''
2026-09-01 00:02:59,616 [INFO]   -> 1280x720 @ 30.000fps  287.23s
2026-09-01 00:03:24,085 [INFO] Tab1 extract from: C:\Users\Andrew Baines\AppData\Local\Temp\gradio\3d98c59754909c4a3a594a0ef608acfcb30a91b7dace2e42d90bdd4fabfc9494\Horny Secretary Dirty Talk Role Play feat. Michelle Moist – Dildo, European, Blonde, Solo, Babe HD Porn xHamster.mp4  start=240  length=5
2026-09-01 00:03:24,085 [INFO] Probing: C:\Users\Andrew Baines\AppData\Local\Temp\gradio\3d98c59754909c4a3a594a0ef608acfcb30a91b7dace2e42d90bdd4fabfc9494\Horny Secretary Dirty Talk Role Play feat. Michelle Moist – Dildo, European, Blonde, Solo, Babe HD Porn xHamster.mp4
2026-09-01 00:03:24,085 [DEBUG] cmd: F:\Githubrepostotest\Dragon Diffusion Video Prep\venv\Lib\site-packages\static_ffmpeg\bin\win32\ffprobe.EXE -v error -select_streams v:0 -show_entries stream=width,height,r_frame_rate,duration -of csv=p=0 C:\Users\Andrew Baines\AppData\Local\Temp\gradio\3d98c59754909c4a3a594a0ef608acfcb30a91b7dace2e42d90bdd4fabfc9494\Horny Secretary Dirty Talk Role Play feat. Michelle Moist – Dildo, European, Blonde, Solo, Babe HD Porn xHamster.mp4
2026-09-01 00:03:24,127 [DEBUG] stdout: '1280,720,30/1,287.233333\n'  stderr: ''
2026-09-01 00:03:24,127 [INFO]   -> 1280x720 @ 30.000fps  287.23s
2026-09-01 00:03:24,127 [INFO] ffmpeg: F:\Githubrepostotest\Dragon Diffusion Video Prep\venv\Lib\site-packages\static_ffmpeg\bin\win32\ffmpeg.EXE -y -ss 240.0 -to 245.0 -i C:\Users\Andrew Baines\AppData\Local\Temp\gradio\3d98c59754909c4a3a594a0ef608acfcb30a91b7dace2e42d90bdd4fabfc9494\Horny Secretary Dirty Talk Role Play feat. Michelle Moist – Dildo, European, Blonde, Solo, Babe HD Porn xHamster.mp4 -vf scale=768:432,fps=25.0 -c:v libx264 -crf 18 -preset slow -c:a aac -b:a 192k F:\Githubrepostotest\Dragon Diffusion Video Prep\output\clip_Horny Secretary Dirty Talk Role Play feat. Michelle Moist – Dildo, European, Blonde, Solo, Babe HD Porn xHamster_240s.mp4
2026-09-01 00:03:24,613 [INFO] ffmpeg OK.
2026-09-01 00:03:24,613 [INFO] Done.
Input:  1280x720 @ 30.00fps
Output: 768x432 @ 25.00fps
Clip:   240.0s → 245.0s  (5.0s)
Saved:  F:\Githubrepostotest\Dragon Diffusion Video Prep\output\clip_Horny Secretary Dirty Talk Role Play feat. Michelle Moist – Dildo, European, Blonde, Solo, Babe HD Porn xHamster_240s.mp4
2026-09-01 00:03:44,220 [INFO] Tab1 upload received: C:\Users\Andrew Baines\AppData\Local\Temp\gradio\3fd6e53e38242a043d19eaad73a9b6c2143baf29666e7d063e5b66505df81341\Hot Busty Blonde Got Oiled up and Brings Herself to Orgasm feat. SonyaGold – Socks, Beauty, Dildo, Solo, Pussy 4K Porn xHamster.mp4
2026-09-01 00:03:44,220 [INFO] Probing: C:\Users\Andrew Baines\AppData\Local\Temp\gradio\3fd6e53e38242a043d19eaad73a9b6c2143baf29666e7d063e5b66505df81341\Hot Busty Blonde Got Oiled up and Brings Herself to Orgasm feat. SonyaGold – Socks, Beauty, Dildo, Solo, Pussy 4K Porn xHamster.mp4
2026-09-01 00:03:44,221 [DEBUG] cmd: F:\Githubrepostotest\Dragon Diffusion Video Prep\venv\Lib\site-packages\static_ffmpeg\bin\win32\ffprobe.EXE -v error -select_streams v:0 -show_entries stream=width,height,r_frame_rate,duration -of csv=p=0 C:\Users\Andrew Baines\AppData\Local\Temp\gradio\3fd6e53e38242a043d19eaad73a9b6c2143baf29666e7d063e5b66505df81341\Hot Busty Blonde Got Oiled up and Brings Herself to Orgasm feat. SonyaGold – Socks, Beauty, Dildo, Solo, Pussy 4K Porn xHamster.mp4
2026-09-01 00:03:44,284 [DEBUG] stdout: '1280,720,60/1,331.605000\n'  stderr: ''
2026-09-01 00:03:44,284 [INFO]   -> 1280x720 @ 60.000fps  331.61s
2026-09-01 00:04:01,341 [INFO] Tab1 extract from: C:\Users\Andrew Baines\AppData\Local\Temp\gradio\3fd6e53e38242a043d19eaad73a9b6c2143baf29666e7d063e5b66505df81341\Hot Busty Blonde Got Oiled up and Brings Herself to Orgasm feat. SonyaGold – Socks, Beauty, Dildo, Solo, Pussy 4K Porn xHamster.mp4  start=148  length=5
2026-09-01 00:04:01,341 [INFO] Probing: C:\Users\Andrew Baines\AppData\Local\Temp\gradio\3fd6e53e38242a043d19eaad73a9b6c2143baf29666e7d063e5b66505df81341\Hot Busty Blonde Got Oiled up and Brings Herself to Orgasm feat. SonyaGold – Socks, Beauty, Dildo, Solo, Pussy 4K Porn xHamster.mp4
2026-09-01 00:04:01,342 [DEBUG] cmd: F:\Githubrepostotest\Dragon Diffusion Video Prep\venv\Lib\site-packages\static_ffmpeg\bin\win32\ffprobe.EXE -v error -select_streams v:0 -show_entries stream=width,height,r_frame_rate,duration -of csv=p=0 C:\Users\Andrew Baines\AppData\Local\Temp\gradio\3fd6e53e38242a043d19eaad73a9b6c2143baf29666e7d063e5b66505df81341\Hot Busty Blonde Got Oiled up and Brings Herself to Orgasm feat. SonyaGold – Socks, Beauty, Dildo, Solo, Pussy 4K Porn xHamster.mp4
2026-09-01 00:04:01,377 [DEBUG] stdout: '1280,720,60/1,331.605000\n'  stderr: ''
2026-09-01 00:04:01,377 [INFO]   -> 1280x720 @ 60.000fps  331.61s
2026-09-01 00:04:01,377 [INFO] ffmpeg: F:\Githubrepostotest\Dragon Diffusion Video Prep\venv\Lib\site-packages\static_ffmpeg\bin\win32\ffmpeg.EXE -y -ss 148.0 -to 153.0 -i C:\Users\Andrew Baines\AppData\Local\Temp\gradio\3fd6e53e38242a043d19eaad73a9b6c2143baf29666e7d063e5b66505df81341\Hot Busty Blonde Got Oiled up and Brings Herself to Orgasm feat. SonyaGold – Socks, Beauty, Dildo, Solo, Pussy 4K Porn xHamster.mp4 -vf scale=768:432,fps=25.0 -c:v libx264 -crf 18 -preset slow -c:a aac -b:a 192k F:\Githubrepostotest\Dragon Diffusion Video Prep\output\clip_Hot Busty Blonde Got Oiled up and Brings Herself to Orgasm feat. SonyaGold – Socks, Beauty, Dildo, Solo, Pussy 4K Porn xHamster_148s.mp4
2026-09-01 00:04:02,189 [INFO] ffmpeg OK.
2026-09-01 00:04:02,189 [INFO] Done.
Input:  1280x720 @ 60.00fps
Output: 768x432 @ 25.00fps
Clip:   148.0s → 153.0s  (5.0s)
Saved:  F:\Githubrepostotest\Dragon Diffusion Video Prep\output\clip_Hot Busty Blonde Got Oiled up and Brings Herself to Orgasm feat. SonyaGold – Socks, Beauty, Dildo, Solo, Pussy 4K Porn xHamster_148s.mp4
2026-09-01 00:04:36,169 [INFO] Tab1 upload received: C:\Users\Andrew Baines\AppData\Local\Temp\gradio\f3363d0cfb796d98db13927cf40214dfc95c93a6b9557f5736512bd2acdde1f8\Huge dildo pushing in wet skinny teen pussy feat. Saradimond – Tight Pussy, European, Fingering, Orgasm, Blonde HD Porn xHamster.mp4
2026-09-01 00:04:36,169 [INFO] Probing: C:\Users\Andrew Baines\AppData\Local\Temp\gradio\f3363d0cfb796d98db13927cf40214dfc95c93a6b9557f5736512bd2acdde1f8\Huge dildo pushing in wet skinny teen pussy feat. Saradimond – Tight Pussy, European, Fingering, Orgasm, Blonde HD Porn xHamster.mp4
2026-09-01 00:04:36,169 [DEBUG] cmd: F:\Githubrepostotest\Dragon Diffusion Video Prep\venv\Lib\site-packages\static_ffmpeg\bin\win32\ffprobe.EXE -v error -select_streams v:0 -show_entries stream=width,height,r_frame_rate,duration -of csv=p=0 C:\Users\Andrew Baines\AppData\Local\Temp\gradio\f3363d0cfb796d98db13927cf40214dfc95c93a6b9557f5736512bd2acdde1f8\Huge dildo pushing in wet skinny teen pussy feat. Saradimond – Tight Pussy, European, Fingering, Orgasm, Blonde HD Porn xHamster.mp4
2026-09-01 00:04:36,254 [DEBUG] stdout: '1280,720,30/1,637.423000\n'  stderr: ''
2026-09-01 00:04:36,254 [INFO]   -> 1280x720 @ 30.000fps  637.42s
2026-09-01 00:04:49,978 [INFO] Tab1 extract from: C:\Users\Andrew Baines\AppData\Local\Temp\gradio\f3363d0cfb796d98db13927cf40214dfc95c93a6b9557f5736512bd2acdde1f8\Huge dildo pushing in wet skinny teen pussy feat. Saradimond – Tight Pussy, European, Fingering, Orgasm, Blonde HD Porn xHamster.mp4  start=125  length=5
2026-09-01 00:04:49,978 [INFO] Probing: C:\Users\Andrew Baines\AppData\Local\Temp\gradio\f3363d0cfb796d98db13927cf40214dfc95c93a6b9557f5736512bd2acdde1f8\Huge dildo pushing in wet skinny teen pussy feat. Saradimond – Tight Pussy, European, Fingering, Orgasm, Blonde HD Porn xHamster.mp4
2026-09-01 00:04:49,978 [DEBUG] cmd: F:\Githubrepostotest\Dragon Diffusion Video Prep\venv\Lib\site-packages\static_ffmpeg\bin\win32\ffprobe.EXE -v error -select_streams v:0 -show_entries stream=width,height,r_frame_rate,duration -of csv=p=0 C:\Users\Andrew Baines\AppData\Local\Temp\gradio\f3363d0cfb796d98db13927cf40214dfc95c93a6b9557f5736512bd2acdde1f8\Huge dildo pushing in wet skinny teen pussy feat. Saradimond – Tight Pussy, European, Fingering, Orgasm, Blonde HD Porn xHamster.mp4
2026-09-01 00:04:50,030 [DEBUG] stdout: '1280,720,30/1,637.423000\n'  stderr: ''
2026-09-01 00:04:50,034 [INFO]   -> 1280x720 @ 30.000fps  637.42s
2026-09-01 00:04:50,034 [INFO] ffmpeg: F:\Githubrepostotest\Dragon Diffusion Video Prep\venv\Lib\site-packages\static_ffmpeg\bin\win32\ffmpeg.EXE -y -ss 125.0 -to 130.0 -i C:\Users\Andrew Baines\AppData\Local\Temp\gradio\f3363d0cfb796d98db13927cf40214dfc95c93a6b9557f5736512bd2acdde1f8\Huge dildo pushing in wet skinny teen pussy feat. Saradimond – Tight Pussy, European, Fingering, Orgasm, Blonde HD Porn xHamster.mp4 -vf scale=768:432,fps=25.0 -c:v libx264 -crf 18 -preset slow -c:a aac -b:a 192k F:\Githubrepostotest\Dragon Diffusion Video Prep\output\clip_Huge dildo pushing in wet skinny teen pussy feat. Saradimond – Tight Pussy, European, Fingering, Orgasm, Blonde HD Porn xHamster_125s.mp4
2026-09-01 00:04:50,704 [INFO] ffmpeg OK.
2026-09-01 00:04:50,704 [INFO] Done.
Input:  1280x720 @ 30.00fps
Output: 768x432 @ 25.00fps
Clip:   125.0s → 130.0s  (5.0s)
Saved:  F:\Githubrepostotest\Dragon Diffusion Video Prep\output\clip_Huge dildo pushing in wet skinny teen pussy feat. Saradimond – Tight Pussy, European, Fingering, Orgasm, Blonde HD Porn xHamster_125s.mp4
2026-09-01 00:05:11,520 [INFO] Tab1 upload received: C:\Users\Andrew Baines\AppData\Local\Temp\gradio\bce28513753e0d152a6b48f8bcfbeebd36c74a162d0d2137e1c44652f2bff7d8\I play with my pussy just to make your cock HARD I think it'll fit perfectly inside my tight pussy feat. Alexia Lex – Girl Masturbating, Big Clit, Softcore, Squirting, Dildo HD Porn xHamster.mp4
2026-09-01 00:05:11,521 [INFO] Probing: C:\Users\Andrew Baines\AppData\Local\Temp\gradio\bce28513753e0d152a6b48f8bcfbeebd36c74a162d0d2137e1c44652f2bff7d8\I play with my pussy just to make your cock HARD I think it'll fit perfectly inside my tight pussy feat. Alexia Lex – Girl Masturbating, Big Clit, Softcore, Squirting, Dildo HD Porn xHamster.mp4
2026-09-01 00:05:11,521 [DEBUG] cmd: F:\Githubrepostotest\Dragon Diffusion Video Prep\venv\Lib\site-packages\static_ffmpeg\bin\win32\ffprobe.EXE -v error -select_streams v:0 -show_entries stream=width,height,r_frame_rate,duration -of csv=p=0 C:\Users\Andrew Baines\AppData\Local\Temp\gradio\bce28513753e0d152a6b48f8bcfbeebd36c74a162d0d2137e1c44652f2bff7d8\I play with my pussy just to make your cock HARD I think it'll fit perfectly inside my tight pussy feat. Alexia Lex – Girl Masturbating, Big Clit, Softcore, Squirting, Dildo HD Porn xHamster.mp4
2026-09-01 00:05:11,675 [DEBUG] stdout: '1280,720,60/1,615.142000\n'  stderr: ''
2026-09-01 00:05:11,675 [INFO]   -> 1280x720 @ 60.000fps  615.14s
2026-09-01 00:05:38,029 [INFO] Tab1 extract from: C:\Users\Andrew Baines\AppData\Local\Temp\gradio\bce28513753e0d152a6b48f8bcfbeebd36c74a162d0d2137e1c44652f2bff7d8\I play with my pussy just to make your cock HARD I think it'll fit perfectly inside my tight pussy feat. Alexia Lex – Girl Masturbating, Big Clit, Softcore, Squirting, Dildo HD Porn xHamster.mp4  start=450  length=5
2026-09-01 00:05:38,029 [INFO] Probing: C:\Users\Andrew Baines\AppData\Local\Temp\gradio\bce28513753e0d152a6b48f8bcfbeebd36c74a162d0d2137e1c44652f2bff7d8\I play with my pussy just to make your cock HARD I think it'll fit perfectly inside my tight pussy feat. Alexia Lex – Girl Masturbating, Big Clit, Softcore, Squirting, Dildo HD Porn xHamster.mp4
2026-09-01 00:05:38,029 [DEBUG] cmd: F:\Githubrepostotest\Dragon Diffusion Video Prep\venv\Lib\site-packages\static_ffmpeg\bin\win32\ffprobe.EXE -v error -select_streams v:0 -show_entries stream=width,height,r_frame_rate,duration -of csv=p=0 C:\Users\Andrew Baines\AppData\Local\Temp\gradio\bce28513753e0d152a6b48f8bcfbeebd36c74a162d0d2137e1c44652f2bff7d8\I play with my pussy just to make your cock HARD I think it'll fit perfectly inside my tight pussy feat. Alexia Lex – Girl Masturbating, Big Clit, Softcore, Squirting, Dildo HD Porn xHamster.mp4
2026-09-01 00:05:38,107 [DEBUG] stdout: '1280,720,60/1,615.142000\n'  stderr: ''
2026-09-01 00:05:38,108 [INFO]   -> 1280x720 @ 60.000fps  615.14s
2026-09-01 00:05:38,108 [INFO] ffmpeg: F:\Githubrepostotest\Dragon Diffusion Video Prep\venv\Lib\site-packages\static_ffmpeg\bin\win32\ffmpeg.EXE -y -ss 450.0 -to 455.0 -i C:\Users\Andrew Baines\AppData\Local\Temp\gradio\bce28513753e0d152a6b48f8bcfbeebd36c74a162d0d2137e1c44652f2bff7d8\I play with my pussy just to make your cock HARD I think it'll fit perfectly inside my tight pussy feat. Alexia Lex – Girl Masturbating, Big Clit, Softcore, Squirting, Dildo HD Porn xHamster.mp4 -vf scale=768:432,fps=25.0 -c:v libx264 -crf 18 -preset slow -c:a aac -b:a 192k F:\Githubrepostotest\Dragon Diffusion Video Prep\output\clip_I play with my pussy just to make your cock HARD I think it'll fit perfectly inside my tight pussy feat. Alexia Lex – Girl Masturbating, Big Clit, Softcore, Squirting, Dildo HD Porn xHamster_450s.mp4
2026-09-01 00:05:38,925 [INFO] ffmpeg OK.
2026-09-01 00:05:38,925 [INFO] Done.
Input:  1280x720 @ 60.00fps
Output: 768x432 @ 25.00fps
Clip:   450.0s → 455.0s  (5.0s)
Saved:  F:\Githubrepostotest\Dragon Diffusion Video Prep\output\clip_I play with my pussy just to make your cock HARD I think it'll fit perfectly inside my tight pussy feat. Alexia Lex – Girl Masturbating, Big Clit, Softcore, Squirting, Dildo HD Porn xHamster_450s.mp4
2026-09-01 00:05:58,514 [INFO] Tab1 upload received: C:\Users\Andrew Baines\AppData\Local\Temp\gradio\a9cca0fbf79d30d87cbc262a10a1b49332c12e3fda5587443167a9acf549a570\Imagine how your dick slides in my pussy feat. Katrin20 – Girl Masturbating, Bisexual, Tight Pussy, Dildo, European HD Porn xHamster.mp4
2026-09-01 00:05:58,516 [INFO] Probing: C:\Users\Andrew Baines\AppData\Local\Temp\gradio\a9cca0fbf79d30d87cbc262a10a1b49332c12e3fda5587443167a9acf549a570\Imagine how your dick slides in my pussy feat. Katrin20 – Girl Masturbating, Bisexual, Tight Pussy, Dildo, European HD Porn xHamster.mp4
2026-09-01 00:05:58,516 [DEBUG] cmd: F:\Githubrepostotest\Dragon Diffusion Video Prep\venv\Lib\site-packages\static_ffmpeg\bin\win32\ffprobe.EXE -v error -select_streams v:0 -show_entries stream=width,height,r_frame_rate,duration -of csv=p=0 C:\Users\Andrew Baines\AppData\Local\Temp\gradio\a9cca0fbf79d30d87cbc262a10a1b49332c12e3fda5587443167a9acf549a570\Imagine how your dick slides in my pussy feat. Katrin20 – Girl Masturbating, Bisexual, Tight Pussy, Dildo, European HD Porn xHamster.mp4
2026-09-01 00:05:58,593 [DEBUG] stdout: '1920,1080,30/1,322.967000\n'  stderr: ''
2026-09-01 00:05:58,593 [INFO]   -> 1920x1080 @ 30.000fps  322.97s
2026-09-01 00:06:22,880 [INFO] Tab1 extract from: C:\Users\Andrew Baines\AppData\Local\Temp\gradio\a9cca0fbf79d30d87cbc262a10a1b49332c12e3fda5587443167a9acf549a570\Imagine how your dick slides in my pussy feat. Katrin20 – Girl Masturbating, Bisexual, Tight Pussy, Dildo, European HD Porn xHamster.mp4  start=137  length=5
2026-09-01 00:06:22,880 [INFO] Probing: C:\Users\Andrew Baines\AppData\Local\Temp\gradio\a9cca0fbf79d30d87cbc262a10a1b49332c12e3fda5587443167a9acf549a570\Imagine how your dick slides in my pussy feat. Katrin20 – Girl Masturbating, Bisexual, Tight Pussy, Dildo, European HD Porn xHamster.mp4
2026-09-01 00:06:22,880 [DEBUG] cmd: F:\Githubrepostotest\Dragon Diffusion Video Prep\venv\Lib\site-packages\static_ffmpeg\bin\win32\ffprobe.EXE -v error -select_streams v:0 -show_entries stream=width,height,r_frame_rate,duration -of csv=p=0 C:\Users\Andrew Baines\AppData\Local\Temp\gradio\a9cca0fbf79d30d87cbc262a10a1b49332c12e3fda5587443167a9acf549a570\Imagine how your dick slides in my pussy feat. Katrin20 – Girl Masturbating, Bisexual, Tight Pussy, Dildo, European HD Porn xHamster.mp4
2026-09-01 00:06:22,939 [DEBUG] stdout: '1920,1080,30/1,322.967000\n'  stderr: ''
2026-09-01 00:06:22,939 [INFO]   -> 1920x1080 @ 30.000fps  322.97s
2026-09-01 00:06:22,939 [INFO] ffmpeg: F:\Githubrepostotest\Dragon Diffusion Video Prep\venv\Lib\site-packages\static_ffmpeg\bin\win32\ffmpeg.EXE -y -ss 137.0 -to 142.0 -i C:\Users\Andrew Baines\AppData\Local\Temp\gradio\a9cca0fbf79d30d87cbc262a10a1b49332c12e3fda5587443167a9acf549a570\Imagine how your dick slides in my pussy feat. Katrin20 – Girl Masturbating, Bisexual, Tight Pussy, Dildo, European HD Porn xHamster.mp4 -vf scale=768:432,fps=25.0 -c:v libx264 -crf 18 -preset slow -c:a aac -b:a 192k F:\Githubrepostotest\Dragon Diffusion Video Prep\output\clip_Imagine how your dick slides in my pussy feat. Katrin20 – Girl Masturbating, Bisexual, Tight Pussy, Dildo, European HD Porn xHamster_137s.mp4
2026-09-01 00:06:23,839 [INFO] ffmpeg OK.
2026-09-01 00:06:23,839 [INFO] Done.
Input:  1920x1080 @ 30.00fps
Output: 768x432 @ 25.00fps
Clip:   137.0s → 142.0s  (5.0s)
Saved:  F:\Githubrepostotest\Dragon Diffusion Video Prep\output\clip_Imagine how your dick slides in my pussy feat. Katrin20 – Girl Masturbating, Bisexual, Tight Pussy, Dildo, European HD Porn xHamster_137s.mp4
2026-09-01 00:06:46,369 [INFO] Tab1 upload received: C:\Users\Andrew Baines\AppData\Local\Temp\gradio\1c87225b246fc9814d84801e1fee797d127fb13a20033e73d04c2c5f8648f009\Masturbation After a Long Abstination feat AnnaReyBlonde Barbie Luna  Compilation Dildo Blonde Solo Babe HD Porn  xHamster.mp4
2026-09-01 00:06:46,370 [INFO] Probing: C:\Users\Andrew Baines\AppData\Local\Temp\gradio\1c87225b246fc9814d84801e1fee797d127fb13a20033e73d04c2c5f8648f009\Masturbation After a Long Abstination feat AnnaReyBlonde Barbie Luna  Compilation Dildo Blonde Solo Babe HD Porn  xHamster.mp4
2026-09-01 00:06:46,370 [DEBUG] cmd: F:\Githubrepostotest\Dragon Diffusion Video Prep\venv\Lib\site-packages\static_ffmpeg\bin\win32\ffprobe.EXE -v error -select_streams v:0 -show_entries stream=width,height,r_frame_rate,duration -of csv=p=0 C:\Users\Andrew Baines\AppData\Local\Temp\gradio\1c87225b246fc9814d84801e1fee797d127fb13a20033e73d04c2c5f8648f009\Masturbation After a Long Abstination feat AnnaReyBlonde Barbie Luna  Compilation Dildo Blonde Solo Babe HD Porn  xHamster.mp4
2026-09-01 00:06:46,420 [DEBUG] stdout: '1520,720,45/1,492.111111\n'  stderr: ''
2026-09-01 00:06:46,420 [INFO]   -> 1520x720 @ 45.000fps  492.11s
2026-09-01 00:07:09,325 [INFO] Tab1 extract from: C:\Users\Andrew Baines\AppData\Local\Temp\gradio\1c87225b246fc9814d84801e1fee797d127fb13a20033e73d04c2c5f8648f009\Masturbation After a Long Abstination feat AnnaReyBlonde Barbie Luna  Compilation Dildo Blonde Solo Babe HD Porn  xHamster.mp4  start=120  length=5
2026-09-01 00:07:09,325 [INFO] Probing: C:\Users\Andrew Baines\AppData\Local\Temp\gradio\1c87225b246fc9814d84801e1fee797d127fb13a20033e73d04c2c5f8648f009\Masturbation After a Long Abstination feat AnnaReyBlonde Barbie Luna  Compilation Dildo Blonde Solo Babe HD Porn  xHamster.mp4
2026-09-01 00:07:09,325 [DEBUG] cmd: F:\Githubrepostotest\Dragon Diffusion Video Prep\venv\Lib\site-packages\static_ffmpeg\bin\win32\ffprobe.EXE -v error -select_streams v:0 -show_entries stream=width,height,r_frame_rate,duration -of csv=p=0 C:\Users\Andrew Baines\AppData\Local\Temp\gradio\1c87225b246fc9814d84801e1fee797d127fb13a20033e73d04c2c5f8648f009\Masturbation After a Long Abstination feat AnnaReyBlonde Barbie Luna  Compilation Dildo Blonde Solo Babe HD Porn  xHamster.mp4
2026-09-01 00:07:09,355 [DEBUG] stdout: '1520,720,45/1,492.111111\n'  stderr: ''
2026-09-01 00:07:09,355 [INFO]   -> 1520x720 @ 45.000fps  492.11s
2026-09-01 00:07:09,355 [INFO] ffmpeg: F:\Githubrepostotest\Dragon Diffusion Video Prep\venv\Lib\site-packages\static_ffmpeg\bin\win32\ffmpeg.EXE -y -ss 120.0 -to 125.0 -i C:\Users\Andrew Baines\AppData\Local\Temp\gradio\1c87225b246fc9814d84801e1fee797d127fb13a20033e73d04c2c5f8648f009\Masturbation After a Long Abstination feat AnnaReyBlonde Barbie Luna  Compilation Dildo Blonde Solo Babe HD Porn  xHamster.mp4 -vf scale=768:364,fps=25.0 -c:v libx264 -crf 18 -preset slow -c:a aac -b:a 192k F:\Githubrepostotest\Dragon Diffusion Video Prep\output\clip_Masturbation After a Long Abstination feat AnnaReyBlonde Barbie Luna  Compilation Dildo Blonde Solo Babe HD Porn  xHamster_120s.mp4
2026-09-01 00:07:09,760 [INFO] ffmpeg OK.
2026-09-01 00:07:09,762 [INFO] Done.
Input:  1520x720 @ 45.00fps
Output: 768x364 @ 25.00fps
Clip:   120.0s → 125.0s  (5.0s)
Saved:  F:\Githubrepostotest\Dragon Diffusion Video Prep\output\clip_Masturbation After a Long Abstination feat AnnaReyBlonde Barbie Luna  Compilation Dildo Blonde Solo Babe HD Porn  xHamster_120s.mp4
2026-09-01 00:07:17,733 [INFO] Tab1 upload received: C:\Users\Andrew Baines\AppData\Local\Temp\gradio\143df8778debb547ac56b7d29117a5d6468b8211517f77b10024cd5f87db593a\Morning Masturbation Ends in a Powerful Orgasm I Stroke My Tight Pussy feat. MayaCute – Indonesian, Squirting, 18 Year Old, Asian, Solo Porn xHamster.mp4
2026-09-01 00:07:17,734 [INFO] Probing: C:\Users\Andrew Baines\AppData\Local\Temp\gradio\143df8778debb547ac56b7d29117a5d6468b8211517f77b10024cd5f87db593a\Morning Masturbation Ends in a Powerful Orgasm I Stroke My Tight Pussy feat. MayaCute – Indonesian, Squirting, 18 Year Old, Asian, Solo Porn xHamster.mp4
2026-09-01 00:07:17,735 [DEBUG] cmd: F:\Githubrepostotest\Dragon Diffusion Video Prep\venv\Lib\site-packages\static_ffmpeg\bin\win32\ffprobe.EXE -v error -select_streams v:0 -show_entries stream=width,height,r_frame_rate,duration -of csv=p=0 C:\Users\Andrew Baines\AppData\Local\Temp\gradio\143df8778debb547ac56b7d29117a5d6468b8211517f77b10024cd5f87db593a\Morning Masturbation Ends in a Powerful Orgasm I Stroke My Tight Pussy feat. MayaCute – Indonesian, Squirting, 18 Year Old, Asian, Solo Porn xHamster.mp4
2026-09-01 00:07:17,796 [DEBUG] stdout: '640,480,60/1,313.382000\n'  stderr: ''
2026-09-01 00:07:17,796 [INFO]   -> 640x480 @ 60.000fps  313.38s
2026-09-01 00:07:30,054 [INFO] Tab1 extract from: C:\Users\Andrew Baines\AppData\Local\Temp\gradio\143df8778debb547ac56b7d29117a5d6468b8211517f77b10024cd5f87db593a\Morning Masturbation Ends in a Powerful Orgasm I Stroke My Tight Pussy feat. MayaCute – Indonesian, Squirting, 18 Year Old, Asian, Solo Porn xHamster.mp4  start=56  length=5
2026-09-01 00:07:30,055 [INFO] Probing: C:\Users\Andrew Baines\AppData\Local\Temp\gradio\143df8778debb547ac56b7d29117a5d6468b8211517f77b10024cd5f87db593a\Morning Masturbation Ends in a Powerful Orgasm I Stroke My Tight Pussy feat. MayaCute – Indonesian, Squirting, 18 Year Old, Asian, Solo Porn xHamster.mp4
2026-09-01 00:07:30,055 [DEBUG] cmd: F:\Githubrepostotest\Dragon Diffusion Video Prep\venv\Lib\site-packages\static_ffmpeg\bin\win32\ffprobe.EXE -v error -select_streams v:0 -show_entries stream=width,height,r_frame_rate,duration -of csv=p=0 C:\Users\Andrew Baines\AppData\Local\Temp\gradio\143df8778debb547ac56b7d29117a5d6468b8211517f77b10024cd5f87db593a\Morning Masturbation Ends in a Powerful Orgasm I Stroke My Tight Pussy feat. MayaCute – Indonesian, Squirting, 18 Year Old, Asian, Solo Porn xHamster.mp4
2026-09-01 00:07:30,101 [DEBUG] stdout: '640,480,60/1,313.382000\n'  stderr: ''
2026-09-01 00:07:30,102 [INFO]   -> 640x480 @ 60.000fps  313.38s
2026-09-01 00:07:30,102 [INFO] ffmpeg: F:\Githubrepostotest\Dragon Diffusion Video Prep\venv\Lib\site-packages\static_ffmpeg\bin\win32\ffmpeg.EXE -y -ss 56.0 -to 61.0 -i C:\Users\Andrew Baines\AppData\Local\Temp\gradio\143df8778debb547ac56b7d29117a5d6468b8211517f77b10024cd5f87db593a\Morning Masturbation Ends in a Powerful Orgasm I Stroke My Tight Pussy feat. MayaCute – Indonesian, Squirting, 18 Year Old, Asian, Solo Porn xHamster.mp4 -vf scale=768:576,fps=25.0 -c:v libx264 -crf 18 -preset slow -c:a aac -b:a 192k F:\Githubrepostotest\Dragon Diffusion Video Prep\output\clip_Morning Masturbation Ends in a Powerful Orgasm I Stroke My Tight Pussy feat. MayaCute – Indonesian, Squirting, 18 Year Old, Asian, Solo Porn xHamster_56s.mp4
2026-09-01 00:07:30,703 [INFO] ffmpeg OK.
2026-09-01 00:07:30,703 [INFO] Done.
Input:  640x480 @ 60.00fps
Output: 768x576 @ 25.00fps
Clip:   56.0s → 61.0s  (5.0s)
Saved:  F:\Githubrepostotest\Dragon Diffusion Video Prep\output\clip_Morning Masturbation Ends in a Powerful Orgasm I Stroke My Tight Pussy feat. MayaCute – Indonesian, Squirting, 18 Year Old, Asian, Solo Porn xHamster_56s.mp4
2026-09-01 00:07:54,593 [INFO] Tab1 upload received: C:\Users\Andrew Baines\AppData\Local\Temp\gradio\6e18af8f7e5c17b403cca5ca132cf68f9b6d68feb04efc485f42bc38f30e557b\My Fantasy You and Mega Daddy Both Fuck Me feat. Danielle Renae – Cougar, Dildo, Tits, Blonde, Female Masturbation HD Porn xHamster.mp4
2026-09-01 00:07:54,593 [INFO] Probing: C:\Users\Andrew Baines\AppData\Local\Temp\gradio\6e18af8f7e5c17b403cca5ca132cf68f9b6d68feb04efc485f42bc38f30e557b\My Fantasy You and Mega Daddy Both Fuck Me feat. Danielle Renae – Cougar, Dildo, Tits, Blonde, Female Masturbation HD Porn xHamster.mp4
2026-09-01 00:07:54,593 [DEBUG] cmd: F:\Githubrepostotest\Dragon Diffusion Video Prep\venv\Lib\site-packages\static_ffmpeg\bin\win32\ffprobe.EXE -v error -select_streams v:0 -show_entries stream=width,height,r_frame_rate,duration -of csv=p=0 C:\Users\Andrew Baines\AppData\Local\Temp\gradio\6e18af8f7e5c17b403cca5ca132cf68f9b6d68feb04efc485f42bc38f30e557b\My Fantasy You and Mega Daddy Both Fuck Me feat. Danielle Renae – Cougar, Dildo, Tits, Blonde, Female Masturbation HD Porn xHamster.mp4
2026-09-01 00:07:54,696 [DEBUG] stdout: '1280,720,30/1,569.605000\n'  stderr: ''
2026-09-01 00:07:54,696 [INFO]   -> 1280x720 @ 30.000fps  569.61s
2026-09-01 00:08:41,114 [INFO] Tab1 extract from: C:\Users\Andrew Baines\AppData\Local\Temp\gradio\6e18af8f7e5c17b403cca5ca132cf68f9b6d68feb04efc485f42bc38f30e557b\My Fantasy You and Mega Daddy Both Fuck Me feat. Danielle Renae – Cougar, Dildo, Tits, Blonde, Female Masturbation HD Porn xHamster.mp4  start=235  length=5
2026-09-01 00:08:41,114 [INFO] Probing: C:\Users\Andrew Baines\AppData\Local\Temp\gradio\6e18af8f7e5c17b403cca5ca132cf68f9b6d68feb04efc485f42bc38f30e557b\My Fantasy You and Mega Daddy Both Fuck Me feat. Danielle Renae – Cougar, Dildo, Tits, Blonde, Female Masturbation HD Porn xHamster.mp4
2026-09-01 00:08:41,114 [DEBUG] cmd: F:\Githubrepostotest\Dragon Diffusion Video Prep\venv\Lib\site-packages\static_ffmpeg\bin\win32\ffprobe.EXE -v error -select_streams v:0 -show_entries stream=width,height,r_frame_rate,duration -of csv=p=0 C:\Users\Andrew Baines\AppData\Local\Temp\gradio\6e18af8f7e5c17b403cca5ca132cf68f9b6d68feb04efc485f42bc38f30e557b\My Fantasy You and Mega Daddy Both Fuck Me feat. Danielle Renae – Cougar, Dildo, Tits, Blonde, Female Masturbation HD Porn xHamster.mp4
2026-09-01 00:08:41,168 [DEBUG] stdout: '1280,720,30/1,569.605000\n'  stderr: ''
2026-09-01 00:08:41,168 [INFO]   -> 1280x720 @ 30.000fps  569.61s
2026-09-01 00:08:41,168 [INFO] ffmpeg: F:\Githubrepostotest\Dragon Diffusion Video Prep\venv\Lib\site-packages\static_ffmpeg\bin\win32\ffmpeg.EXE -y -ss 235.0 -to 240.0 -i C:\Users\Andrew Baines\AppData\Local\Temp\gradio\6e18af8f7e5c17b403cca5ca132cf68f9b6d68feb04efc485f42bc38f30e557b\My Fantasy You and Mega Daddy Both Fuck Me feat. Danielle Renae – Cougar, Dildo, Tits, Blonde, Female Masturbation HD Porn xHamster.mp4 -vf scale=768:432,fps=25.0 -c:v libx264 -crf 18 -preset slow -c:a aac -b:a 192k F:\Githubrepostotest\Dragon Diffusion Video Prep\output\clip_My Fantasy You and Mega Daddy Both Fuck Me feat. Danielle Renae – Cougar, Dildo, Tits, Blonde, Female Masturbation HD Porn xHamster_235s.mp4
2026-09-01 00:08:41,706 [INFO] ffmpeg OK.
2026-09-01 00:08:41,706 [INFO] Done.
Input:  1280x720 @ 30.00fps
Output: 768x432 @ 25.00fps
Clip:   235.0s → 240.0s  (5.0s)
Saved:  F:\Githubrepostotest\Dragon Diffusion Video Prep\output\clip_My Fantasy You and Mega Daddy Both Fuck Me feat. Danielle Renae – Cougar, Dildo, Tits, Blonde, Female Masturbation HD Porn xHamster_235s.mp4
2026-09-01 00:08:52,185 [INFO] Tab1 upload received: C:\Users\Andrew Baines\AppData\Local\Temp\gradio\40a0f0c4b89df7c0128cf50e9cab8e03193114e8c41dbfd7f9309223653e87f7\MY STEPBROTHER TAKES A VIDEO OF ME MASTURBATING feat like_a_virgins  Skinny Russian Cute Petite Tight Pussy 4K Porn  xHamster.mp4
2026-09-01 00:08:52,185 [INFO] Probing: C:\Users\Andrew Baines\AppData\Local\Temp\gradio\40a0f0c4b89df7c0128cf50e9cab8e03193114e8c41dbfd7f9309223653e87f7\MY STEPBROTHER TAKES A VIDEO OF ME MASTURBATING feat like_a_virgins  Skinny Russian Cute Petite Tight Pussy 4K Porn  xHamster.mp4
2026-09-01 00:08:52,186 [DEBUG] cmd: F:\Githubrepostotest\Dragon Diffusion Video Prep\venv\Lib\site-packages\static_ffmpeg\bin\win32\ffprobe.EXE -v error -select_streams v:0 -show_entries stream=width,height,r_frame_rate,duration -of csv=p=0 C:\Users\Andrew Baines\AppData\Local\Temp\gradio\40a0f0c4b89df7c0128cf50e9cab8e03193114e8c41dbfd7f9309223653e87f7\MY STEPBROTHER TAKES A VIDEO OF ME MASTURBATING feat like_a_virgins  Skinny Russian Cute Petite Tight Pussy 4K Porn  xHamster.mp4
2026-09-01 00:08:52,230 [DEBUG] stdout: '854,480,50/1,670.940000\n'  stderr: ''
2026-09-01 00:08:52,231 [INFO]   -> 854x480 @ 50.000fps  670.94s
2026-09-01 00:09:08,504 [INFO] Tab1 extract from: C:\Users\Andrew Baines\AppData\Local\Temp\gradio\40a0f0c4b89df7c0128cf50e9cab8e03193114e8c41dbfd7f9309223653e87f7\MY STEPBROTHER TAKES A VIDEO OF ME MASTURBATING feat like_a_virgins  Skinny Russian Cute Petite Tight Pussy 4K Porn  xHamster.mp4  start=240  length=5
2026-09-01 00:09:08,504 [INFO] Probing: C:\Users\Andrew Baines\AppData\Local\Temp\gradio\40a0f0c4b89df7c0128cf50e9cab8e03193114e8c41dbfd7f9309223653e87f7\MY STEPBROTHER TAKES A VIDEO OF ME MASTURBATING feat like_a_virgins  Skinny Russian Cute Petite Tight Pussy 4K Porn  xHamster.mp4
2026-09-01 00:09:08,504 [DEBUG] cmd: F:\Githubrepostotest\Dragon Diffusion Video Prep\venv\Lib\site-packages\static_ffmpeg\bin\win32\ffprobe.EXE -v error -select_streams v:0 -show_entries stream=width,height,r_frame_rate,duration -of csv=p=0 C:\Users\Andrew Baines\AppData\Local\Temp\gradio\40a0f0c4b89df7c0128cf50e9cab8e03193114e8c41dbfd7f9309223653e87f7\MY STEPBROTHER TAKES A VIDEO OF ME MASTURBATING feat like_a_virgins  Skinny Russian Cute Petite Tight Pussy 4K Porn  xHamster.mp4
2026-09-01 00:09:08,536 [DEBUG] stdout: '854,480,50/1,670.940000\n'  stderr: ''
2026-09-01 00:09:08,536 [INFO]   -> 854x480 @ 50.000fps  670.94s
2026-09-01 00:09:08,536 [INFO] ffmpeg: F:\Githubrepostotest\Dragon Diffusion Video Prep\venv\Lib\site-packages\static_ffmpeg\bin\win32\ffmpeg.EXE -y -ss 240.0 -to 245.0 -i C:\Users\Andrew Baines\AppData\Local\Temp\gradio\40a0f0c4b89df7c0128cf50e9cab8e03193114e8c41dbfd7f9309223653e87f7\MY STEPBROTHER TAKES A VIDEO OF ME MASTURBATING feat like_a_virgins  Skinny Russian Cute Petite Tight Pussy 4K Porn  xHamster.mp4 -vf scale=768:432,fps=25.0 -c:v libx264 -crf 18 -preset slow -c:a aac -b:a 192k F:\Githubrepostotest\Dragon Diffusion Video Prep\output\clip_MY STEPBROTHER TAKES A VIDEO OF ME MASTURBATING feat like_a_virgins  Skinny Russian Cute Petite Tight Pussy 4K Porn  xHamster_240s.mp4
2026-09-01 00:09:09,187 [INFO] ffmpeg OK.
2026-09-01 00:09:09,189 [INFO] Done.
Input:  854x480 @ 50.00fps
Output: 768x432 @ 25.00fps
Clip:   240.0s → 245.0s  (5.0s)
Saved:  F:\Githubrepostotest\Dragon Diffusion Video Prep\output\clip_MY STEPBROTHER TAKES A VIDEO OF ME MASTURBATING feat like_a_virgins  Skinny Russian Cute Petite Tight Pussy 4K Porn  xHamster_240s.mp4
2026-09-01 00:10:48,123 [INFO] Tab1 upload received: C:\Users\Andrew Baines\AppData\Local\Temp\gradio\dd75ea59045fe621e586ea1540201f2b510a13ed596137777780d5b9a36e8cf7\Schoolgirl fucks her pussy hard with a huge dildo feat Mary_Sky  Polish Taboo Beauty Wife Orgasm 4K Porn  xHamster.mp4
2026-09-01 00:10:48,123 [INFO] Probing: C:\Users\Andrew Baines\AppData\Local\Temp\gradio\dd75ea59045fe621e586ea1540201f2b510a13ed596137777780d5b9a36e8cf7\Schoolgirl fucks her pussy hard with a huge dildo feat Mary_Sky  Polish Taboo Beauty Wife Orgasm 4K Porn  xHamster.mp4
2026-09-01 00:10:48,123 [DEBUG] cmd: F:\Githubrepostotest\Dragon Diffusion Video Prep\venv\Lib\site-packages\static_ffmpeg\bin\win32\ffprobe.EXE -v error -select_streams v:0 -show_entries stream=width,height,r_frame_rate,duration -of csv=p=0 C:\Users\Andrew Baines\AppData\Local\Temp\gradio\dd75ea59045fe621e586ea1540201f2b510a13ed596137777780d5b9a36e8cf7\Schoolgirl fucks her pussy hard with a huge dildo feat Mary_Sky  Polish Taboo Beauty Wife Orgasm 4K Porn  xHamster.mp4
2026-09-01 00:10:48,225 [DEBUG] stdout: '854,480,30/1,447.066667\n'  stderr: ''
2026-09-01 00:10:48,225 [INFO]   -> 854x480 @ 30.000fps  447.07s
2026-09-01 00:11:02,292 [INFO] Tab1 extract from: C:\Users\Andrew Baines\AppData\Local\Temp\gradio\dd75ea59045fe621e586ea1540201f2b510a13ed596137777780d5b9a36e8cf7\Schoolgirl fucks her pussy hard with a huge dildo feat Mary_Sky  Polish Taboo Beauty Wife Orgasm 4K Porn  xHamster.mp4  start=167  length=5
2026-09-01 00:11:02,292 [INFO] Probing: C:\Users\Andrew Baines\AppData\Local\Temp\gradio\dd75ea59045fe621e586ea1540201f2b510a13ed596137777780d5b9a36e8cf7\Schoolgirl fucks her pussy hard with a huge dildo feat Mary_Sky  Polish Taboo Beauty Wife Orgasm 4K Porn  xHamster.mp4
2026-09-01 00:11:02,292 [DEBUG] cmd: F:\Githubrepostotest\Dragon Diffusion Video Prep\venv\Lib\site-packages\static_ffmpeg\bin\win32\ffprobe.EXE -v error -select_streams v:0 -show_entries stream=width,height,r_frame_rate,duration -of csv=p=0 C:\Users\Andrew Baines\AppData\Local\Temp\gradio\dd75ea59045fe621e586ea1540201f2b510a13ed596137777780d5b9a36e8cf7\Schoolgirl fucks her pussy hard with a huge dildo feat Mary_Sky  Polish Taboo Beauty Wife Orgasm 4K Porn  xHamster.mp4
2026-09-01 00:11:02,322 [DEBUG] stdout: '854,480,30/1,447.066667\n'  stderr: ''
2026-09-01 00:11:02,322 [INFO]   -> 854x480 @ 30.000fps  447.07s
2026-09-01 00:11:02,322 [INFO] ffmpeg: F:\Githubrepostotest\Dragon Diffusion Video Prep\venv\Lib\site-packages\static_ffmpeg\bin\win32\ffmpeg.EXE -y -ss 167.0 -to 172.0 -i C:\Users\Andrew Baines\AppData\Local\Temp\gradio\dd75ea59045fe621e586ea1540201f2b510a13ed596137777780d5b9a36e8cf7\Schoolgirl fucks her pussy hard with a huge dildo feat Mary_Sky  Polish Taboo Beauty Wife Orgasm 4K Porn  xHamster.mp4 -vf scale=768:432,fps=25.0 -c:v libx264 -crf 18 -preset slow -c:a aac -b:a 192k F:\Githubrepostotest\Dragon Diffusion Video Prep\output\clip_Schoolgirl fucks her pussy hard with a huge dildo feat Mary_Sky  Polish Taboo Beauty Wife Orgasm 4K Porn  xHamster_167s.mp4
2026-09-01 00:11:02,799 [INFO] ffmpeg OK.
2026-09-01 00:11:02,799 [INFO] Done.
Input:  854x480 @ 30.00fps
Output: 768x432 @ 25.00fps
Clip:   167.0s → 172.0s  (5.0s)
Saved:  F:\Githubrepostotest\Dragon Diffusion Video Prep\output\clip_Schoolgirl fucks her pussy hard with a huge dildo feat Mary_Sky  Polish Taboo Beauty Wife Orgasm 4K Porn  xHamster_167s.mp4
2026-09-01 00:11:25,108 [INFO] Tab1 upload received: C:\Users\Andrew Baines\AppData\Local\Temp\gradio\6b1d106d840cdbe2fd686f56c2b0f537e4e2da1039e818d354a54592913d40dc\Surprise video feat MiladyDemarsOFF  French Vibrator Squirting Dildo Close-up HD Porn  xHamster.mp4
2026-09-01 00:11:25,108 [INFO] Probing: C:\Users\Andrew Baines\AppData\Local\Temp\gradio\6b1d106d840cdbe2fd686f56c2b0f537e4e2da1039e818d354a54592913d40dc\Surprise video feat MiladyDemarsOFF  French Vibrator Squirting Dildo Close-up HD Porn  xHamster.mp4
2026-09-01 00:11:25,108 [DEBUG] cmd: F:\Githubrepostotest\Dragon Diffusion Video Prep\venv\Lib\site-packages\static_ffmpeg\bin\win32\ffprobe.EXE -v error -select_streams v:0 -show_entries stream=width,height,r_frame_rate,duration -of csv=p=0 C:\Users\Andrew Baines\AppData\Local\Temp\gradio\6b1d106d840cdbe2fd686f56c2b0f537e4e2da1039e818d354a54592913d40dc\Surprise video feat MiladyDemarsOFF  French Vibrator Squirting Dildo Close-up HD Porn  xHamster.mp4
2026-09-01 00:11:25,166 [DEBUG] stdout: '1280,720,30/1,265.666667\n'  stderr: ''
2026-09-01 00:11:25,168 [INFO]   -> 1280x720 @ 30.000fps  265.67s
2026-09-01 00:11:43,552 [INFO] Tab1 extract from: C:\Users\Andrew Baines\AppData\Local\Temp\gradio\6b1d106d840cdbe2fd686f56c2b0f537e4e2da1039e818d354a54592913d40dc\Surprise video feat MiladyDemarsOFF  French Vibrator Squirting Dildo Close-up HD Porn  xHamster.mp4  start=148  length=5
2026-09-01 00:11:43,552 [INFO] Probing: C:\Users\Andrew Baines\AppData\Local\Temp\gradio\6b1d106d840cdbe2fd686f56c2b0f537e4e2da1039e818d354a54592913d40dc\Surprise video feat MiladyDemarsOFF  French Vibrator Squirting Dildo Close-up HD Porn  xHamster.mp4
2026-09-01 00:11:43,552 [DEBUG] cmd: F:\Githubrepostotest\Dragon Diffusion Video Prep\venv\Lib\site-packages\static_ffmpeg\bin\win32\ffprobe.EXE -v error -select_streams v:0 -show_entries stream=width,height,r_frame_rate,duration -of csv=p=0 C:\Users\Andrew Baines\AppData\Local\Temp\gradio\6b1d106d840cdbe2fd686f56c2b0f537e4e2da1039e818d354a54592913d40dc\Surprise video feat MiladyDemarsOFF  French Vibrator Squirting Dildo Close-up HD Porn  xHamster.mp4
2026-09-01 00:11:43,579 [DEBUG] stdout: '1280,720,30/1,265.666667\n'  stderr: ''
2026-09-01 00:11:43,579 [INFO]   -> 1280x720 @ 30.000fps  265.67s
2026-09-01 00:11:43,579 [INFO] ffmpeg: F:\Githubrepostotest\Dragon Diffusion Video Prep\venv\Lib\site-packages\static_ffmpeg\bin\win32\ffmpeg.EXE -y -ss 148.0 -to 153.0 -i C:\Users\Andrew Baines\AppData\Local\Temp\gradio\6b1d106d840cdbe2fd686f56c2b0f537e4e2da1039e818d354a54592913d40dc\Surprise video feat MiladyDemarsOFF  French Vibrator Squirting Dildo Close-up HD Porn  xHamster.mp4 -vf scale=768:432,fps=25.0 -c:v libx264 -crf 18 -preset slow -c:a aac -b:a 192k F:\Githubrepostotest\Dragon Diffusion Video Prep\output\clip_Surprise video feat MiladyDemarsOFF  French Vibrator Squirting Dildo Close-up HD Porn  xHamster_148s.mp4
2026-09-01 00:11:44,144 [INFO] ffmpeg OK.
2026-09-01 00:11:44,144 [INFO] Done.
Input:  1280x720 @ 30.00fps
Output: 768x432 @ 25.00fps
Clip:   148.0s → 153.0s  (5.0s)
Saved:  F:\Githubrepostotest\Dragon Diffusion Video Prep\output\clip_Surprise video feat MiladyDemarsOFF  French Vibrator Squirting Dildo Close-up HD Porn  xHamster_148s.mp4
2026-09-01 00:12:15,214 [INFO] Tab1 upload received: C:\Users\Andrew Baines\AppData\Local\Temp\gradio\90d4fe97c7793c6a7e754143581ed22cca002189f4788e7e0975b472d7cc0525\TRUE AMATEURS - Seductive Babe Telari Makes Herself Squirt While She Fucks Her Own Pussy Like Crazy With A Dildo feat. Telari Love – Vibrator, Squirting, Tits, Female Masturbation, Nude HD Porn .mp4
2026-09-01 00:12:15,214 [INFO] Probing: C:\Users\Andrew Baines\AppData\Local\Temp\gradio\90d4fe97c7793c6a7e754143581ed22cca002189f4788e7e0975b472d7cc0525\TRUE AMATEURS - Seductive Babe Telari Makes Herself Squirt While She Fucks Her Own Pussy Like Crazy With A Dildo feat. Telari Love – Vibrator, Squirting, Tits, Female Masturbation, Nude HD Porn .mp4
2026-09-01 00:12:15,217 [DEBUG] cmd: F:\Githubrepostotest\Dragon Diffusion Video Prep\venv\Lib\site-packages\static_ffmpeg\bin\win32\ffprobe.EXE -v error -select_streams v:0 -show_entries stream=width,height,r_frame_rate,duration -of csv=p=0 C:\Users\Andrew Baines\AppData\Local\Temp\gradio\90d4fe97c7793c6a7e754143581ed22cca002189f4788e7e0975b472d7cc0525\TRUE AMATEURS - Seductive Babe Telari Makes Herself Squirt While She Fucks Her Own Pussy Like Crazy With A Dildo feat. Telari Love – Vibrator, Squirting, Tits, Female Masturbation, Nude HD Porn .mp4
2026-09-01 00:12:15,294 [DEBUG] stdout: '1280,720,24/1,725.328000\n'  stderr: ''
2026-09-01 00:12:15,294 [INFO]   -> 1280x720 @ 24.000fps  725.33s
2026-09-01 00:12:44,190 [INFO] Tab1 extract from: C:\Users\Andrew Baines\AppData\Local\Temp\gradio\90d4fe97c7793c6a7e754143581ed22cca002189f4788e7e0975b472d7cc0525\TRUE AMATEURS - Seductive Babe Telari Makes Herself Squirt While She Fucks Her Own Pussy Like Crazy With A Dildo feat. Telari Love – Vibrator, Squirting, Tits, Female Masturbation, Nude HD Porn .mp4  start=500  length=5
2026-09-01 00:12:44,190 [INFO] Probing: C:\Users\Andrew Baines\AppData\Local\Temp\gradio\90d4fe97c7793c6a7e754143581ed22cca002189f4788e7e0975b472d7cc0525\TRUE AMATEURS - Seductive Babe Telari Makes Herself Squirt While She Fucks Her Own Pussy Like Crazy With A Dildo feat. Telari Love – Vibrator, Squirting, Tits, Female Masturbation, Nude HD Porn .mp4
2026-09-01 00:12:44,190 [DEBUG] cmd: F:\Githubrepostotest\Dragon Diffusion Video Prep\venv\Lib\site-packages\static_ffmpeg\bin\win32\ffprobe.EXE -v error -select_streams v:0 -show_entries stream=width,height,r_frame_rate,duration -of csv=p=0 C:\Users\Andrew Baines\AppData\Local\Temp\gradio\90d4fe97c7793c6a7e754143581ed22cca002189f4788e7e0975b472d7cc0525\TRUE AMATEURS - Seductive Babe Telari Makes Herself Squirt While She Fucks Her Own Pussy Like Crazy With A Dildo feat. Telari Love – Vibrator, Squirting, Tits, Female Masturbation, Nude HD Porn .mp4
2026-09-01 00:12:44,242 [DEBUG] stdout: '1280,720,24/1,725.328000\n'  stderr: ''
2026-09-01 00:12:44,242 [INFO]   -> 1280x720 @ 24.000fps  725.33s
2026-09-01 00:12:44,242 [INFO] ffmpeg: F:\Githubrepostotest\Dragon Diffusion Video Prep\venv\Lib\site-packages\static_ffmpeg\bin\win32\ffmpeg.EXE -y -ss 500.0 -to 505.0 -i C:\Users\Andrew Baines\AppData\Local\Temp\gradio\90d4fe97c7793c6a7e754143581ed22cca002189f4788e7e0975b472d7cc0525\TRUE AMATEURS - Seductive Babe Telari Makes Herself Squirt While She Fucks Her Own Pussy Like Crazy With A Dildo feat. Telari Love – Vibrator, Squirting, Tits, Female Masturbation, Nude HD Porn .mp4 -vf scale=768:432,fps=24.0 -c:v libx264 -crf 18 -preset slow -c:a aac -b:a 192k F:\Githubrepostotest\Dragon Diffusion Video Prep\output\clip_TRUE AMATEURS - Seductive Babe Telari Makes Herself Squirt While She Fucks Her Own Pussy Like Crazy With A Dildo feat. Telari Love – Vibrator, Squirting, Tits, Female Masturbation, Nude HD Porn _500s.mp4
2026-09-01 00:12:44,833 [INFO] ffmpeg OK.
2026-09-01 00:12:44,833 [INFO] Done.
Input:  1280x720 @ 24.00fps
Output: 768x432 @ 24.00fps
Clip:   500.0s → 505.0s  (5.0s)
Saved:  F:\Githubrepostotest\Dragon Diffusion Video Prep\output\clip_TRUE AMATEURS - Seductive Babe Telari Makes Herself Squirt While She Fucks Her Own Pussy Like Crazy With A Dildo feat. Telari Love – Vibrator, Squirting, Tits, Female Masturbation, Nude HD Porn _500s.mp4
2026-09-01 00:13:04,815 [INFO] Tab1 upload received: C:\Users\Andrew Baines\AppData\Local\Temp\gradio\de401776867dbb2a2114b4648c10cf92d177fbfe8237cda64815b158ed355f67\TRUE AMATEURS - Zlatas Huge Tits Bounce As She Pleasures Herself To A Powerful Toy-Induced Climax  Sex Toy Solo Big Cock Female Masturbation Brunette HD Porn  xHamster.mp4
2026-09-01 00:13:04,815 [INFO] Probing: C:\Users\Andrew Baines\AppData\Local\Temp\gradio\de401776867dbb2a2114b4648c10cf92d177fbfe8237cda64815b158ed355f67\TRUE AMATEURS - Zlatas Huge Tits Bounce As She Pleasures Herself To A Powerful Toy-Induced Climax  Sex Toy Solo Big Cock Female Masturbation Brunette HD Porn  xHamster.mp4
2026-09-01 00:13:04,815 [DEBUG] cmd: F:\Githubrepostotest\Dragon Diffusion Video Prep\venv\Lib\site-packages\static_ffmpeg\bin\win32\ffprobe.EXE -v error -select_streams v:0 -show_entries stream=width,height,r_frame_rate,duration -of csv=p=0 C:\Users\Andrew Baines\AppData\Local\Temp\gradio\de401776867dbb2a2114b4648c10cf92d177fbfe8237cda64815b158ed355f67\TRUE AMATEURS - Zlatas Huge Tits Bounce As She Pleasures Herself To A Powerful Toy-Induced Climax  Sex Toy Solo Big Cock Female Masturbation Brunette HD Porn  xHamster.mp4
2026-09-01 00:13:04,866 [DEBUG] stdout: '854,480,1199/50,725.271059\n'  stderr: ''
2026-09-01 00:13:04,866 [INFO]   -> 854x480 @ 23.980fps  725.27s
2026-09-01 00:13:26,244 [INFO] Tab1 extract from: C:\Users\Andrew Baines\AppData\Local\Temp\gradio\de401776867dbb2a2114b4648c10cf92d177fbfe8237cda64815b158ed355f67\TRUE AMATEURS - Zlatas Huge Tits Bounce As She Pleasures Herself To A Powerful Toy-Induced Climax  Sex Toy Solo Big Cock Female Masturbation Brunette HD Porn  xHamster.mp4  start=386  length=5
2026-09-01 00:13:26,244 [INFO] Probing: C:\Users\Andrew Baines\AppData\Local\Temp\gradio\de401776867dbb2a2114b4648c10cf92d177fbfe8237cda64815b158ed355f67\TRUE AMATEURS - Zlatas Huge Tits Bounce As She Pleasures Herself To A Powerful Toy-Induced Climax  Sex Toy Solo Big Cock Female Masturbation Brunette HD Porn  xHamster.mp4
2026-09-01 00:13:26,244 [DEBUG] cmd: F:\Githubrepostotest\Dragon Diffusion Video Prep\venv\Lib\site-packages\static_ffmpeg\bin\win32\ffprobe.EXE -v error -select_streams v:0 -show_entries stream=width,height,r_frame_rate,duration -of csv=p=0 C:\Users\Andrew Baines\AppData\Local\Temp\gradio\de401776867dbb2a2114b4648c10cf92d177fbfe8237cda64815b158ed355f67\TRUE AMATEURS - Zlatas Huge Tits Bounce As She Pleasures Herself To A Powerful Toy-Induced Climax  Sex Toy Solo Big Cock Female Masturbation Brunette HD Porn  xHamster.mp4
2026-09-01 00:13:26,277 [DEBUG] stdout: '854,480,1199/50,725.271059\n'  stderr: ''
2026-09-01 00:13:26,277 [INFO]   -> 854x480 @ 23.980fps  725.27s
2026-09-01 00:13:26,277 [INFO] ffmpeg: F:\Githubrepostotest\Dragon Diffusion Video Prep\venv\Lib\site-packages\static_ffmpeg\bin\win32\ffmpeg.EXE -y -ss 386.0 -to 391.0 -i C:\Users\Andrew Baines\AppData\Local\Temp\gradio\de401776867dbb2a2114b4648c10cf92d177fbfe8237cda64815b158ed355f67\TRUE AMATEURS - Zlatas Huge Tits Bounce As She Pleasures Herself To A Powerful Toy-Induced Climax  Sex Toy Solo Big Cock Female Masturbation Brunette HD Porn  xHamster.mp4 -vf scale=768:432,fps=23.98 -c:v libx264 -crf 18 -preset slow -c:a aac -b:a 192k F:\Githubrepostotest\Dragon Diffusion Video Prep\output\clip_TRUE AMATEURS - Zlatas Huge Tits Bounce As She Pleasures Herself To A Powerful Toy-Induced Climax  Sex Toy Solo Big Cock Female Masturbation Brunette HD Porn  xHamster_386s.mp4
2026-09-01 00:13:26,654 [INFO] ffmpeg OK.
2026-09-01 00:13:26,658 [INFO] Done.
Input:  854x480 @ 23.98fps
Output: 768x432 @ 23.98fps
Clip:   386.0s → 391.0s  (5.0s)
Saved:  F:\Githubrepostotest\Dragon Diffusion Video Prep\output\clip_TRUE AMATEURS - Zlatas Huge Tits Bounce As She Pleasures Herself To A Powerful Toy-Induced Climax  Sex Toy Solo Big Cock Female Masturbation Brunette HD Porn  xHamster_386s.mp4
2026-09-01 00:13:50,030 [INFO] Tab1 extract from: C:\Users\Andrew Baines\AppData\Local\Temp\gradio\de401776867dbb2a2114b4648c10cf92d177fbfe8237cda64815b158ed355f67\TRUE AMATEURS - Zlatas Huge Tits Bounce As She Pleasures Herself To A Powerful Toy-Induced Climax  Sex Toy Solo Big Cock Female Masturbation Brunette HD Porn  xHamster.mp4  start=266  length=5
2026-09-01 00:13:50,030 [INFO] Probing: C:\Users\Andrew Baines\AppData\Local\Temp\gradio\de401776867dbb2a2114b4648c10cf92d177fbfe8237cda64815b158ed355f67\TRUE AMATEURS - Zlatas Huge Tits Bounce As She Pleasures Herself To A Powerful Toy-Induced Climax  Sex Toy Solo Big Cock Female Masturbation Brunette HD Porn  xHamster.mp4
2026-09-01 00:13:50,030 [DEBUG] cmd: F:\Githubrepostotest\Dragon Diffusion Video Prep\venv\Lib\site-packages\static_ffmpeg\bin\win32\ffprobe.EXE -v error -select_streams v:0 -show_entries stream=width,height,r_frame_rate,duration -of csv=p=0 C:\Users\Andrew Baines\AppData\Local\Temp\gradio\de401776867dbb2a2114b4648c10cf92d177fbfe8237cda64815b158ed355f67\TRUE AMATEURS - Zlatas Huge Tits Bounce As She Pleasures Herself To A Powerful Toy-Induced Climax  Sex Toy Solo Big Cock Female Masturbation Brunette HD Porn  xHamster.mp4
2026-09-01 00:13:50,059 [DEBUG] stdout: '854,480,1199/50,725.271059\n'  stderr: ''
2026-09-01 00:13:50,059 [INFO]   -> 854x480 @ 23.980fps  725.27s
2026-09-01 00:13:50,059 [INFO] ffmpeg: F:\Githubrepostotest\Dragon Diffusion Video Prep\venv\Lib\site-packages\static_ffmpeg\bin\win32\ffmpeg.EXE -y -ss 266.0 -to 271.0 -i C:\Users\Andrew Baines\AppData\Local\Temp\gradio\de401776867dbb2a2114b4648c10cf92d177fbfe8237cda64815b158ed355f67\TRUE AMATEURS - Zlatas Huge Tits Bounce As She Pleasures Herself To A Powerful Toy-Induced Climax  Sex Toy Solo Big Cock Female Masturbation Brunette HD Porn  xHamster.mp4 -vf scale=768:432,fps=23.98 -c:v libx264 -crf 18 -preset slow -c:a aac -b:a 192k F:\Githubrepostotest\Dragon Diffusion Video Prep\output\clip_TRUE AMATEURS - Zlatas Huge Tits Bounce As She Pleasures Herself To A Powerful Toy-Induced Climax  Sex Toy Solo Big Cock Female Masturbation Brunette HD Porn  xHamster_266s.mp4
2026-09-01 00:13:50,475 [INFO] ffmpeg OK.
2026-09-01 00:13:50,475 [INFO] Done.
Input:  854x480 @ 23.98fps
Output: 768x432 @ 23.98fps
Clip:   266.0s → 271.0s  (5.0s)
Saved:  F:\Githubrepostotest\Dragon Diffusion Video Prep\output\clip_TRUE AMATEURS - Zlatas Huge Tits Bounce As She Pleasures Herself To A Powerful Toy-Induced Climax  Sex Toy Solo Big Cock Female Masturbation Brunette HD Porn  xHamster_266s.mp4
2026-09-01 00:14:10,201 [INFO] Tab1 upload received: C:\Users\Andrew Baines\AppData\Local\Temp\gradio\60ffe711557ab5dd5932df321e16bd11a699b35bccf2dedc1e6cc0089ff2969c\Watching Porn While I Fuck Myself feat Danielle Renae  Dildo Tits Blonde Solo Female Masturbation HD Porn  xHamster.mp4
2026-09-01 00:14:10,201 [INFO] Probing: C:\Users\Andrew Baines\AppData\Local\Temp\gradio\60ffe711557ab5dd5932df321e16bd11a699b35bccf2dedc1e6cc0089ff2969c\Watching Porn While I Fuck Myself feat Danielle Renae  Dildo Tits Blonde Solo Female Masturbation HD Porn  xHamster.mp4
2026-09-01 00:14:10,201 [DEBUG] cmd: F:\Githubrepostotest\Dragon Diffusion Video Prep\venv\Lib\site-packages\static_ffmpeg\bin\win32\ffprobe.EXE -v error -select_streams v:0 -show_entries stream=width,height,r_frame_rate,duration -of csv=p=0 C:\Users\Andrew Baines\AppData\Local\Temp\gradio\60ffe711557ab5dd5932df321e16bd11a699b35bccf2dedc1e6cc0089ff2969c\Watching Porn While I Fuck Myself feat Danielle Renae  Dildo Tits Blonde Solo Female Masturbation HD Porn  xHamster.mp4
2026-09-01 00:14:10,273 [DEBUG] stdout: '1280,720,30/1,841.100000\n'  stderr: ''
2026-09-01 00:14:10,273 [INFO]   -> 1280x720 @ 30.000fps  841.10s
2026-09-01 00:14:48,466 [INFO] Tab1 extract from: C:\Users\Andrew Baines\AppData\Local\Temp\gradio\60ffe711557ab5dd5932df321e16bd11a699b35bccf2dedc1e6cc0089ff2969c\Watching Porn While I Fuck Myself feat Danielle Renae  Dildo Tits Blonde Solo Female Masturbation HD Porn  xHamster.mp4  start=560  length=5
2026-09-01 00:14:48,466 [INFO] Probing: C:\Users\Andrew Baines\AppData\Local\Temp\gradio\60ffe711557ab5dd5932df321e16bd11a699b35bccf2dedc1e6cc0089ff2969c\Watching Porn While I Fuck Myself feat Danielle Renae  Dildo Tits Blonde Solo Female Masturbation HD Porn  xHamster.mp4
2026-09-01 00:14:48,466 [DEBUG] cmd: F:\Githubrepostotest\Dragon Diffusion Video Prep\venv\Lib\site-packages\static_ffmpeg\bin\win32\ffprobe.EXE -v error -select_streams v:0 -show_entries stream=width,height,r_frame_rate,duration -of csv=p=0 C:\Users\Andrew Baines\AppData\Local\Temp\gradio\60ffe711557ab5dd5932df321e16bd11a699b35bccf2dedc1e6cc0089ff2969c\Watching Porn While I Fuck Myself feat Danielle Renae  Dildo Tits Blonde Solo Female Masturbation HD Porn  xHamster.mp4
2026-09-01 00:14:48,494 [DEBUG] stdout: '1280,720,30/1,841.100000\n'  stderr: ''
2026-09-01 00:14:48,494 [INFO]   -> 1280x720 @ 30.000fps  841.10s
2026-09-01 00:14:48,494 [INFO] ffmpeg: F:\Githubrepostotest\Dragon Diffusion Video Prep\venv\Lib\site-packages\static_ffmpeg\bin\win32\ffmpeg.EXE -y -ss 560.0 -to 565.0 -i C:\Users\Andrew Baines\AppData\Local\Temp\gradio\60ffe711557ab5dd5932df321e16bd11a699b35bccf2dedc1e6cc0089ff2969c\Watching Porn While I Fuck Myself feat Danielle Renae  Dildo Tits Blonde Solo Female Masturbation HD Porn  xHamster.mp4 -vf scale=768:432,fps=25.0 -c:v libx264 -crf 18 -preset slow -c:a aac -b:a 192k F:\Githubrepostotest\Dragon Diffusion Video Prep\output\clip_Watching Porn While I Fuck Myself feat Danielle Renae  Dildo Tits Blonde Solo Female Masturbation HD Porn  xHamster_560s.mp4
2026-09-01 00:14:49,031 [INFO] ffmpeg OK.
2026-09-01 00:14:49,031 [INFO] Done.
Input:  1280x720 @ 30.00fps
Output: 768x432 @ 25.00fps
Clip:   560.0s → 565.0s  (5.0s)
Saved:  F:\Githubrepostotest\Dragon Diffusion Video Prep\output\clip_Watching Porn While I Fuck Myself feat Danielle Renae  Dildo Tits Blonde Solo Female Masturbation HD Porn  xHamster_560s.mp4
2026-09-01 00:14:57,265 [INFO] Tab1 upload received: C:\Users\Andrew Baines\AppData\Local\Temp\gradio\9017c5e784f1577b0c3a209e44078b49382b6bff5ef716eace7c8ab9a53c7967\You Will Never Have Me feat Blonde Gabie  Girl Masturbating British Petite Stockings Tight Pussy 4K Porn  xHamster.mp4
2026-09-01 00:14:57,265 [INFO] Probing: C:\Users\Andrew Baines\AppData\Local\Temp\gradio\9017c5e784f1577b0c3a209e44078b49382b6bff5ef716eace7c8ab9a53c7967\You Will Never Have Me feat Blonde Gabie  Girl Masturbating British Petite Stockings Tight Pussy 4K Porn  xHamster.mp4
2026-09-01 00:14:57,265 [DEBUG] cmd: F:\Githubrepostotest\Dragon Diffusion Video Prep\venv\Lib\site-packages\static_ffmpeg\bin\win32\ffprobe.EXE -v error -select_streams v:0 -show_entries stream=width,height,r_frame_rate,duration -of csv=p=0 C:\Users\Andrew Baines\AppData\Local\Temp\gradio\9017c5e784f1577b0c3a209e44078b49382b6bff5ef716eace7c8ab9a53c7967\You Will Never Have Me feat Blonde Gabie  Girl Masturbating British Petite Stockings Tight Pussy 4K Porn  xHamster.mp4
2026-09-01 00:14:57,314 [DEBUG] stdout: '1280,720,30/1,650.766667\n'  stderr: ''
2026-09-01 00:14:57,314 [INFO]   -> 1280x720 @ 30.000fps  650.77s
2026-09-01 00:15:33,043 [INFO] Tab1 extract from: C:\Users\Andrew Baines\AppData\Local\Temp\gradio\9017c5e784f1577b0c3a209e44078b49382b6bff5ef716eace7c8ab9a53c7967\You Will Never Have Me feat Blonde Gabie  Girl Masturbating British Petite Stockings Tight Pussy 4K Porn  xHamster.mp4  start=396  length=5
2026-09-01 00:15:33,043 [INFO] Probing: C:\Users\Andrew Baines\AppData\Local\Temp\gradio\9017c5e784f1577b0c3a209e44078b49382b6bff5ef716eace7c8ab9a53c7967\You Will Never Have Me feat Blonde Gabie  Girl Masturbating British Petite Stockings Tight Pussy 4K Porn  xHamster.mp4
2026-09-01 00:15:33,045 [DEBUG] cmd: F:\Githubrepostotest\Dragon Diffusion Video Prep\venv\Lib\site-packages\static_ffmpeg\bin\win32\ffprobe.EXE -v error -select_streams v:0 -show_entries stream=width,height,r_frame_rate,duration -of csv=p=0 C:\Users\Andrew Baines\AppData\Local\Temp\gradio\9017c5e784f1577b0c3a209e44078b49382b6bff5ef716eace7c8ab9a53c7967\You Will Never Have Me feat Blonde Gabie  Girl Masturbating British Petite Stockings Tight Pussy 4K Porn  xHamster.mp4
2026-09-01 00:15:33,072 [DEBUG] stdout: '1280,720,30/1,650.766667\n'  stderr: ''
2026-09-01 00:15:33,073 [INFO]   -> 1280x720 @ 30.000fps  650.77s
2026-09-01 00:15:33,073 [INFO] ffmpeg: F:\Githubrepostotest\Dragon Diffusion Video Prep\venv\Lib\site-packages\static_ffmpeg\bin\win32\ffmpeg.EXE -y -ss 396.0 -to 401.0 -i C:\Users\Andrew Baines\AppData\Local\Temp\gradio\9017c5e784f1577b0c3a209e44078b49382b6bff5ef716eace7c8ab9a53c7967\You Will Never Have Me feat Blonde Gabie  Girl Masturbating British Petite Stockings Tight Pussy 4K Porn  xHamster.mp4 -vf scale=768:432,fps=25.0 -c:v libx264 -crf 18 -preset slow -c:a aac -b:a 192k F:\Githubrepostotest\Dragon Diffusion Video Prep\output\clip_You Will Never Have Me feat Blonde Gabie  Girl Masturbating British Petite Stockings Tight Pussy 4K Porn  xHamster_396s.mp4
2026-09-01 00:15:33,588 [INFO] ffmpeg OK.
2026-09-01 00:15:33,588 [INFO] Done.
Input:  1280x720 @ 30.00fps
Output: 768x432 @ 25.00fps
Clip:   396.0s → 401.0s  (5.0s)
Saved:  F:\Githubrepostotest\Dragon Diffusion Video Prep\output\clip_You Will Never Have Me feat Blonde Gabie  Girl Masturbating British Petite Stockings Tight Pussy 4K Porn  xHamster_396s.mp4
2026-09-01 00:15:55,462 [INFO] Tab1 upload received: C:\Users\Andrew Baines\AppData\Local\Temp\gradio\2604a958abdc4360e407d55e9af9a9071d2371cce4f658d81524fa9fe2854a73\Your Hotwife loves to share her pussy with stranger feat AnnaReyBlonde  Erotica Double Penetration Webcam Pornstar POV HD Porn  xHamster.mp4
2026-09-01 00:15:55,463 [INFO] Probing: C:\Users\Andrew Baines\AppData\Local\Temp\gradio\2604a958abdc4360e407d55e9af9a9071d2371cce4f658d81524fa9fe2854a73\Your Hotwife loves to share her pussy with stranger feat AnnaReyBlonde  Erotica Double Penetration Webcam Pornstar POV HD Porn  xHamster.mp4
2026-09-01 00:15:55,464 [DEBUG] cmd: F:\Githubrepostotest\Dragon Diffusion Video Prep\venv\Lib\site-packages\static_ffmpeg\bin\win32\ffprobe.EXE -v error -select_streams v:0 -show_entries stream=width,height,r_frame_rate,duration -of csv=p=0 C:\Users\Andrew Baines\AppData\Local\Temp\gradio\2604a958abdc4360e407d55e9af9a9071d2371cce4f658d81524fa9fe2854a73\Your Hotwife loves to share her pussy with stranger feat AnnaReyBlonde  Erotica Double Penetration Webcam Pornstar POV HD Porn  xHamster.mp4
2026-09-01 00:15:55,510 [DEBUG] stdout: '854,480,60/1,783.866667\n'  stderr: ''
2026-09-01 00:15:55,510 [INFO]   -> 854x480 @ 60.000fps  783.87s
2026-09-01 00:16:24,759 [INFO] Tab1 extract from: C:\Users\Andrew Baines\AppData\Local\Temp\gradio\2604a958abdc4360e407d55e9af9a9071d2371cce4f658d81524fa9fe2854a73\Your Hotwife loves to share her pussy with stranger feat AnnaReyBlonde  Erotica Double Penetration Webcam Pornstar POV HD Porn  xHamster.mp4  start=445  length=5
2026-09-01 00:16:24,759 [INFO] Probing: C:\Users\Andrew Baines\AppData\Local\Temp\gradio\2604a958abdc4360e407d55e9af9a9071d2371cce4f658d81524fa9fe2854a73\Your Hotwife loves to share her pussy with stranger feat AnnaReyBlonde  Erotica Double Penetration Webcam Pornstar POV HD Porn  xHamster.mp4
2026-09-01 00:16:24,760 [DEBUG] cmd: F:\Githubrepostotest\Dragon Diffusion Video Prep\venv\Lib\site-packages\static_ffmpeg\bin\win32\ffprobe.EXE -v error -select_streams v:0 -show_entries stream=width,height,r_frame_rate,duration -of csv=p=0 C:\Users\Andrew Baines\AppData\Local\Temp\gradio\2604a958abdc4360e407d55e9af9a9071d2371cce4f658d81524fa9fe2854a73\Your Hotwife loves to share her pussy with stranger feat AnnaReyBlonde  Erotica Double Penetration Webcam Pornstar POV HD Porn  xHamster.mp4
2026-09-01 00:16:24,802 [DEBUG] stdout: '854,480,60/1,783.866667\n'  stderr: ''
2026-09-01 00:16:24,802 [INFO]   -> 854x480 @ 60.000fps  783.87s
2026-09-01 00:16:24,802 [INFO] ffmpeg: F:\Githubrepostotest\Dragon Diffusion Video Prep\venv\Lib\site-packages\static_ffmpeg\bin\win32\ffmpeg.EXE -y -ss 445.0 -to 450.0 -i C:\Users\Andrew Baines\AppData\Local\Temp\gradio\2604a958abdc4360e407d55e9af9a9071d2371cce4f658d81524fa9fe2854a73\Your Hotwife loves to share her pussy with stranger feat AnnaReyBlonde  Erotica Double Penetration Webcam Pornstar POV HD Porn  xHamster.mp4 -vf scale=768:432,fps=25.0 -c:v libx264 -crf 18 -preset slow -c:a aac -b:a 192k F:\Githubrepostotest\Dragon Diffusion Video Prep\output\clip_Your Hotwife loves to share her pussy with stranger feat AnnaReyBlonde  Erotica Double Penetration Webcam Pornstar POV HD Porn  xHamster_445s.mp4
2026-09-01 00:16:25,220 [INFO] ffmpeg OK.
2026-09-01 00:16:25,220 [INFO] Done.
Input:  854x480 @ 60.00fps
Output: 768x432 @ 25.00fps
Clip:   445.0s → 450.0s  (5.0s)
Saved:  F:\Githubrepostotest\Dragon Diffusion Video Prep\output\clip_Your Hotwife loves to share her pussy with stranger feat AnnaReyBlonde  Erotica Double Penetration Webcam Pornstar POV HD Porn  xHamster_445s.mp4
2026-09-09 16:41:19,628 [INFO] Starting — pulling FFmpeg binaries...
2026-09-09 16:41:19,637 [DEBUG] Attempting to acquire lock 2171356209536 on F:\Githubrepostotest\Dragon Diffusion Video Prep\venv\Lib\site-packages\static_ffmpeg\lock.file
2026-09-09 16:41:19,640 [DEBUG] Lock 2171356209536 acquired on F:\Githubrepostotest\Dragon Diffusion Video Prep\venv\Lib\site-packages\static_ffmpeg\lock.file
2026-09-09 16:41:19,640 [DEBUG] Attempting to release lock 2171356209536 on F:\Githubrepostotest\Dragon Diffusion Video Prep\venv\Lib\site-packages\static_ffmpeg\lock.file
2026-09-09 16:41:19,640 [DEBUG] Lock 2171356209536 released on F:\Githubrepostotest\Dragon Diffusion Video Prep\venv\Lib\site-packages\static_ffmpeg\lock.file
2026-09-09 16:41:19,640 [INFO] FFmpeg ready.
2026-09-09 16:41:19,640 [INFO] Input  folder: F:\Githubrepostotest\Dragon Diffusion Video Prep\input
2026-09-09 16:41:19,640 [INFO] Output folder: F:\Githubrepostotest\Dragon Diffusion Video Prep\output
2026-09-09 16:41:19,645 [DEBUG] Using proactor: IocpProactor
2026-09-09 16:41:19,645 [DEBUG] Using proactor: IocpProactor
2026-09-09 16:41:19,648 [DEBUG] Using proactor: IocpProactor
2026-09-09 16:41:19,648 [DEBUG] Using proactor: IocpProactor
2026-09-09 16:41:19,863 [DEBUG] connect_tcp.started host='api.gradio.app' port=443 local_address=None timeout=3 socket_options=None
2026-09-09 16:41:19,873 [DEBUG] connect_tcp.started host='huggingface.co' port=443 local_address=None timeout=3 socket_options=None
2026-09-09 16:41:19,877 [DEBUG] Using proactor: IocpProactor
2026-09-09 16:41:19,878 [DEBUG] Using proactor: IocpProactor
2026-09-09 16:41:19,910 [DEBUG] Using proactor: IocpProactor
2026-09-09 16:41:19,910 [DEBUG] Using proactor: IocpProactor
2026-09-09 16:41:19,921 [DEBUG] connect_tcp.complete return_value=<httpcore._backends.sync.SyncStream object at 0x000001F98F242D50>
2026-09-09 16:41:19,921 [DEBUG] start_tls.started ssl_context=<ssl.SSLContext object at 0x000001F98F0163D0> server_hostname='huggingface.co' timeout=3
2026-09-09 16:41:19,960 [DEBUG] start_tls.complete return_value=<httpcore._backends.sync.SyncStream object at 0x000001F98F5D2300>
2026-09-09 16:41:19,960 [DEBUG] send_request_headers.started request=<Request [b'GET']>
2026-09-09 16:41:19,962 [DEBUG] send_request_headers.complete
2026-09-09 16:41:19,962 [DEBUG] send_request_body.started request=<Request [b'GET']>
2026-09-09 16:41:19,962 [DEBUG] send_request_body.complete
2026-09-09 16:41:19,962 [DEBUG] receive_response_headers.started request=<Request [b'GET']>
2026-09-09 16:41:20,057 [DEBUG] connect_tcp.complete return_value=<httpcore._backends.sync.SyncStream object at 0x000001F98F243D70>
2026-09-09 16:41:20,057 [DEBUG] start_tls.started ssl_context=<ssl.SSLContext object at 0x000001F98F016250> server_hostname='api.gradio.app' timeout=3
2026-09-09 16:41:20,060 [DEBUG] receive_response_headers.complete return_value=(b'HTTP/1.1', 200, b'OK', [(b'Content-Type', b'application/json; charset=utf-8'), (b'Transfer-Encoding', b'chunked'), (b'Connection', b'keep-alive'), (b'Date', b'Wed, 09 Sep 2026 15:41:19 GMT'), (b'content-encoding', b'gzip'), (b'ETag', b'W/"164f-cVMc19JX8QJwuU/ZVV3kcWXr7tM"'), (b'X-Powered-By', b'huggingface-moon'), (b'X-Request-Id', b'Root=1-6aa17e1f-702708620f5805473ec3967c;c82097a1-bf8f-4582-a575-11e3483404f3'), (b'RateLimit', b'"api";r=499;t=231'), (b'RateLimit-Policy', b'"fixed window";"api";q=500;w=300'), (b'cross-origin-opener-policy', b'same-origin'), (b'Referrer-Policy', b'strict-origin-when-cross-origin'), (b'Access-Control-Max-Age', b'86400'), (b'Access-Control-Allow-Origin', b'https://huggingface.co'), (b'Vary', b'Origin'), (b'vary', b'Accept-Encoding'), (b'Access-Control-Expose-Headers', b'X-Repo-Commit,X-Request-Id,X-Error-Code,X-Error-Message,X-Total-Count,ETag,Link,Accept-Ranges,Content-Range,X-Linked-Size,X-Linked-ETag,X-Xet-Hash'), (b'X-Cache', b'Miss from cloudfront'), (b'Via', b'1.1 a886b76224fa4b316e304d19c368bfb8.cloudfront.net (CloudFront)'), (b'X-Amz-Cf-Pop', b'LHR61-P5'), (b'Alt-Svc', b'h3=":443"; ma=86400'), (b'X-Amz-Cf-Id', b'5t3uFmMxQwXsCehKpvnvvCSmpQDWtkrSLD8f1yeQMmTFxpgWn4WA_A=='), (b'Strict-Transport-Security', b'max-age=31536000')])
2026-09-09 16:41:20,172 [INFO] HTTP Request: GET https://huggingface.co/api/agent-harnesses "HTTP/1.1 200 OK"
2026-09-09 16:41:20,172 [DEBUG] receive_response_body.started request=<Request [b'GET']>
2026-09-09 16:41:20,174 [DEBUG] receive_response_body.complete
2026-09-09 16:41:20,174 [DEBUG] response_closed.started
2026-09-09 16:41:20,174 [DEBUG] response_closed.complete
2026-09-09 16:41:20,213 [DEBUG] send_request_headers.started request=<Request [b'HEAD']>
2026-09-09 16:41:20,213 [DEBUG] send_request_headers.complete
2026-09-09 16:41:20,213 [DEBUG] send_request_body.started request=<Request [b'HEAD']>
2026-09-09 16:41:20,213 [DEBUG] send_request_body.complete
2026-09-09 16:41:20,213 [DEBUG] receive_response_headers.started request=<Request [b'HEAD']>
2026-09-09 16:41:20,262 [DEBUG] Using proactor: IocpProactor
2026-09-09 16:41:20,308 [DEBUG] receive_response_headers.complete return_value=(b'HTTP/1.1', 200, b'OK', [(b'Content-Type', b'text/plain; charset=utf-8'), (b'Content-Length', b'2'), (b'Connection', b'keep-alive'), (b'Date', b'Wed, 09 Sep 2026 15:41:19 GMT'), (b'ETag', b'W/"2-nOO9QiTIwXgNtWtBJezz8kv3SLc"'), (b'X-Powered-By', b'huggingface-moon'), (b'X-Request-Id', b'Root=1-6aa17e1f-4ab40d076e7174be0d93654b;41eb734a-d345-4af7-ab90-523b7f0ccf59'), (b'RateLimit', b'"api";r=9998;t=231'), (b'RateLimit-Policy', b'"fixed window";"api";q=10000;w=300'), (b'cross-origin-opener-policy', b'same-origin'), (b'Referrer-Policy', b'strict-origin-when-cross-origin'), (b'Access-Control-Max-Age', b'86400'), (b'Access-Control-Allow-Origin', b'https://huggingface.co'), (b'Vary', b'Origin'), (b'Access-Control-Expose-Headers', b'X-Repo-Commit,X-Request-Id,X-Error-Code,X-Error-Message,X-Total-Count,ETag,Link,Accept-Ranges,Content-Range,X-Linked-Size,X-Linked-ETag,X-Xet-Hash'), (b'X-Cache', b'Miss from cloudfront'), (b'Via', b'1.1 a886b76224fa4b316e304d19c368bfb8.cloudfront.net (CloudFront)'), (b'X-Amz-Cf-Pop', b'LHR61-P5'), (b'Alt-Svc', b'h3=":443"; ma=86400'), (b'X-Amz-Cf-Id', b'-9riLoMzOCKIkMEVWf7ILN1si6L9lvKAoTlglDKBTZruSEVEb2WJzQ=='), (b'Strict-Transport-Security', b'max-age=31536000')])
2026-09-09 16:41:20,308 [INFO] HTTP Request: HEAD https://huggingface.co/api/telemetry/https%3A/api.gradio.app/gradio-initiated-analytics "HTTP/1.1 200 OK"
2026-09-09 16:41:20,308 [DEBUG] receive_response_body.started request=<Request [b'HEAD']>
2026-09-09 16:41:20,312 [DEBUG] receive_response_body.complete
2026-09-09 16:41:20,312 [DEBUG] response_closed.started
2026-09-09 16:41:20,312 [DEBUG] response_closed.complete
2026-09-09 16:41:20,376 [DEBUG] start_tls.complete return_value=<httpcore._backends.sync.SyncStream object at 0x000001F98F232F90>
2026-09-09 16:41:20,378 [DEBUG] send_request_headers.started request=<Request [b'GET']>
2026-09-09 16:41:20,378 [DEBUG] send_request_headers.complete
2026-09-09 16:41:20,391 [DEBUG] send_request_body.started request=<Request [b'GET']>
2026-09-09 16:41:20,392 [DEBUG] send_request_body.complete
2026-09-09 16:41:20,392 [DEBUG] receive_response_headers.started request=<Request [b'GET']>
2026-09-09 16:41:20,427 [DEBUG] connect_tcp.started host='127.0.0.1' port=7860 local_address=None timeout=None socket_options=None
2026-09-09 16:41:20,427 [DEBUG] connect_tcp.complete return_value=<httpcore._backends.sync.SyncStream object at 0x000001F98F82B500>
2026-09-09 16:41:20,427 [DEBUG] send_request_headers.started request=<Request [b'GET']>
2026-09-09 16:41:20,427 [DEBUG] send_request_headers.complete
2026-09-09 16:41:20,427 [DEBUG] send_request_body.started request=<Request [b'GET']>
2026-09-09 16:41:20,443 [DEBUG] send_request_body.complete
2026-09-09 16:41:20,443 [DEBUG] receive_response_headers.started request=<Request [b'GET']>
2026-09-09 16:41:20,484 [DEBUG] receive_response_headers.complete return_value=(b'HTTP/1.1', 200, b'OK', [(b'date', b'Wed, 09 Sep 2026 15:41:20 GMT'), (b'server', b'uvicorn'), (b'content-length', b'4'), (b'content-type', b'application/json')])
2026-09-09 16:41:20,484 [INFO] HTTP Request: GET http://127.0.0.1:7860/gradio_api/startup-events "HTTP/1.1 200 OK"
2026-09-09 16:41:20,484 [DEBUG] receive_response_body.started request=<Request [b'GET']>
2026-09-09 16:41:20,487 [DEBUG] receive_response_body.complete
2026-09-09 16:41:20,487 [DEBUG] response_closed.started
2026-09-09 16:41:20,487 [DEBUG] response_closed.complete
2026-09-09 16:41:20,487 [DEBUG] close.started
2026-09-09 16:41:20,487 [DEBUG] close.complete
2026-09-09 16:41:20,487 [DEBUG] connect_tcp.started host='127.0.0.1' port=7860 local_address=None timeout=3 socket_options=None
2026-09-09 16:41:20,487 [DEBUG] connect_tcp.complete return_value=<httpcore._backends.sync.SyncStream object at 0x000001F98F8916A0>
2026-09-09 16:41:20,487 [DEBUG] send_request_headers.started request=<Request [b'HEAD']>
2026-09-09 16:41:20,491 [DEBUG] send_request_headers.complete
2026-09-09 16:41:20,492 [DEBUG] send_request_body.started request=<Request [b'HEAD']>
2026-09-09 16:41:20,492 [DEBUG] send_request_body.complete
2026-09-09 16:41:20,492 [DEBUG] receive_response_headers.started request=<Request [b'HEAD']>
2026-09-09 16:41:20,534 [DEBUG] receive_response_headers.complete return_value=(b'HTTP/1.1', 200, b'OK', [(b'Date', b'Wed, 09 Sep 2026 15:41:19 GMT'), (b'Content-Type', b'application/json'), (b'Content-Length', b'21'), (b'Connection', b'keep-alive'), (b'Server', b'nginx/1.18.0'), (b'Access-Control-Allow-Origin', b'*')])
2026-09-09 16:41:20,534 [INFO] HTTP Request: GET https://api.gradio.app/pkg-version "HTTP/1.1 200 OK"
2026-09-09 16:41:20,534 [DEBUG] receive_response_body.started request=<Request [b'GET']>
2026-09-09 16:41:20,534 [DEBUG] receive_response_body.complete
2026-09-09 16:41:20,534 [DEBUG] response_closed.started
2026-09-09 16:41:20,534 [DEBUG] response_closed.complete
2026-09-09 16:41:20,534 [DEBUG] close.started
2026-09-09 16:41:20,534 [DEBUG] close.complete
2026-09-09 16:41:20,587 [DEBUG] receive_response_headers.complete return_value=(b'HTTP/1.1', 200, b'OK', [(b'date', b'Wed, 09 Sep 2026 15:41:20 GMT'), (b'server', b'uvicorn'), (b'content-length', b'60279'), (b'content-type', b'text/html; charset=utf-8')])
2026-09-09 16:41:20,587 [INFO] HTTP Request: HEAD http://127.0.0.1:7860/ "HTTP/1.1 200 OK"
2026-09-09 16:41:20,587 [DEBUG] receive_response_body.started request=<Request [b'HEAD']>
2026-09-09 16:41:20,587 [DEBUG] receive_response_body.complete
2026-09-09 16:41:20,587 [DEBUG] response_closed.started
2026-09-09 16:41:20,587 [DEBUG] response_closed.complete
2026-09-09 16:41:20,587 [DEBUG] close.started
2026-09-09 16:41:20,587 [DEBUG] close.complete
2026-09-09 16:41:20,683 [DEBUG] send_request_headers.started request=<Request [b'HEAD']>
2026-09-09 16:41:20,683 [DEBUG] send_request_headers.complete
2026-09-09 16:41:20,683 [DEBUG] send_request_body.started request=<Request [b'HEAD']>
2026-09-09 16:41:20,683 [DEBUG] send_request_body.complete
2026-09-09 16:41:20,683 [DEBUG] receive_response_headers.started request=<Request [b'HEAD']>
2026-09-09 16:41:20,779 [DEBUG] receive_response_headers.complete return_value=(b'HTTP/1.1', 200, b'OK', [(b'Content-Type', b'text/plain; charset=utf-8'), (b'Content-Length', b'2'), (b'Connection', b'keep-alive'), (b'Date', b'Wed, 09 Sep 2026 15:41:19 GMT'), (b'ETag', b'W/"2-nOO9QiTIwXgNtWtBJezz8kv3SLc"'), (b'X-Powered-By', b'huggingface-moon'), (b'X-Request-Id', b'Root=1-6aa17e1f-4f4e3cf804f0d7026a3d2b39;60a0b2f0-e16c-40fd-8b3e-b781c43989ec'), (b'RateLimit', b'"api";r=9997;t=231'), (b'RateLimit-Policy', b'"fixed window";"api";q=10000;w=300'), (b'cross-origin-opener-policy', b'same-origin'), (b'Referrer-Policy', b'strict-origin-when-cross-origin'), (b'Access-Control-Max-Age', b'86400'), (b'Access-Control-Allow-Origin', b'https://huggingface.co'), (b'Vary', b'Origin'), (b'Access-Control-Expose-Headers', b'X-Repo-Commit,X-Request-Id,X-Error-Code,X-Error-Message,X-Total-Count,ETag,Link,Accept-Ranges,Content-Range,X-Linked-Size,X-Linked-ETag,X-Xet-Hash'), (b'X-Cache', b'Miss from cloudfront'), (b'Via', b'1.1 a886b76224fa4b316e304d19c368bfb8.cloudfront.net (CloudFront)'), (b'X-Amz-Cf-Pop', b'LHR61-P5'), (b'Alt-Svc', b'h3=":443"; ma=86400'), (b'X-Amz-Cf-Id', b'zYQgZbyOXO5aIln1iUTo7vlif9WjUGZjqKqGWPkGIfWgxlz34-w1XA=='), (b'Strict-Transport-Security', b'max-age=31536000')])
2026-09-09 16:41:20,783 [INFO] HTTP Request: HEAD https://huggingface.co/api/telemetry/https%3A/api.gradio.app/gradio-launched-telemetry "HTTP/1.1 200 OK"
2026-09-09 16:41:20,783 [DEBUG] receive_response_body.started request=<Request [b'HEAD']>
2026-09-09 16:41:20,783 [DEBUG] receive_response_body.complete
2026-09-09 16:41:20,783 [DEBUG] response_closed.started
2026-09-09 16:41:20,783 [DEBUG] response_closed.complete
2026-09-09 16:41:26,783 [INFO] Tab1 upload received: C:\Users\Andrew Baines\AppData\Local\Temp\gradio\2b62556f4043482d5c9c2d9f891505865d7eaf0d40d648e073aca3c8d1eaa6c1\redgifs_absolutemetallicprayingmantis.mp4
2026-09-09 16:41:26,783 [INFO] Probing: C:\Users\Andrew Baines\AppData\Local\Temp\gradio\2b62556f4043482d5c9c2d9f891505865d7eaf0d40d648e073aca3c8d1eaa6c1\redgifs_absolutemetallicprayingmantis.mp4
2026-09-09 16:41:26,785 [DEBUG] cmd: F:\Githubrepostotest\Dragon Diffusion Video Prep\venv\Lib\site-packages\static_ffmpeg\bin\win32\ffprobe.EXE -v error -select_streams v:0 -show_entries stream=width,height,r_frame_rate,duration -of csv=p=0 C:\Users\Andrew Baines\AppData\Local\Temp\gradio\2b62556f4043482d5c9c2d9f891505865d7eaf0d40d648e073aca3c8d1eaa6c1\redgifs_absolutemetallicprayingmantis.mp4
2026-09-09 16:41:28,382 [DEBUG] stdout: '590,1080,24/1,60.041667\n'  stderr: ''
2026-09-09 16:41:28,382 [INFO]   -> 590x1080 @ 24.000fps  60.04s
2026-09-09 16:41:41,593 [INFO] Tab1 extract from: C:\Users\Andrew Baines\AppData\Local\Temp\gradio\2b62556f4043482d5c9c2d9f891505865d7eaf0d40d648e073aca3c8d1eaa6c1\redgifs_absolutemetallicprayingmantis.mp4  start=0  length=5
2026-09-09 16:41:41,593 [INFO] Probing: C:\Users\Andrew Baines\AppData\Local\Temp\gradio\2b62556f4043482d5c9c2d9f891505865d7eaf0d40d648e073aca3c8d1eaa6c1\redgifs_absolutemetallicprayingmantis.mp4
2026-09-09 16:41:41,593 [DEBUG] cmd: F:\Githubrepostotest\Dragon Diffusion Video Prep\venv\Lib\site-packages\static_ffmpeg\bin\win32\ffprobe.EXE -v error -select_streams v:0 -show_entries stream=width,height,r_frame_rate,duration -of csv=p=0 C:\Users\Andrew Baines\AppData\Local\Temp\gradio\2b62556f4043482d5c9c2d9f891505865d7eaf0d40d648e073aca3c8d1eaa6c1\redgifs_absolutemetallicprayingmantis.mp4
2026-09-09 16:41:41,618 [DEBUG] stdout: '590,1080,24/1,60.041667\n'  stderr: ''
2026-09-09 16:41:41,618 [INFO]   -> 590x1080 @ 24.000fps  60.04s
2026-09-09 16:41:41,623 [INFO] ffmpeg: F:\Githubrepostotest\Dragon Diffusion Video Prep\venv\Lib\site-packages\static_ffmpeg\bin\win32\ffmpeg.EXE -y -ss 0.0 -to 5.0 -i C:\Users\Andrew Baines\AppData\Local\Temp\gradio\2b62556f4043482d5c9c2d9f891505865d7eaf0d40d648e073aca3c8d1eaa6c1\redgifs_absolutemetallicprayingmantis.mp4 -vf scale=420:768,fps=24.0 -c:v libx264 -crf 18 -preset slow -c:a aac -b:a 192k F:\Githubrepostotest\Dragon Diffusion Video Prep\output\clip_redgifs_absolutemetallicprayingmantis_0s.mp4
2026-09-09 16:41:43,033 [INFO] ffmpeg OK.
2026-09-09 16:41:43,033 [INFO] Done.
Input:  590x1080 @ 24.00fps
Output: 420x768 @ 24.00fps
Clip:   0.0s → 5.0s  (5.0s)
Saved:  F:\Githubrepostotest\Dragon Diffusion Video Prep\output\clip_redgifs_absolutemetallicprayingmantis_0s.mp4
2026-09-09 16:41:54,491 [INFO] Tab1 upload received: C:\Users\Andrew Baines\AppData\Local\Temp\gradio\4f7056a292ab2b3d53f216718d644d87670de1db1ff3073a13b0ab3535c76b6d\redgifs_afraidthreadbarechafer.mp4
2026-09-09 16:41:54,493 [INFO] Probing: C:\Users\Andrew Baines\AppData\Local\Temp\gradio\4f7056a292ab2b3d53f216718d644d87670de1db1ff3073a13b0ab3535c76b6d\redgifs_afraidthreadbarechafer.mp4
2026-09-09 16:41:54,493 [DEBUG] cmd: F:\Githubrepostotest\Dragon Diffusion Video Prep\venv\Lib\site-packages\static_ffmpeg\bin\win32\ffprobe.EXE -v error -select_streams v:0 -show_entries stream=width,height,r_frame_rate,duration -of csv=p=0 C:\Users\Andrew Baines\AppData\Local\Temp\gradio\4f7056a292ab2b3d53f216718d644d87670de1db1ff3073a13b0ab3535c76b6d\redgifs_afraidthreadbarechafer.mp4
2026-09-09 16:41:54,568 [DEBUG] stdout: '1920,1080,24000/1001,56.347958\n'  stderr: ''
2026-09-09 16:41:54,568 [INFO]   -> 1920x1080 @ 23.976fps  56.35s
2026-09-09 16:42:20,427 [INFO] Tab1 upload received: C:\Users\Andrew Baines\AppData\Local\Temp\gradio\4f7056a292ab2b3d53f216718d644d87670de1db1ff3073a13b0ab3535c76b6d\redgifs_afraidthreadbarechafer.mp4
2026-09-09 16:42:20,427 [INFO] Probing: C:\Users\Andrew Baines\AppData\Local\Temp\gradio\4f7056a292ab2b3d53f216718d644d87670de1db1ff3073a13b0ab3535c76b6d\redgifs_afraidthreadbarechafer.mp4
2026-09-09 16:42:20,429 [DEBUG] cmd: F:\Githubrepostotest\Dragon Diffusion Video Prep\venv\Lib\site-packages\static_ffmpeg\bin\win32\ffprobe.EXE -v error -select_streams v:0 -show_entries stream=width,height,r_frame_rate,duration -of csv=p=0 C:\Users\Andrew Baines\AppData\Local\Temp\gradio\4f7056a292ab2b3d53f216718d644d87670de1db1ff3073a13b0ab3535c76b6d\redgifs_afraidthreadbarechafer.mp4
2026-09-09 16:42:20,491 [DEBUG] stdout: '1920,1080,24000/1001,56.347958\n'  stderr: ''
2026-09-09 16:42:20,491 [INFO]   -> 1920x1080 @ 23.976fps  56.35s
2026-09-09 16:42:37,202 [INFO] Tab1 extract from: C:\Users\Andrew Baines\AppData\Local\Temp\gradio\4f7056a292ab2b3d53f216718d644d87670de1db1ff3073a13b0ab3535c76b6d\redgifs_afraidthreadbarechafer.mp4  start=0  length=5
2026-09-09 16:42:37,203 [INFO] Probing: C:\Users\Andrew Baines\AppData\Local\Temp\gradio\4f7056a292ab2b3d53f216718d644d87670de1db1ff3073a13b0ab3535c76b6d\redgifs_afraidthreadbarechafer.mp4
2026-09-09 16:42:37,203 [DEBUG] cmd: F:\Githubrepostotest\Dragon Diffusion Video Prep\venv\Lib\site-packages\static_ffmpeg\bin\win32\ffprobe.EXE -v error -select_streams v:0 -show_entries stream=width,height,r_frame_rate,duration -of csv=p=0 C:\Users\Andrew Baines\AppData\Local\Temp\gradio\4f7056a292ab2b3d53f216718d644d87670de1db1ff3073a13b0ab3535c76b6d\redgifs_afraidthreadbarechafer.mp4
2026-09-09 16:42:37,236 [DEBUG] stdout: '1920,1080,24000/1001,56.347958\n'  stderr: ''
2026-09-09 16:42:37,236 [INFO]   -> 1920x1080 @ 23.976fps  56.35s
2026-09-09 16:42:37,236 [INFO] ffmpeg: F:\Githubrepostotest\Dragon Diffusion Video Prep\venv\Lib\site-packages\static_ffmpeg\bin\win32\ffmpeg.EXE -y -ss 0.0 -to 5.0 -i C:\Users\Andrew Baines\AppData\Local\Temp\gradio\4f7056a292ab2b3d53f216718d644d87670de1db1ff3073a13b0ab3535c76b6d\redgifs_afraidthreadbarechafer.mp4 -vf scale=768:432,fps=23.976023976023978 -c:v libx264 -crf 18 -preset slow -c:a aac -b:a 192k F:\Githubrepostotest\Dragon Diffusion Video Prep\output\clip_redgifs_afraidthreadbarechafer_0s.mp4
2026-09-09 16:42:38,051 [INFO] ffmpeg OK.
2026-09-09 16:42:38,053 [INFO] Done.
Input:  1920x1080 @ 23.98fps
Output: 768x432 @ 23.98fps
Clip:   0.0s → 5.0s  (5.0s)
Saved:  F:\Githubrepostotest\Dragon Diffusion Video Prep\output\clip_redgifs_afraidthreadbarechafer_0s.mp4
2026-09-09 16:42:42,860 [INFO] Tab1 upload received: C:\Users\Andrew Baines\AppData\Local\Temp\gradio\836f93373cf60db179d26641d08b33aabaa70df081f83884d64f2856e1b4e4f0\redgifs_altruisticinternationalwren.mp4
2026-09-09 16:42:42,862 [INFO] Probing: C:\Users\Andrew Baines\AppData\Local\Temp\gradio\836f93373cf60db179d26641d08b33aabaa70df081f83884d64f2856e1b4e4f0\redgifs_altruisticinternationalwren.mp4
2026-09-09 16:42:42,862 [DEBUG] cmd: F:\Githubrepostotest\Dragon Diffusion Video Prep\venv\Lib\site-packages\static_ffmpeg\bin\win32\ffprobe.EXE -v error -select_streams v:0 -show_entries stream=width,height,r_frame_rate,duration -of csv=p=0 C:\Users\Andrew Baines\AppData\Local\Temp\gradio\836f93373cf60db179d26641d08b33aabaa70df081f83884d64f2856e1b4e4f0\redgifs_altruisticinternationalwren.mp4
2026-09-09 16:42:42,919 [DEBUG] stdout: '1920,1080,60/1,59.000000\n'  stderr: ''
2026-09-09 16:42:42,919 [INFO]   -> 1920x1080 @ 60.000fps  59.00s
2026-09-09 16:43:31,132 [INFO] Tab1 extract from: C:\Users\Andrew Baines\AppData\Local\Temp\gradio\836f93373cf60db179d26641d08b33aabaa70df081f83884d64f2856e1b4e4f0\redgifs_altruisticinternationalwren.mp4  start=38.28580548433594  length=5
2026-09-09 16:43:31,133 [INFO] Probing: C:\Users\Andrew Baines\AppData\Local\Temp\gradio\836f93373cf60db179d26641d08b33aabaa70df081f83884d64f2856e1b4e4f0\redgifs_altruisticinternationalwren.mp4
2026-09-09 16:43:31,133 [DEBUG] cmd: F:\Githubrepostotest\Dragon Diffusion Video Prep\venv\Lib\site-packages\static_ffmpeg\bin\win32\ffprobe.EXE -v error -select_streams v:0 -show_entries stream=width,height,r_frame_rate,duration -of csv=p=0 C:\Users\Andrew Baines\AppData\Local\Temp\gradio\836f93373cf60db179d26641d08b33aabaa70df081f83884d64f2856e1b4e4f0\redgifs_altruisticinternationalwren.mp4
2026-09-09 16:43:31,422 [DEBUG] stdout: '1920,1080,60/1,59.000000\n'  stderr: ''
2026-09-09 16:43:31,422 [INFO]   -> 1920x1080 @ 60.000fps  59.00s
2026-09-09 16:43:31,422 [INFO] ffmpeg: F:\Githubrepostotest\Dragon Diffusion Video Prep\venv\Lib\site-packages\static_ffmpeg\bin\win32\ffmpeg.EXE -y -ss 38.28580548433594 -to 43.28580548433594 -i C:\Users\Andrew Baines\AppData\Local\Temp\gradio\836f93373cf60db179d26641d08b33aabaa70df081f83884d64f2856e1b4e4f0\redgifs_altruisticinternationalwren.mp4 -vf scale=768:432,fps=25.0 -c:v libx264 -crf 18 -preset slow -c:a aac -b:a 192k F:\Githubrepostotest\Dragon Diffusion Video Prep\output\clip_redgifs_altruisticinternationalwren_38s.mp4
2026-09-09 16:43:32,505 [INFO] ffmpeg OK.
2026-09-09 16:43:32,505 [INFO] Done.
Input:  1920x1080 @ 60.00fps
Output: 768x432 @ 25.00fps
Clip:   38.3s → 43.3s  (5.0s)
Saved:  F:\Githubrepostotest\Dragon Diffusion Video Prep\output\clip_redgifs_altruisticinternationalwren_38s.mp4
2026-09-09 16:43:38,864 [INFO] Tab1 upload received: C:\Users\Andrew Baines\AppData\Local\Temp\gradio\f5969d71e9bdfda16a3b2252b332ad958d464c732b79704a2a4d99c6e84eb8e4\redgifs_amazingmadeuphairstreakbutterfly.mp4
2026-09-09 16:43:38,864 [INFO] Probing: C:\Users\Andrew Baines\AppData\Local\Temp\gradio\f5969d71e9bdfda16a3b2252b332ad958d464c732b79704a2a4d99c6e84eb8e4\redgifs_amazingmadeuphairstreakbutterfly.mp4
2026-09-09 16:43:38,866 [DEBUG] cmd: F:\Githubrepostotest\Dragon Diffusion Video Prep\venv\Lib\site-packages\static_ffmpeg\bin\win32\ffprobe.EXE -v error -select_streams v:0 -show_entries stream=width,height,r_frame_rate,duration -of csv=p=0 C:\Users\Andrew Baines\AppData\Local\Temp\gradio\f5969d71e9bdfda16a3b2252b332ad958d464c732b79704a2a4d99c6e84eb8e4\redgifs_amazingmadeuphairstreakbutterfly.mp4
2026-09-09 16:43:38,926 [DEBUG] stdout: '1920,1080,30000/1001,59.659600\n'  stderr: ''
2026-09-09 16:43:38,926 [INFO]   -> 1920x1080 @ 29.970fps  59.66s
2026-09-09 16:44:18,983 [INFO] Tab1 extract from: C:\Users\Andrew Baines\AppData\Local\Temp\gradio\f5969d71e9bdfda16a3b2252b332ad958d464c732b79704a2a4d99c6e84eb8e4\redgifs_amazingmadeuphairstreakbutterfly.mp4  start=34.17242654785114  length=5
2026-09-09 16:44:18,984 [INFO] Probing: C:\Users\Andrew Baines\AppData\Local\Temp\gradio\f5969d71e9bdfda16a3b2252b332ad958d464c732b79704a2a4d99c6e84eb8e4\redgifs_amazingmadeuphairstreakbutterfly.mp4
2026-09-09 16:44:18,984 [DEBUG] cmd: F:\Githubrepostotest\Dragon Diffusion Video Prep\venv\Lib\site-packages\static_ffmpeg\bin\win32\ffprobe.EXE -v error -select_streams v:0 -show_entries stream=width,height,r_frame_rate,duration -of csv=p=0 C:\Users\Andrew Baines\AppData\Local\Temp\gradio\f5969d71e9bdfda16a3b2252b332ad958d464c732b79704a2a4d99c6e84eb8e4\redgifs_amazingmadeuphairstreakbutterfly.mp4
2026-09-09 16:44:19,030 [DEBUG] stdout: '1920,1080,30000/1001,59.659600\n'  stderr: ''
2026-09-09 16:44:19,030 [INFO]   -> 1920x1080 @ 29.970fps  59.66s
2026-09-09 16:44:19,030 [INFO] ffmpeg: F:\Githubrepostotest\Dragon Diffusion Video Prep\venv\Lib\site-packages\static_ffmpeg\bin\win32\ffmpeg.EXE -y -ss 34.17242654785114 -to 39.17242654785114 -i C:\Users\Andrew Baines\AppData\Local\Temp\gradio\f5969d71e9bdfda16a3b2252b332ad958d464c732b79704a2a4d99c6e84eb8e4\redgifs_amazingmadeuphairstreakbutterfly.mp4 -vf scale=768:432,fps=25.0 -c:v libx264 -crf 18 -preset slow -c:a aac -b:a 192k F:\Githubrepostotest\Dragon Diffusion Video Prep\output\clip_redgifs_amazingmadeuphairstreakbutterfly_34s.mp4
2026-09-09 16:44:19,875 [INFO] ffmpeg OK.
2026-09-09 16:44:19,875 [INFO] Done.
Input:  1920x1080 @ 29.97fps
Output: 768x432 @ 25.00fps
Clip:   34.2s → 39.2s  (5.0s)
Saved:  F:\Githubrepostotest\Dragon Diffusion Video Prep\output\clip_redgifs_amazingmadeuphairstreakbutterfly_34s.mp4
2026-09-09 16:44:30,172 [INFO] Tab1 upload received: C:\Users\Andrew Baines\AppData\Local\Temp\gradio\f1cfa4197bbca86cd77377c63aa86dfbbeadb908e285eda2ddad49d41f02ad1a\redgifs_antiqueimaginativedouglasfirbarkbeetle.mp4
2026-09-09 16:44:30,172 [INFO] Probing: C:\Users\Andrew Baines\AppData\Local\Temp\gradio\f1cfa4197bbca86cd77377c63aa86dfbbeadb908e285eda2ddad49d41f02ad1a\redgifs_antiqueimaginativedouglasfirbarkbeetle.mp4
2026-09-09 16:44:30,174 [DEBUG] cmd: F:\Githubrepostotest\Dragon Diffusion Video Prep\venv\Lib\site-packages\static_ffmpeg\bin\win32\ffprobe.EXE -v error -select_streams v:0 -show_entries stream=width,height,r_frame_rate,duration -of csv=p=0 C:\Users\Andrew Baines\AppData\Local\Temp\gradio\f1cfa4197bbca86cd77377c63aa86dfbbeadb908e285eda2ddad49d41f02ad1a\redgifs_antiqueimaginativedouglasfirbarkbeetle.mp4
2026-09-09 16:44:30,227 [DEBUG] stdout: '1080,1922,30/1,60.033000\n'  stderr: ''
2026-09-09 16:44:30,227 [INFO]   -> 1080x1922 @ 30.000fps  60.03s
2026-09-09 16:44:41,859 [INFO] Tab1 extract from: C:\Users\Andrew Baines\AppData\Local\Temp\gradio\f1cfa4197bbca86cd77377c63aa86dfbbeadb908e285eda2ddad49d41f02ad1a\redgifs_antiqueimaginativedouglasfirbarkbeetle.mp4  start=0  length=5
2026-09-09 16:44:41,863 [INFO] Probing: C:\Users\Andrew Baines\AppData\Local\Temp\gradio\f1cfa4197bbca86cd77377c63aa86dfbbeadb908e285eda2ddad49d41f02ad1a\redgifs_antiqueimaginativedouglasfirbarkbeetle.mp4
2026-09-09 16:44:41,863 [DEBUG] cmd: F:\Githubrepostotest\Dragon Diffusion Video Prep\venv\Lib\site-packages\static_ffmpeg\bin\win32\ffprobe.EXE -v error -select_streams v:0 -show_entries stream=width,height,r_frame_rate,duration -of csv=p=0 C:\Users\Andrew Baines\AppData\Local\Temp\gradio\f1cfa4197bbca86cd77377c63aa86dfbbeadb908e285eda2ddad49d41f02ad1a\redgifs_antiqueimaginativedouglasfirbarkbeetle.mp4
2026-09-09 16:44:41,897 [DEBUG] stdout: '1080,1922,30/1,60.033000\n'  stderr: ''
2026-09-09 16:44:41,897 [INFO]   -> 1080x1922 @ 30.000fps  60.03s
2026-09-09 16:44:41,897 [INFO] ffmpeg: F:\Githubrepostotest\Dragon Diffusion Video Prep\venv\Lib\site-packages\static_ffmpeg\bin\win32\ffmpeg.EXE -y -ss 0.0 -to 5.0 -i C:\Users\Andrew Baines\AppData\Local\Temp\gradio\f1cfa4197bbca86cd77377c63aa86dfbbeadb908e285eda2ddad49d41f02ad1a\redgifs_antiqueimaginativedouglasfirbarkbeetle.mp4 -vf scale=432:768,fps=25.0 -c:v libx264 -crf 18 -preset slow -c:a aac -b:a 192k F:\Githubrepostotest\Dragon Diffusion Video Prep\output\clip_redgifs_antiqueimaginativedouglasfirbarkbeetle_0s.mp4
2026-09-09 16:44:42,503 [INFO] ffmpeg OK.
2026-09-09 16:44:42,503 [INFO] Done.
Input:  1080x1922 @ 30.00fps
Output: 432x768 @ 25.00fps
Clip:   0.0s → 5.0s  (5.0s)
Saved:  F:\Githubrepostotest\Dragon Diffusion Video Prep\output\clip_redgifs_antiqueimaginativedouglasfirbarkbeetle_0s.mp4
2026-09-09 16:44:50,180 [INFO] Tab1 upload received: C:\Users\Andrew Baines\AppData\Local\Temp\gradio\dee912bab4c5e79a7532fe320decaaa709796d0a7b1f131fd6f7da3ce29e01a3\redgifs_attractivepunycottontail.mp4
2026-09-09 16:44:50,182 [INFO] Probing: C:\Users\Andrew Baines\AppData\Local\Temp\gradio\dee912bab4c5e79a7532fe320decaaa709796d0a7b1f131fd6f7da3ce29e01a3\redgifs_attractivepunycottontail.mp4
2026-09-09 16:44:50,183 [DEBUG] cmd: F:\Githubrepostotest\Dragon Diffusion Video Prep\venv\Lib\site-packages\static_ffmpeg\bin\win32\ffprobe.EXE -v error -select_streams v:0 -show_entries stream=width,height,r_frame_rate,duration -of csv=p=0 C:\Users\Andrew Baines\AppData\Local\Temp\gradio\dee912bab4c5e79a7532fe320decaaa709796d0a7b1f131fd6f7da3ce29e01a3\redgifs_attractivepunycottontail.mp4
2026-09-09 16:44:50,305 [DEBUG] stdout: '1474,1080,30000/1001,57.490767\n'  stderr: ''
2026-09-09 16:44:50,305 [INFO]   -> 1474x1080 @ 29.970fps  57.49s
2026-09-09 16:45:14,123 [INFO] Tab1 extract from: C:\Users\Andrew Baines\AppData\Local\Temp\gradio\dee912bab4c5e79a7532fe320decaaa709796d0a7b1f131fd6f7da3ce29e01a3\redgifs_attractivepunycottontail.mp4  start=0  length=5
2026-09-09 16:45:14,124 [INFO] Probing: C:\Users\Andrew Baines\AppData\Local\Temp\gradio\dee912bab4c5e79a7532fe320decaaa709796d0a7b1f131fd6f7da3ce29e01a3\redgifs_attractivepunycottontail.mp4
2026-09-09 16:45:14,124 [DEBUG] cmd: F:\Githubrepostotest\Dragon Diffusion Video Prep\venv\Lib\site-packages\static_ffmpeg\bin\win32\ffprobe.EXE -v error -select_streams v:0 -show_entries stream=width,height,r_frame_rate,duration -of csv=p=0 C:\Users\Andrew Baines\AppData\Local\Temp\gradio\dee912bab4c5e79a7532fe320decaaa709796d0a7b1f131fd6f7da3ce29e01a3\redgifs_attractivepunycottontail.mp4
2026-09-09 16:45:14,179 [DEBUG] stdout: '1474,1080,30000/1001,57.490767\n'  stderr: ''
2026-09-09 16:45:14,179 [INFO]   -> 1474x1080 @ 29.970fps  57.49s
2026-09-09 16:45:14,180 [INFO] ffmpeg: F:\Githubrepostotest\Dragon Diffusion Video Prep\venv\Lib\site-packages\static_ffmpeg\bin\win32\ffmpeg.EXE -y -ss 0.0 -to 5.0 -i C:\Users\Andrew Baines\AppData\Local\Temp\gradio\dee912bab4c5e79a7532fe320decaaa709796d0a7b1f131fd6f7da3ce29e01a3\redgifs_attractivepunycottontail.mp4 -vf scale=768:562,fps=25.0 -c:v libx264 -crf 18 -preset slow -c:a aac -b:a 192k F:\Githubrepostotest\Dragon Diffusion Video Prep\output\clip_redgifs_attractivepunycottontail_0s.mp4
2026-09-09 16:45:15,072 [INFO] ffmpeg OK.
2026-09-09 16:45:15,072 [INFO] Done.
Input:  1474x1080 @ 29.97fps
Output: 768x562 @ 25.00fps
Clip:   0.0s → 5.0s  (5.0s)
Saved:  F:\Githubrepostotest\Dragon Diffusion Video Prep\output\clip_redgifs_attractivepunycottontail_0s.mp4
2026-09-09 16:45:36,289 [INFO] Tab1 upload received: C:\Users\Andrew Baines\AppData\Local\Temp\gradio\f7ed9ebfbba74a5da7e709986dc3d85f99eabb001ed1e56c7216d5339e3a1677\redgifs_backcurlyatlanticspadefish.mp4
2026-09-09 16:45:36,290 [INFO] Probing: C:\Users\Andrew Baines\AppData\Local\Temp\gradio\f7ed9ebfbba74a5da7e709986dc3d85f99eabb001ed1e56c7216d5339e3a1677\redgifs_backcurlyatlanticspadefish.mp4
2026-09-09 16:45:36,290 [DEBUG] cmd: F:\Githubrepostotest\Dragon Diffusion Video Prep\venv\Lib\site-packages\static_ffmpeg\bin\win32\ffprobe.EXE -v error -select_streams v:0 -show_entries stream=width,height,r_frame_rate,duration -of csv=p=0 C:\Users\Andrew Baines\AppData\Local\Temp\gradio\f7ed9ebfbba74a5da7e709986dc3d85f99eabb001ed1e56c7216d5339e3a1677\redgifs_backcurlyatlanticspadefish.mp4
2026-09-09 16:45:36,350 [DEBUG] stdout: '1728,1080,30000/1001,50.216833\n'  stderr: ''
2026-09-09 16:45:36,351 [INFO]   -> 1728x1080 @ 29.970fps  50.22s
2026-09-09 16:47:12,781 [INFO] Tab1 extract from: C:\Users\Andrew Baines\AppData\Local\Temp\gradio\f7ed9ebfbba74a5da7e709986dc3d85f99eabb001ed1e56c7216d5339e3a1677\redgifs_backcurlyatlanticspadefish.mp4  start=0  length=5
2026-09-09 16:47:12,781 [INFO] Probing: C:\Users\Andrew Baines\AppData\Local\Temp\gradio\f7ed9ebfbba74a5da7e709986dc3d85f99eabb001ed1e56c7216d5339e3a1677\redgifs_backcurlyatlanticspadefish.mp4
2026-09-09 16:47:12,782 [DEBUG] cmd: F:\Githubrepostotest\Dragon Diffusion Video Prep\venv\Lib\site-packages\static_ffmpeg\bin\win32\ffprobe.EXE -v error -select_streams v:0 -show_entries stream=width,height,r_frame_rate,duration -of csv=p=0 C:\Users\Andrew Baines\AppData\Local\Temp\gradio\f7ed9ebfbba74a5da7e709986dc3d85f99eabb001ed1e56c7216d5339e3a1677\redgifs_backcurlyatlanticspadefish.mp4
2026-09-09 16:47:13,057 [DEBUG] stdout: '1728,1080,30000/1001,50.216833\n'  stderr: ''
2026-09-09 16:47:13,058 [INFO]   -> 1728x1080 @ 29.970fps  50.22s
2026-09-09 16:47:13,058 [INFO] ffmpeg: F:\Githubrepostotest\Dragon Diffusion Video Prep\venv\Lib\site-packages\static_ffmpeg\bin\win32\ffmpeg.EXE -y -ss 0.0 -to 5.0 -i C:\Users\Andrew Baines\AppData\Local\Temp\gradio\f7ed9ebfbba74a5da7e709986dc3d85f99eabb001ed1e56c7216d5339e3a1677\redgifs_backcurlyatlanticspadefish.mp4 -vf scale=768:480,fps=25.0 -c:v libx264 -crf 18 -preset slow -c:a aac -b:a 192k F:\Githubrepostotest\Dragon Diffusion Video Prep\output\clip_redgifs_backcurlyatlanticspadefish_0s.mp4
2026-09-09 16:47:14,036 [INFO] ffmpeg OK.
2026-09-09 16:47:14,036 [INFO] Done.
Input:  1728x1080 @ 29.97fps
Output: 768x480 @ 25.00fps
Clip:   0.0s → 5.0s  (5.0s)
Saved:  F:\Githubrepostotest\Dragon Diffusion Video Prep\output\clip_redgifs_backcurlyatlanticspadefish_0s.mp4
2026-09-09 16:47:29,827 [INFO] Tab1 upload received: C:\Users\Andrew Baines\AppData\Local\Temp\gradio\1357294d99cb1666a3c416709a7097e631e4f726f149e85bc379051e141cde26\redgifs_baggyvicioushoatzin.mp4
2026-09-09 16:47:29,827 [INFO] Probing: C:\Users\Andrew Baines\AppData\Local\Temp\gradio\1357294d99cb1666a3c416709a7097e631e4f726f149e85bc379051e141cde26\redgifs_baggyvicioushoatzin.mp4
2026-09-09 16:47:29,831 [DEBUG] cmd: F:\Githubrepostotest\Dragon Diffusion Video Prep\venv\Lib\site-packages\static_ffmpeg\bin\win32\ffprobe.EXE -v error -select_streams v:0 -show_entries stream=width,height,r_frame_rate,duration -of csv=p=0 C:\Users\Andrew Baines\AppData\Local\Temp\gradio\1357294d99cb1666a3c416709a7097e631e4f726f149e85bc379051e141cde26\redgifs_baggyvicioushoatzin.mp4
2026-09-09 16:47:29,880 [DEBUG] stdout: '1536,1080,30000/1001,35.335300\n'  stderr: ''
2026-09-09 16:47:29,880 [INFO]   -> 1536x1080 @ 29.970fps  35.34s
2026-09-09 16:47:52,528 [INFO] Tab1 extract from: C:\Users\Andrew Baines\AppData\Local\Temp\gradio\1357294d99cb1666a3c416709a7097e631e4f726f149e85bc379051e141cde26\redgifs_baggyvicioushoatzin.mp4  start=7.652904292469396  length=5
2026-09-09 16:47:52,528 [INFO] Probing: C:\Users\Andrew Baines\AppData\Local\Temp\gradio\1357294d99cb1666a3c416709a7097e631e4f726f149e85bc379051e141cde26\redgifs_baggyvicioushoatzin.mp4
2026-09-09 16:47:52,532 [DEBUG] cmd: F:\Githubrepostotest\Dragon Diffusion Video Prep\venv\Lib\site-packages\static_ffmpeg\bin\win32\ffprobe.EXE -v error -select_streams v:0 -show_entries stream=width,height,r_frame_rate,duration -of csv=p=0 C:\Users\Andrew Baines\AppData\Local\Temp\gradio\1357294d99cb1666a3c416709a7097e631e4f726f149e85bc379051e141cde26\redgifs_baggyvicioushoatzin.mp4
2026-09-09 16:47:52,673 [DEBUG] stdout: '1536,1080,30000/1001,35.335300\n'  stderr: ''
2026-09-09 16:47:52,673 [INFO]   -> 1536x1080 @ 29.970fps  35.34s
2026-09-09 16:47:52,673 [INFO] ffmpeg: F:\Githubrepostotest\Dragon Diffusion Video Prep\venv\Lib\site-packages\static_ffmpeg\bin\win32\ffmpeg.EXE -y -ss 7.652904292469396 -to 12.652904292469396 -i C:\Users\Andrew Baines\AppData\Local\Temp\gradio\1357294d99cb1666a3c416709a7097e631e4f726f149e85bc379051e141cde26\redgifs_baggyvicioushoatzin.mp4 -vf scale=768:540,fps=25.0 -c:v libx264 -crf 18 -preset slow -c:a aac -b:a 192k F:\Githubrepostotest\Dragon Diffusion Video Prep\output\clip_redgifs_baggyvicioushoatzin_7s.mp4
2026-09-09 16:47:53,480 [INFO] ffmpeg OK.
2026-09-09 16:47:53,480 [INFO] Done.
Input:  1536x1080 @ 29.97fps
Output: 768x540 @ 25.00fps
Clip:   7.7s → 12.7s  (5.0s)
Saved:  F:\Githubrepostotest\Dragon Diffusion Video Prep\output\clip_redgifs_baggyvicioushoatzin_7s.mp4
2026-09-09 16:48:16,968 [INFO] Tab1 upload received: C:\Users\Andrew Baines\AppData\Local\Temp\gradio\244342a6c2dcd066efe0d1ed12af188282a6c6925ff69a435efb879f31067298\redgifs_bisexuallightseagreenboar.mp4
2026-09-09 16:48:16,970 [INFO] Probing: C:\Users\Andrew Baines\AppData\Local\Temp\gradio\244342a6c2dcd066efe0d1ed12af188282a6c6925ff69a435efb879f31067298\redgifs_bisexuallightseagreenboar.mp4
2026-09-09 16:48:16,970 [DEBUG] cmd: F:\Githubrepostotest\Dragon Diffusion Video Prep\venv\Lib\site-packages\static_ffmpeg\bin\win32\ffprobe.EXE -v error -select_streams v:0 -show_entries stream=width,height,r_frame_rate,duration -of csv=p=0 C:\Users\Andrew Baines\AppData\Local\Temp\gradio\244342a6c2dcd066efe0d1ed12af188282a6c6925ff69a435efb879f31067298\redgifs_bisexuallightseagreenboar.mp4
2026-09-09 16:48:17,049 [DEBUG] stdout: '1920,1080,30000/1001,60.093367\n'  stderr: ''
2026-09-09 16:48:17,053 [INFO]   -> 1920x1080 @ 29.970fps  60.09s
2026-09-09 16:48:26,938 [INFO] Tab1 extract from: C:\Users\Andrew Baines\AppData\Local\Temp\gradio\244342a6c2dcd066efe0d1ed12af188282a6c6925ff69a435efb879f31067298\redgifs_bisexuallightseagreenboar.mp4  start=0  length=5
2026-09-09 16:48:26,938 [INFO] Probing: C:\Users\Andrew Baines\AppData\Local\Temp\gradio\244342a6c2dcd066efe0d1ed12af188282a6c6925ff69a435efb879f31067298\redgifs_bisexuallightseagreenboar.mp4
2026-09-09 16:48:26,938 [DEBUG] cmd: F:\Githubrepostotest\Dragon Diffusion Video Prep\venv\Lib\site-packages\static_ffmpeg\bin\win32\ffprobe.EXE -v error -select_streams v:0 -show_entries stream=width,height,r_frame_rate,duration -of csv=p=0 C:\Users\Andrew Baines\AppData\Local\Temp\gradio\244342a6c2dcd066efe0d1ed12af188282a6c6925ff69a435efb879f31067298\redgifs_bisexuallightseagreenboar.mp4
2026-09-09 16:48:26,973 [DEBUG] stdout: '1920,1080,30000/1001,60.093367\n'  stderr: ''
2026-09-09 16:48:26,973 [INFO]   -> 1920x1080 @ 29.970fps  60.09s
2026-09-09 16:48:26,973 [INFO] ffmpeg: F:\Githubrepostotest\Dragon Diffusion Video Prep\venv\Lib\site-packages\static_ffmpeg\bin\win32\ffmpeg.EXE -y -ss 0.0 -to 5.0 -i C:\Users\Andrew Baines\AppData\Local\Temp\gradio\244342a6c2dcd066efe0d1ed12af188282a6c6925ff69a435efb879f31067298\redgifs_bisexuallightseagreenboar.mp4 -vf scale=768:432,fps=25.0 -c:v libx264 -crf 18 -preset slow -c:a aac -b:a 192k F:\Githubrepostotest\Dragon Diffusion Video Prep\output\clip_redgifs_bisexuallightseagreenboar_0s.mp4
2026-09-09 16:48:27,711 [INFO] ffmpeg OK.
2026-09-09 16:48:27,711 [INFO] Done.
Input:  1920x1080 @ 29.97fps
Output: 768x432 @ 25.00fps
Clip:   0.0s → 5.0s  (5.0s)
Saved:  F:\Githubrepostotest\Dragon Diffusion Video Prep\output\clip_redgifs_bisexuallightseagreenboar_0s.mp4
2026-09-09 16:48:42,399 [INFO] Tab1 upload received: C:\Users\Andrew Baines\AppData\Local\Temp\gradio\40f66048174c218b5baed4d7ed6ae2cf25ce20cbca100647dfe48fa5f6e4b750\redgifs_bisqueflawedboto.mp4
2026-09-09 16:48:42,399 [INFO] Probing: C:\Users\Andrew Baines\AppData\Local\Temp\gradio\40f66048174c218b5baed4d7ed6ae2cf25ce20cbca100647dfe48fa5f6e4b750\redgifs_bisqueflawedboto.mp4
2026-09-09 16:48:42,399 [DEBUG] cmd: F:\Githubrepostotest\Dragon Diffusion Video Prep\venv\Lib\site-packages\static_ffmpeg\bin\win32\ffprobe.EXE -v error -select_streams v:0 -show_entries stream=width,height,r_frame_rate,duration -of csv=p=0 C:\Users\Andrew Baines\AppData\Local\Temp\gradio\40f66048174c218b5baed4d7ed6ae2cf25ce20cbca100647dfe48fa5f6e4b750\redgifs_bisqueflawedboto.mp4
2026-09-09 16:48:42,454 [DEBUG] stdout: '1080,1800,30/1,60.033333\n'  stderr: ''
2026-09-09 16:48:42,454 [INFO]   -> 1080x1800 @ 30.000fps  60.03s
2026-09-09 16:49:03,258 [INFO] Tab1 extract from: C:\Users\Andrew Baines\AppData\Local\Temp\gradio\40f66048174c218b5baed4d7ed6ae2cf25ce20cbca100647dfe48fa5f6e4b750\redgifs_bisqueflawedboto.mp4  start=13.353375  length=5
2026-09-09 16:49:03,258 [INFO] Probing: C:\Users\Andrew Baines\AppData\Local\Temp\gradio\40f66048174c218b5baed4d7ed6ae2cf25ce20cbca100647dfe48fa5f6e4b750\redgifs_bisqueflawedboto.mp4
2026-09-09 16:49:03,258 [DEBUG] cmd: F:\Githubrepostotest\Dragon Diffusion Video Prep\venv\Lib\site-packages\static_ffmpeg\bin\win32\ffprobe.EXE -v error -select_streams v:0 -show_entries stream=width,height,r_frame_rate,duration -of csv=p=0 C:\Users\Andrew Baines\AppData\Local\Temp\gradio\40f66048174c218b5baed4d7ed6ae2cf25ce20cbca100647dfe48fa5f6e4b750\redgifs_bisqueflawedboto.mp4
2026-09-09 16:49:03,286 [DEBUG] stdout: '1080,1800,30/1,60.033333\n'  stderr: ''
2026-09-09 16:49:03,286 [INFO]   -> 1080x1800 @ 30.000fps  60.03s
2026-09-09 16:49:03,286 [INFO] ffmpeg: F:\Githubrepostotest\Dragon Diffusion Video Prep\venv\Lib\site-packages\static_ffmpeg\bin\win32\ffmpeg.EXE -y -ss 13.353375 -to 18.353375 -i C:\Users\Andrew Baines\AppData\Local\Temp\gradio\40f66048174c218b5baed4d7ed6ae2cf25ce20cbca100647dfe48fa5f6e4b750\redgifs_bisqueflawedboto.mp4 -vf scale=460:768,fps=25.0 -c:v libx264 -crf 18 -preset slow -c:a aac -b:a 192k F:\Githubrepostotest\Dragon Diffusion Video Prep\output\clip_redgifs_bisqueflawedboto_13s.mp4
2026-09-09 16:49:03,975 [INFO] ffmpeg OK.
2026-09-09 16:49:03,975 [INFO] Done.
Input:  1080x1800 @ 30.00fps
Output: 460x768 @ 25.00fps
Clip:   13.4s → 18.4s  (5.0s)
Saved:  F:\Githubrepostotest\Dragon Diffusion Video Prep\output\clip_redgifs_bisqueflawedboto_13s.mp4
2026-09-09 16:49:36,980 [INFO] Tab1 upload received: C:\Users\Andrew Baines\AppData\Local\Temp\gradio\ed7275bd6c468b626066d48299c2c2bcdbc7aed47faa2fcdb54e56cc32f5796c\redgifs_brownelementarystickleback.mp4
2026-09-09 16:49:36,980 [INFO] Probing: C:\Users\Andrew Baines\AppData\Local\Temp\gradio\ed7275bd6c468b626066d48299c2c2bcdbc7aed47faa2fcdb54e56cc32f5796c\redgifs_brownelementarystickleback.mp4
2026-09-09 16:49:36,985 [DEBUG] cmd: F:\Githubrepostotest\Dragon Diffusion Video Prep\venv\Lib\site-packages\static_ffmpeg\bin\win32\ffprobe.EXE -v error -select_streams v:0 -show_entries stream=width,height,r_frame_rate,duration -of csv=p=0 C:\Users\Andrew Baines\AppData\Local\Temp\gradio\ed7275bd6c468b626066d48299c2c2bcdbc7aed47faa2fcdb54e56cc32f5796c\redgifs_brownelementarystickleback.mp4
2026-09-09 16:49:37,240 [DEBUG] stdout: '1920,1080,24000/1001,36.953583\n'  stderr: ''
2026-09-09 16:49:37,240 [INFO]   -> 1920x1080 @ 23.976fps  36.95s
2026-09-09 16:49:51,050 [INFO] Tab1 extract from: C:\Users\Andrew Baines\AppData\Local\Temp\gradio\ed7275bd6c468b626066d48299c2c2bcdbc7aed47faa2fcdb54e56cc32f5796c\redgifs_brownelementarystickleback.mp4  start=0  length=5
2026-09-09 16:49:51,050 [INFO] Probing: C:\Users\Andrew Baines\AppData\Local\Temp\gradio\ed7275bd6c468b626066d48299c2c2bcdbc7aed47faa2fcdb54e56cc32f5796c\redgifs_brownelementarystickleback.mp4
2026-09-09 16:49:51,050 [DEBUG] cmd: F:\Githubrepostotest\Dragon Diffusion Video Prep\venv\Lib\site-packages\static_ffmpeg\bin\win32\ffprobe.EXE -v error -select_streams v:0 -show_entries stream=width,height,r_frame_rate,duration -of csv=p=0 C:\Users\Andrew Baines\AppData\Local\Temp\gradio\ed7275bd6c468b626066d48299c2c2bcdbc7aed47faa2fcdb54e56cc32f5796c\redgifs_brownelementarystickleback.mp4
2026-09-09 16:49:51,090 [DEBUG] stdout: '1920,1080,24000/1001,36.953583\n'  stderr: ''
2026-09-09 16:49:51,090 [INFO]   -> 1920x1080 @ 23.976fps  36.95s
2026-09-09 16:49:51,090 [INFO] ffmpeg: F:\Githubrepostotest\Dragon Diffusion Video Prep\venv\Lib\site-packages\static_ffmpeg\bin\win32\ffmpeg.EXE -y -ss 0.0 -to 5.0 -i C:\Users\Andrew Baines\AppData\Local\Temp\gradio\ed7275bd6c468b626066d48299c2c2bcdbc7aed47faa2fcdb54e56cc32f5796c\redgifs_brownelementarystickleback.mp4 -vf scale=768:432,fps=23.976023976023978 -c:v libx264 -crf 18 -preset slow -c:a aac -b:a 192k F:\Githubrepostotest\Dragon Diffusion Video Prep\output\clip_redgifs_brownelementarystickleback_0s.mp4
2026-09-09 16:49:51,962 [INFO] ffmpeg OK.
2026-09-09 16:49:51,962 [INFO] Done.
Input:  1920x1080 @ 23.98fps
Output: 768x432 @ 23.98fps
Clip:   0.0s → 5.0s  (5.0s)
Saved:  F:\Githubrepostotest\Dragon Diffusion Video Prep\output\clip_redgifs_brownelementarystickleback_0s.mp4
2026-09-09 16:50:17,815 [INFO] Tab1 upload received: C:\Users\Andrew Baines\AppData\Local\Temp\gradio\7456ffdd05625105e807ece9bc2f985da697691ee52da2b2b3f004f644f00705\redgifs_cleanbountifulhadrosaurus.mp4
2026-09-09 16:50:17,815 [INFO] Probing: C:\Users\Andrew Baines\AppData\Local\Temp\gradio\7456ffdd05625105e807ece9bc2f985da697691ee52da2b2b3f004f644f00705\redgifs_cleanbountifulhadrosaurus.mp4
2026-09-09 16:50:17,817 [DEBUG] cmd: F:\Githubrepostotest\Dragon Diffusion Video Prep\venv\Lib\site-packages\static_ffmpeg\bin\win32\ffprobe.EXE -v error -select_streams v:0 -show_entries stream=width,height,r_frame_rate,duration -of csv=p=0 C:\Users\Andrew Baines\AppData\Local\Temp\gradio\7456ffdd05625105e807ece9bc2f985da697691ee52da2b2b3f004f644f00705\redgifs_cleanbountifulhadrosaurus.mp4
2026-09-09 16:50:17,947 [DEBUG] stdout: '1920,1080,24000/1001,54.137417\n'  stderr: ''
2026-09-09 16:50:17,951 [INFO]   -> 1920x1080 @ 23.976fps  54.14s
2026-09-09 16:51:03,441 [INFO] Tab1 extract from: C:\Users\Andrew Baines\AppData\Local\Temp\gradio\7456ffdd05625105e807ece9bc2f985da697691ee52da2b2b3f004f644f00705\redgifs_cleanbountifulhadrosaurus.mp4  start=44.46202853171797  length=5
2026-09-09 16:51:03,441 [INFO] Probing: C:\Users\Andrew Baines\AppData\Local\Temp\gradio\7456ffdd05625105e807ece9bc2f985da697691ee52da2b2b3f004f644f00705\redgifs_cleanbountifulhadrosaurus.mp4
2026-09-09 16:51:03,441 [DEBUG] cmd: F:\Githubrepostotest\Dragon Diffusion Video Prep\venv\Lib\site-packages\static_ffmpeg\bin\win32\ffprobe.EXE -v error -select_streams v:0 -show_entries stream=width,height,r_frame_rate,duration -of csv=p=0 C:\Users\Andrew Baines\AppData\Local\Temp\gradio\7456ffdd05625105e807ece9bc2f985da697691ee52da2b2b3f004f644f00705\redgifs_cleanbountifulhadrosaurus.mp4
2026-09-09 16:51:03,581 [DEBUG] stdout: '1920,1080,24000/1001,54.137417\n'  stderr: ''
2026-09-09 16:51:03,582 [INFO]   -> 1920x1080 @ 23.976fps  54.14s
2026-09-09 16:51:03,582 [INFO] ffmpeg: F:\Githubrepostotest\Dragon Diffusion Video Prep\venv\Lib\site-packages\static_ffmpeg\bin\win32\ffmpeg.EXE -y -ss 44.46202853171797 -to 49.46202853171797 -i C:\Users\Andrew Baines\AppData\Local\Temp\gradio\7456ffdd05625105e807ece9bc2f985da697691ee52da2b2b3f004f644f00705\redgifs_cleanbountifulhadrosaurus.mp4 -vf scale=768:432,fps=23.976023976023978 -c:v libx264 -crf 18 -preset slow -c:a aac -b:a 192k F:\Githubrepostotest\Dragon Diffusion Video Prep\output\clip_redgifs_cleanbountifulhadrosaurus_44s.mp4
2026-09-09 16:51:04,362 [INFO] ffmpeg OK.
2026-09-09 16:51:04,362 [INFO] Done.
Input:  1920x1080 @ 23.98fps
Output: 768x432 @ 23.98fps
Clip:   44.5s → 49.5s  (5.0s)
Saved:  F:\Githubrepostotest\Dragon Diffusion Video Prep\output\clip_redgifs_cleanbountifulhadrosaurus_44s.mp4
2026-09-09 16:51:47,434 [INFO] Tab1 upload received: C:\Users\Andrew Baines\AppData\Local\Temp\gradio\6170cfb2a66fd062c3e6706fc2e58ae2bfe34e15393eda5be1460cddf680e6e7\redgifs_decimalmajormetamorphosis.mp4
2026-09-09 16:51:47,434 [INFO] Probing: C:\Users\Andrew Baines\AppData\Local\Temp\gradio\6170cfb2a66fd062c3e6706fc2e58ae2bfe34e15393eda5be1460cddf680e6e7\redgifs_decimalmajormetamorphosis.mp4
2026-09-09 16:51:47,438 [DEBUG] cmd: F:\Githubrepostotest\Dragon Diffusion Video Prep\venv\Lib\site-packages\static_ffmpeg\bin\win32\ffprobe.EXE -v error -select_streams v:0 -show_entries stream=width,height,r_frame_rate,duration -of csv=p=0 C:\Users\Andrew Baines\AppData\Local\Temp\gradio\6170cfb2a66fd062c3e6706fc2e58ae2bfe34e15393eda5be1460cddf680e6e7\redgifs_decimalmajormetamorphosis.mp4
2026-09-09 16:51:47,671 [DEBUG] stdout: '1920,1080,24000/1001,45.003292\n'  stderr: ''
2026-09-09 16:51:47,671 [INFO]   -> 1920x1080 @ 23.976fps  45.00s
2026-09-09 16:52:15,905 [INFO] Tab1 upload received: C:\Users\Andrew Baines\AppData\Local\Temp\gradio\fac748d619fcac346170019dc5b0ce3a00789e156efd7f89e6ce58d51e349843\redgifs_differentburdensomecopepod.mp4
2026-09-09 16:52:15,905 [INFO] Probing: C:\Users\Andrew Baines\AppData\Local\Temp\gradio\fac748d619fcac346170019dc5b0ce3a00789e156efd7f89e6ce58d51e349843\redgifs_differentburdensomecopepod.mp4
2026-09-09 16:52:15,909 [DEBUG] cmd: F:\Githubrepostotest\Dragon Diffusion Video Prep\venv\Lib\site-packages\static_ffmpeg\bin\win32\ffprobe.EXE -v error -select_streams v:0 -show_entries stream=width,height,r_frame_rate,duration -of csv=p=0 C:\Users\Andrew Baines\AppData\Local\Temp\gradio\fac748d619fcac346170019dc5b0ce3a00789e156efd7f89e6ce58d51e349843\redgifs_differentburdensomecopepod.mp4
2026-09-09 16:52:15,970 [DEBUG] stdout: '1920,1080,30000/1001,60.026633\n'  stderr: ''
2026-09-09 16:52:15,970 [INFO]   -> 1920x1080 @ 29.970fps  60.03s
2026-09-09 16:52:31,015 [INFO] Tab1 extract from: C:\Users\Andrew Baines\AppData\Local\Temp\gradio\fac748d619fcac346170019dc5b0ce3a00789e156efd7f89e6ce58d51e349843\redgifs_differentburdensomecopepod.mp4  start=0  length=5
2026-09-09 16:52:31,016 [INFO] Probing: C:\Users\Andrew Baines\AppData\Local\Temp\gradio\fac748d619fcac346170019dc5b0ce3a00789e156efd7f89e6ce58d51e349843\redgifs_differentburdensomecopepod.mp4
2026-09-09 16:52:31,016 [DEBUG] cmd: F:\Githubrepostotest\Dragon Diffusion Video Prep\venv\Lib\site-packages\static_ffmpeg\bin\win32\ffprobe.EXE -v error -select_streams v:0 -show_entries stream=width,height,r_frame_rate,duration -of csv=p=0 C:\Users\Andrew Baines\AppData\Local\Temp\gradio\fac748d619fcac346170019dc5b0ce3a00789e156efd7f89e6ce58d51e349843\redgifs_differentburdensomecopepod.mp4
2026-09-09 16:52:31,056 [DEBUG] stdout: '1920,1080,30000/1001,60.026633\n'  stderr: ''
2026-09-09 16:52:31,056 [INFO]   -> 1920x1080 @ 29.970fps  60.03s
2026-09-09 16:52:31,056 [INFO] ffmpeg: F:\Githubrepostotest\Dragon Diffusion Video Prep\venv\Lib\site-packages\static_ffmpeg\bin\win32\ffmpeg.EXE -y -ss 0.0 -to 5.0 -i C:\Users\Andrew Baines\AppData\Local\Temp\gradio\fac748d619fcac346170019dc5b0ce3a00789e156efd7f89e6ce58d51e349843\redgifs_differentburdensomecopepod.mp4 -vf scale=768:432,fps=25.0 -c:v libx264 -crf 18 -preset slow -c:a aac -b:a 192k F:\Githubrepostotest\Dragon Diffusion Video Prep\output\clip_redgifs_differentburdensomecopepod_0s.mp4
2026-09-09 16:52:31,885 [INFO] ffmpeg OK.
2026-09-09 16:52:31,885 [INFO] Done.
Input:  1920x1080 @ 29.97fps
Output: 768x432 @ 25.00fps
Clip:   0.0s → 5.0s  (5.0s)
Saved:  F:\Githubrepostotest\Dragon Diffusion Video Prep\output\clip_redgifs_differentburdensomecopepod_0s.mp4
2026-09-09 16:53:55,756 [INFO] Tab1 upload received: C:\Users\Andrew Baines\AppData\Local\Temp\gradio\247206ffe64c22adb510d996be8317f790f99a4d65fcefb8520d93569a506683\redgifs_gorgeousexcitedballoonfish.mp4
2026-09-09 16:53:55,756 [INFO] Probing: C:\Users\Andrew Baines\AppData\Local\Temp\gradio\247206ffe64c22adb510d996be8317f790f99a4d65fcefb8520d93569a506683\redgifs_gorgeousexcitedballoonfish.mp4
2026-09-09 16:53:55,757 [DEBUG] cmd: F:\Githubrepostotest\Dragon Diffusion Video Prep\venv\Lib\site-packages\static_ffmpeg\bin\win32\ffprobe.EXE -v error -select_streams v:0 -show_entries stream=width,height,r_frame_rate,duration -of csv=p=0 C:\Users\Andrew Baines\AppData\Local\Temp\gradio\247206ffe64c22adb510d996be8317f790f99a4d65fcefb8520d93569a506683\redgifs_gorgeousexcitedballoonfish.mp4
2026-09-09 16:53:56,034 [DEBUG] stdout: '1920,1080,30/1,27.533333\n'  stderr: ''
2026-09-09 16:53:56,034 [INFO]   -> 1920x1080 @ 30.000fps  27.53s
2026-09-09 16:54:33,573 [INFO] Tab1 extract from: C:\Users\Andrew Baines\AppData\Local\Temp\gradio\247206ffe64c22adb510d996be8317f790f99a4d65fcefb8520d93569a506683\redgifs_gorgeousexcitedballoonfish.mp4  start=4.025330299240436  length=5
2026-09-09 16:54:33,573 [INFO] Probing: C:\Users\Andrew Baines\AppData\Local\Temp\gradio\247206ffe64c22adb510d996be8317f790f99a4d65fcefb8520d93569a506683\redgifs_gorgeousexcitedballoonfish.mp4
2026-09-09 16:54:33,573 [DEBUG] cmd: F:\Githubrepostotest\Dragon Diffusion Video Prep\venv\Lib\site-packages\static_ffmpeg\bin\win32\ffprobe.EXE -v error -select_streams v:0 -show_entries stream=width,height,r_frame_rate,duration -of csv=p=0 C:\Users\Andrew Baines\AppData\Local\Temp\gradio\247206ffe64c22adb510d996be8317f790f99a4d65fcefb8520d93569a506683\redgifs_gorgeousexcitedballoonfish.mp4
2026-09-09 16:54:33,603 [DEBUG] stdout: '1920,1080,30/1,27.533333\n'  stderr: ''
2026-09-09 16:54:33,605 [INFO]   -> 1920x1080 @ 30.000fps  27.53s
2026-09-09 16:54:33,605 [INFO] ffmpeg: F:\Githubrepostotest\Dragon Diffusion Video Prep\venv\Lib\site-packages\static_ffmpeg\bin\win32\ffmpeg.EXE -y -ss 4.025330299240436 -to 9.025330299240437 -i C:\Users\Andrew Baines\AppData\Local\Temp\gradio\247206ffe64c22adb510d996be8317f790f99a4d65fcefb8520d93569a506683\redgifs_gorgeousexcitedballoonfish.mp4 -vf scale=768:432,fps=25.0 -c:v libx264 -crf 18 -preset slow -c:a aac -b:a 192k F:\Githubrepostotest\Dragon Diffusion Video Prep\output\clip_redgifs_gorgeousexcitedballoonfish_4s.mp4
2026-09-09 16:54:34,558 [INFO] ffmpeg OK.
2026-09-09 16:54:34,558 [INFO] Done.
Input:  1920x1080 @ 30.00fps
Output: 768x432 @ 25.00fps
Clip:   4.0s → 9.0s  (5.0s)
Saved:  F:\Githubrepostotest\Dragon Diffusion Video Prep\output\clip_redgifs_gorgeousexcitedballoonfish_4s.mp4
2026-09-09 16:54:54,202 [INFO] Tab1 upload received: C:\Users\Andrew Baines\AppData\Local\Temp\gradio\3b639c07280b3105ba70ec8d61b6b22df9d1ad4d100b2a591684aa7b941447db\redgifs_grimyunkemptperegrinefalcon.mp4
2026-09-09 16:54:54,204 [INFO] Probing: C:\Users\Andrew Baines\AppData\Local\Temp\gradio\3b639c07280b3105ba70ec8d61b6b22df9d1ad4d100b2a591684aa7b941447db\redgifs_grimyunkemptperegrinefalcon.mp4
2026-09-09 16:54:54,204 [DEBUG] cmd: F:\Githubrepostotest\Dragon Diffusion Video Prep\venv\Lib\site-packages\static_ffmpeg\bin\win32\ffprobe.EXE -v error -select_streams v:0 -show_entries stream=width,height,r_frame_rate,duration -of csv=p=0 C:\Users\Andrew Baines\AppData\Local\Temp\gradio\3b639c07280b3105ba70ec8d61b6b22df9d1ad4d100b2a591684aa7b941447db\redgifs_grimyunkemptperegrinefalcon.mp4
2026-09-09 16:54:54,248 [DEBUG] stdout: '1920,1080,30/1,60.033333\n'  stderr: ''
2026-09-09 16:54:54,248 [INFO]   -> 1920x1080 @ 30.000fps  60.03s
2026-09-09 16:58:52,338 [INFO] Tab1 extract from: C:\Users\Andrew Baines\AppData\Local\Temp\gradio\3b639c07280b3105ba70ec8d61b6b22df9d1ad4d100b2a591684aa7b941447db\redgifs_grimyunkemptperegrinefalcon.mp4  start=4.21195  length=5
2026-09-09 16:58:52,339 [INFO] Probing: C:\Users\Andrew Baines\AppData\Local\Temp\gradio\3b639c07280b3105ba70ec8d61b6b22df9d1ad4d100b2a591684aa7b941447db\redgifs_grimyunkemptperegrinefalcon.mp4
2026-09-09 16:58:52,339 [DEBUG] cmd: F:\Githubrepostotest\Dragon Diffusion Video Prep\venv\Lib\site-packages\static_ffmpeg\bin\win32\ffprobe.EXE -v error -select_streams v:0 -show_entries stream=width,height,r_frame_rate,duration -of csv=p=0 C:\Users\Andrew Baines\AppData\Local\Temp\gradio\3b639c07280b3105ba70ec8d61b6b22df9d1ad4d100b2a591684aa7b941447db\redgifs_grimyunkemptperegrinefalcon.mp4
2026-09-09 16:58:52,471 [DEBUG] stdout: '1920,1080,30/1,60.033333\n'  stderr: ''
2026-09-09 16:58:52,471 [INFO]   -> 1920x1080 @ 30.000fps  60.03s
2026-09-09 16:58:52,471 [INFO] ffmpeg: F:\Githubrepostotest\Dragon Diffusion Video Prep\venv\Lib\site-packages\static_ffmpeg\bin\win32\ffmpeg.EXE -y -ss 4.21195 -to 9.21195 -i C:\Users\Andrew Baines\AppData\Local\Temp\gradio\3b639c07280b3105ba70ec8d61b6b22df9d1ad4d100b2a591684aa7b941447db\redgifs_grimyunkemptperegrinefalcon.mp4 -vf scale=768:432,fps=25.0 -c:v libx264 -crf 18 -preset slow -c:a aac -b:a 192k F:\Githubrepostotest\Dragon Diffusion Video Prep\output\clip_redgifs_grimyunkemptperegrinefalcon_4s.mp4
2026-09-09 16:58:53,196 [INFO] ffmpeg OK.
2026-09-09 16:58:53,196 [INFO] Done.
Input:  1920x1080 @ 30.00fps
Output: 768x432 @ 25.00fps
Clip:   4.2s → 9.2s  (5.0s)
Saved:  F:\Githubrepostotest\Dragon Diffusion Video Prep\output\clip_redgifs_grimyunkemptperegrinefalcon_4s.mp4
2026-09-09 16:59:05,860 [INFO] Tab1 upload received: C:\Users\Andrew Baines\AppData\Local\Temp\gradio\aecd082152e895ba23c50c336948a11b218b4440f807b5e86ab21de1cc20fa33\redgifs_hilariousnauticalladybug.mp4
2026-09-09 16:59:05,860 [INFO] Probing: C:\Users\Andrew Baines\AppData\Local\Temp\gradio\aecd082152e895ba23c50c336948a11b218b4440f807b5e86ab21de1cc20fa33\redgifs_hilariousnauticalladybug.mp4
2026-09-09 16:59:05,860 [DEBUG] cmd: F:\Githubrepostotest\Dragon Diffusion Video Prep\venv\Lib\site-packages\static_ffmpeg\bin\win32\ffprobe.EXE -v error -select_streams v:0 -show_entries stream=width,height,r_frame_rate,duration -of csv=p=0 C:\Users\Andrew Baines\AppData\Local\Temp\gradio\aecd082152e895ba23c50c336948a11b218b4440f807b5e86ab21de1cc20fa33\redgifs_hilariousnauticalladybug.mp4
2026-09-09 16:59:05,925 [DEBUG] stdout: '1920,1080,24000/1001,49.257542\n'  stderr: ''
2026-09-09 16:59:05,925 [INFO]   -> 1920x1080 @ 23.976fps  49.26s
2026-09-09 16:59:16,629 [INFO] Tab1 extract from: C:\Users\Andrew Baines\AppData\Local\Temp\gradio\aecd082152e895ba23c50c336948a11b218b4440f807b5e86ab21de1cc20fa33\redgifs_hilariousnauticalladybug.mp4  start=0  length=5
2026-09-09 16:59:16,629 [INFO] Probing: C:\Users\Andrew Baines\AppData\Local\Temp\gradio\aecd082152e895ba23c50c336948a11b218b4440f807b5e86ab21de1cc20fa33\redgifs_hilariousnauticalladybug.mp4
2026-09-09 16:59:16,629 [DEBUG] cmd: F:\Githubrepostotest\Dragon Diffusion Video Prep\venv\Lib\site-packages\static_ffmpeg\bin\win32\ffprobe.EXE -v error -select_streams v:0 -show_entries stream=width,height,r_frame_rate,duration -of csv=p=0 C:\Users\Andrew Baines\AppData\Local\Temp\gradio\aecd082152e895ba23c50c336948a11b218b4440f807b5e86ab21de1cc20fa33\redgifs_hilariousnauticalladybug.mp4
2026-09-09 16:59:16,659 [DEBUG] stdout: '1920,1080,24000/1001,49.257542\n'  stderr: ''
2026-09-09 16:59:16,659 [INFO]   -> 1920x1080 @ 23.976fps  49.26s
2026-09-09 16:59:16,659 [INFO] ffmpeg: F:\Githubrepostotest\Dragon Diffusion Video Prep\venv\Lib\site-packages\static_ffmpeg\bin\win32\ffmpeg.EXE -y -ss 0.0 -to 5.0 -i C:\Users\Andrew Baines\AppData\Local\Temp\gradio\aecd082152e895ba23c50c336948a11b218b4440f807b5e86ab21de1cc20fa33\redgifs_hilariousnauticalladybug.mp4 -vf scale=768:432,fps=23.976023976023978 -c:v libx264 -crf 18 -preset slow -c:a aac -b:a 192k F:\Githubrepostotest\Dragon Diffusion Video Prep\output\clip_redgifs_hilariousnauticalladybug_0s.mp4
2026-09-09 16:59:17,359 [INFO] ffmpeg OK.
2026-09-09 16:59:17,359 [INFO] Done.
Input:  1920x1080 @ 23.98fps
Output: 768x432 @ 23.98fps
Clip:   0.0s → 5.0s  (5.0s)
Saved:  F:\Githubrepostotest\Dragon Diffusion Video Prep\output\clip_redgifs_hilariousnauticalladybug_0s.mp4
2026-09-09 16:59:32,445 [INFO] Tab1 upload received: C:\Users\Andrew Baines\AppData\Local\Temp\gradio\a3a385a4183f68bd5078c559d309d41dc59ebb0a53a7bf3cc1432fb700c633d8\redgifs_jubilantunitedgoosefish.mp4
2026-09-09 16:59:32,449 [INFO] Probing: C:\Users\Andrew Baines\AppData\Local\Temp\gradio\a3a385a4183f68bd5078c559d309d41dc59ebb0a53a7bf3cc1432fb700c633d8\redgifs_jubilantunitedgoosefish.mp4
2026-09-09 16:59:32,449 [DEBUG] cmd: F:\Githubrepostotest\Dragon Diffusion Video Prep\venv\Lib\site-packages\static_ffmpeg\bin\win32\ffprobe.EXE -v error -select_streams v:0 -show_entries stream=width,height,r_frame_rate,duration -of csv=p=0 C:\Users\Andrew Baines\AppData\Local\Temp\gradio\a3a385a4183f68bd5078c559d309d41dc59ebb0a53a7bf3cc1432fb700c633d8\redgifs_jubilantunitedgoosefish.mp4
2026-09-09 16:59:32,495 [DEBUG] stdout: '1080,1874,60/1,22.183000\n'  stderr: ''
2026-09-09 16:59:32,495 [INFO]   -> 1080x1874 @ 60.000fps  22.18s
2026-09-09 16:59:40,286 [INFO] Tab1 extract from: C:\Users\Andrew Baines\AppData\Local\Temp\gradio\a3a385a4183f68bd5078c559d309d41dc59ebb0a53a7bf3cc1432fb700c633d8\redgifs_jubilantunitedgoosefish.mp4  start=0  length=5
2026-09-09 16:59:40,286 [INFO] Probing: C:\Users\Andrew Baines\AppData\Local\Temp\gradio\a3a385a4183f68bd5078c559d309d41dc59ebb0a53a7bf3cc1432fb700c633d8\redgifs_jubilantunitedgoosefish.mp4
2026-09-09 16:59:40,286 [DEBUG] cmd: F:\Githubrepostotest\Dragon Diffusion Video Prep\venv\Lib\site-packages\static_ffmpeg\bin\win32\ffprobe.EXE -v error -select_streams v:0 -show_entries stream=width,height,r_frame_rate,duration -of csv=p=0 C:\Users\Andrew Baines\AppData\Local\Temp\gradio\a3a385a4183f68bd5078c559d309d41dc59ebb0a53a7bf3cc1432fb700c633d8\redgifs_jubilantunitedgoosefish.mp4
2026-09-09 16:59:40,319 [DEBUG] stdout: '1080,1874,60/1,22.183000\n'  stderr: ''
2026-09-09 16:59:40,319 [INFO]   -> 1080x1874 @ 60.000fps  22.18s
2026-09-09 16:59:40,319 [INFO] ffmpeg: F:\Githubrepostotest\Dragon Diffusion Video Prep\venv\Lib\site-packages\static_ffmpeg\bin\win32\ffmpeg.EXE -y -ss 0.0 -to 5.0 -i C:\Users\Andrew Baines\AppData\Local\Temp\gradio\a3a385a4183f68bd5078c559d309d41dc59ebb0a53a7bf3cc1432fb700c633d8\redgifs_jubilantunitedgoosefish.mp4 -vf scale=442:768,fps=25.0 -c:v libx264 -crf 18 -preset slow -c:a aac -b:a 192k F:\Githubrepostotest\Dragon Diffusion Video Prep\output\clip_redgifs_jubilantunitedgoosefish_0s.mp4
2026-09-09 16:59:40,935 [INFO] ffmpeg OK.
2026-09-09 16:59:40,935 [INFO] Done.
Input:  1080x1874 @ 60.00fps
Output: 442x768 @ 25.00fps
Clip:   0.0s → 5.0s  (5.0s)
Saved:  F:\Githubrepostotest\Dragon Diffusion Video Prep\output\clip_redgifs_jubilantunitedgoosefish_0s.mp4
2026-09-09 16:59:59,330 [INFO] Tab1 upload received: C:\Users\Andrew Baines\AppData\Local\Temp\gradio\c29ccd05129621ca7c7c0d54a40f6189d4f54ba24b0b2cf9b14cc0b8bacf7d01\redgifs_klutzypoisedarchaeopteryx.mp4
2026-09-09 16:59:59,330 [INFO] Probing: C:\Users\Andrew Baines\AppData\Local\Temp\gradio\c29ccd05129621ca7c7c0d54a40f6189d4f54ba24b0b2cf9b14cc0b8bacf7d01\redgifs_klutzypoisedarchaeopteryx.mp4
2026-09-09 16:59:59,330 [DEBUG] cmd: F:\Githubrepostotest\Dragon Diffusion Video Prep\venv\Lib\site-packages\static_ffmpeg\bin\win32\ffprobe.EXE -v error -select_streams v:0 -show_entries stream=width,height,r_frame_rate,duration -of csv=p=0 C:\Users\Andrew Baines\AppData\Local\Temp\gradio\c29ccd05129621ca7c7c0d54a40f6189d4f54ba24b0b2cf9b14cc0b8bacf7d01\redgifs_klutzypoisedarchaeopteryx.mp4
2026-09-09 16:59:59,401 [DEBUG] stdout: '1920,1080,24/1,37.041667\n'  stderr: ''
2026-09-09 16:59:59,401 [INFO]   -> 1920x1080 @ 24.000fps  37.04s
2026-09-09 17:00:14,168 [INFO] Tab1 extract from: C:\Users\Andrew Baines\AppData\Local\Temp\gradio\c29ccd05129621ca7c7c0d54a40f6189d4f54ba24b0b2cf9b14cc0b8bacf7d01\redgifs_klutzypoisedarchaeopteryx.mp4  start=5.052254  length=5
2026-09-09 17:00:14,168 [INFO] Probing: C:\Users\Andrew Baines\AppData\Local\Temp\gradio\c29ccd05129621ca7c7c0d54a40f6189d4f54ba24b0b2cf9b14cc0b8bacf7d01\redgifs_klutzypoisedarchaeopteryx.mp4
2026-09-09 17:00:14,171 [DEBUG] cmd: F:\Githubrepostotest\Dragon Diffusion Video Prep\venv\Lib\site-packages\static_ffmpeg\bin\win32\ffprobe.EXE -v error -select_streams v:0 -show_entries stream=width,height,r_frame_rate,duration -of csv=p=0 C:\Users\Andrew Baines\AppData\Local\Temp\gradio\c29ccd05129621ca7c7c0d54a40f6189d4f54ba24b0b2cf9b14cc0b8bacf7d01\redgifs_klutzypoisedarchaeopteryx.mp4
2026-09-09 17:00:14,214 [DEBUG] stdout: '1920,1080,24/1,37.041667\n'  stderr: ''
2026-09-09 17:00:14,214 [INFO]   -> 1920x1080 @ 24.000fps  37.04s
2026-09-09 17:00:14,214 [INFO] ffmpeg: F:\Githubrepostotest\Dragon Diffusion Video Prep\venv\Lib\site-packages\static_ffmpeg\bin\win32\ffmpeg.EXE -y -ss 5.052254 -to 10.052254 -i C:\Users\Andrew Baines\AppData\Local\Temp\gradio\c29ccd05129621ca7c7c0d54a40f6189d4f54ba24b0b2cf9b14cc0b8bacf7d01\redgifs_klutzypoisedarchaeopteryx.mp4 -vf scale=768:432,fps=24.0 -c:v libx264 -crf 18 -preset slow -c:a aac -b:a 192k F:\Githubrepostotest\Dragon Diffusion Video Prep\output\clip_redgifs_klutzypoisedarchaeopteryx_5s.mp4
2026-09-09 17:00:14,892 [INFO] ffmpeg OK.
2026-09-09 17:00:14,892 [INFO] Done.
Input:  1920x1080 @ 24.00fps
Output: 768x432 @ 24.00fps
Clip:   5.1s → 10.1s  (5.0s)
Saved:  F:\Githubrepostotest\Dragon Diffusion Video Prep\output\clip_redgifs_klutzypoisedarchaeopteryx_5s.mp4
2026-09-09 17:00:52,489 [INFO] Tab1 upload received: C:\Users\Andrew Baines\AppData\Local\Temp\gradio\68f81876b02b7e92dbeb977ba5a7d50cb83557e84bafaaca97ce73ae2bbb6b52\redgifs_mildinferiorquagga.mp4
2026-09-09 17:00:52,489 [INFO] Probing: C:\Users\Andrew Baines\AppData\Local\Temp\gradio\68f81876b02b7e92dbeb977ba5a7d50cb83557e84bafaaca97ce73ae2bbb6b52\redgifs_mildinferiorquagga.mp4
2026-09-09 17:00:52,489 [DEBUG] cmd: F:\Githubrepostotest\Dragon Diffusion Video Prep\venv\Lib\site-packages\static_ffmpeg\bin\win32\ffprobe.EXE -v error -select_streams v:0 -show_entries stream=width,height,r_frame_rate,duration -of csv=p=0 C:\Users\Andrew Baines\AppData\Local\Temp\gradio\68f81876b02b7e92dbeb977ba5a7d50cb83557e84bafaaca97ce73ae2bbb6b52\redgifs_mildinferiorquagga.mp4
2026-09-09 17:00:52,778 [DEBUG] stdout: '1080,1440,30/1,60.000000\n'  stderr: ''
2026-09-09 17:00:52,778 [INFO]   -> 1080x1440 @ 30.000fps  60.00s
2026-09-09 17:01:04,128 [INFO] Tab1 extract from: C:\Users\Andrew Baines\AppData\Local\Temp\gradio\68f81876b02b7e92dbeb977ba5a7d50cb83557e84bafaaca97ce73ae2bbb6b52\redgifs_mildinferiorquagga.mp4  start=26.35242759284056  length=5
2026-09-09 17:01:04,128 [INFO] Probing: C:\Users\Andrew Baines\AppData\Local\Temp\gradio\68f81876b02b7e92dbeb977ba5a7d50cb83557e84bafaaca97ce73ae2bbb6b52\redgifs_mildinferiorquagga.mp4
2026-09-09 17:01:04,128 [DEBUG] cmd: F:\Githubrepostotest\Dragon Diffusion Video Prep\venv\Lib\site-packages\static_ffmpeg\bin\win32\ffprobe.EXE -v error -select_streams v:0 -show_entries stream=width,height,r_frame_rate,duration -of csv=p=0 C:\Users\Andrew Baines\AppData\Local\Temp\gradio\68f81876b02b7e92dbeb977ba5a7d50cb83557e84bafaaca97ce73ae2bbb6b52\redgifs_mildinferiorquagga.mp4
2026-09-09 17:01:04,167 [DEBUG] stdout: '1080,1440,30/1,60.000000\n'  stderr: ''
2026-09-09 17:01:04,167 [INFO]   -> 1080x1440 @ 30.000fps  60.00s
2026-09-09 17:01:04,167 [INFO] ffmpeg: F:\Githubrepostotest\Dragon Diffusion Video Prep\venv\Lib\site-packages\static_ffmpeg\bin\win32\ffmpeg.EXE -y -ss 26.35242759284056 -to 31.35242759284056 -i C:\Users\Andrew Baines\AppData\Local\Temp\gradio\68f81876b02b7e92dbeb977ba5a7d50cb83557e84bafaaca97ce73ae2bbb6b52\redgifs_mildinferiorquagga.mp4 -vf scale=576:768,fps=25.0 -c:v libx264 -crf 18 -preset slow -c:a aac -b:a 192k F:\Githubrepostotest\Dragon Diffusion Video Prep\output\clip_redgifs_mildinferiorquagga_26s.mp4
2026-09-09 17:01:05,049 [INFO] ffmpeg OK.
2026-09-09 17:01:05,049 [INFO] Done.
Input:  1080x1440 @ 30.00fps
Output: 576x768 @ 25.00fps
Clip:   26.4s → 31.4s  (5.0s)
Saved:  F:\Githubrepostotest\Dragon Diffusion Video Prep\output\clip_redgifs_mildinferiorquagga_26s.mp4
2026-09-09 17:01:32,849 [INFO] Tab1 upload received: C:\Users\Andrew Baines\AppData\Local\Temp\gradio\358f5304c98bd651559adbc10c975f79211ce159a00ffeff1f496af77943da9b\redgifs_radiantcleangossamerwingedbutterfly.mp4
2026-09-09 17:01:32,849 [INFO] Probing: C:\Users\Andrew Baines\AppData\Local\Temp\gradio\358f5304c98bd651559adbc10c975f79211ce159a00ffeff1f496af77943da9b\redgifs_radiantcleangossamerwingedbutterfly.mp4
2026-09-09 17:01:32,850 [DEBUG] cmd: F:\Githubrepostotest\Dragon Diffusion Video Prep\venv\Lib\site-packages\static_ffmpeg\bin\win32\ffprobe.EXE -v error -select_streams v:0 -show_entries stream=width,height,r_frame_rate,duration -of csv=p=0 C:\Users\Andrew Baines\AppData\Local\Temp\gradio\358f5304c98bd651559adbc10c975f79211ce159a00ffeff1f496af77943da9b\redgifs_radiantcleangossamerwingedbutterfly.mp4
2026-09-09 17:01:32,899 [DEBUG] stdout: '1920,1080,24000/1001,59.934875\n'  stderr: ''
2026-09-09 17:01:32,899 [INFO]   -> 1920x1080 @ 23.976fps  59.93s
2026-09-09 17:01:40,438 [INFO] Tab1 extract from: C:\Users\Andrew Baines\AppData\Local\Temp\gradio\358f5304c98bd651559adbc10c975f79211ce159a00ffeff1f496af77943da9b\redgifs_radiantcleangossamerwingedbutterfly.mp4  start=0  length=5
2026-09-09 17:01:40,438 [INFO] Probing: C:\Users\Andrew Baines\AppData\Local\Temp\gradio\358f5304c98bd651559adbc10c975f79211ce159a00ffeff1f496af77943da9b\redgifs_radiantcleangossamerwingedbutterfly.mp4
2026-09-09 17:01:40,439 [DEBUG] cmd: F:\Githubrepostotest\Dragon Diffusion Video Prep\venv\Lib\site-packages\static_ffmpeg\bin\win32\ffprobe.EXE -v error -select_streams v:0 -show_entries stream=width,height,r_frame_rate,duration -of csv=p=0 C:\Users\Andrew Baines\AppData\Local\Temp\gradio\358f5304c98bd651559adbc10c975f79211ce159a00ffeff1f496af77943da9b\redgifs_radiantcleangossamerwingedbutterfly.mp4
2026-09-09 17:01:40,468 [DEBUG] stdout: '1920,1080,24000/1001,59.934875\n'  stderr: ''
2026-09-09 17:01:40,468 [INFO]   -> 1920x1080 @ 23.976fps  59.93s
2026-09-09 17:01:40,468 [INFO] ffmpeg: F:\Githubrepostotest\Dragon Diffusion Video Prep\venv\Lib\site-packages\static_ffmpeg\bin\win32\ffmpeg.EXE -y -ss 0.0 -to 5.0 -i C:\Users\Andrew Baines\AppData\Local\Temp\gradio\358f5304c98bd651559adbc10c975f79211ce159a00ffeff1f496af77943da9b\redgifs_radiantcleangossamerwingedbutterfly.mp4 -vf scale=768:432,fps=23.976023976023978 -c:v libx264 -crf 18 -preset slow -c:a aac -b:a 192k F:\Githubrepostotest\Dragon Diffusion Video Prep\output\clip_redgifs_radiantcleangossamerwingedbutterfly_0s.mp4
2026-09-09 17:01:41,124 [INFO] ffmpeg OK.
2026-09-09 17:01:41,124 [INFO] Done.
Input:  1920x1080 @ 23.98fps
Output: 768x432 @ 23.98fps
Clip:   0.0s → 5.0s  (5.0s)
Saved:  F:\Githubrepostotest\Dragon Diffusion Video Prep\output\clip_redgifs_radiantcleangossamerwingedbutterfly_0s.mp4
2026-09-09 17:01:52,409 [INFO] Tab1 upload received: C:\Users\Andrew Baines\AppData\Local\Temp\gradio\bfc334250631d9c1e1686d927e5436705e0c1737e1411294e20e6985c97ec1c3\redgifs_realisticattractivenightingale.mp4
2026-09-09 17:01:52,409 [INFO] Probing: C:\Users\Andrew Baines\AppData\Local\Temp\gradio\bfc334250631d9c1e1686d927e5436705e0c1737e1411294e20e6985c97ec1c3\redgifs_realisticattractivenightingale.mp4
2026-09-09 17:01:52,409 [DEBUG] cmd: F:\Githubrepostotest\Dragon Diffusion Video Prep\venv\Lib\site-packages\static_ffmpeg\bin\win32\ffprobe.EXE -v error -select_streams v:0 -show_entries stream=width,height,r_frame_rate,duration -of csv=p=0 C:\Users\Andrew Baines\AppData\Local\Temp\gradio\bfc334250631d9c1e1686d927e5436705e0c1737e1411294e20e6985c97ec1c3\redgifs_realisticattractivenightingale.mp4
2026-09-09 17:01:52,469 [DEBUG] stdout: '1920,1080,50/1,60.020000\n'  stderr: ''
2026-09-09 17:01:52,469 [INFO]   -> 1920x1080 @ 50.000fps  60.02s
2026-09-09 17:02:22,196 [INFO] Tab1 extract from: C:\Users\Andrew Baines\AppData\Local\Temp\gradio\bfc334250631d9c1e1686d927e5436705e0c1737e1411294e20e6985c97ec1c3\redgifs_realisticattractivenightingale.mp4  start=0  length=5
2026-09-09 17:02:22,197 [INFO] Probing: C:\Users\Andrew Baines\AppData\Local\Temp\gradio\bfc334250631d9c1e1686d927e5436705e0c1737e1411294e20e6985c97ec1c3\redgifs_realisticattractivenightingale.mp4
2026-09-09 17:02:22,197 [DEBUG] cmd: F:\Githubrepostotest\Dragon Diffusion Video Prep\venv\Lib\site-packages\static_ffmpeg\bin\win32\ffprobe.EXE -v error -select_streams v:0 -show_entries stream=width,height,r_frame_rate,duration -of csv=p=0 C:\Users\Andrew Baines\AppData\Local\Temp\gradio\bfc334250631d9c1e1686d927e5436705e0c1737e1411294e20e6985c97ec1c3\redgifs_realisticattractivenightingale.mp4
2026-09-09 17:02:22,233 [DEBUG] stdout: '1920,1080,50/1,60.020000\n'  stderr: ''
2026-09-09 17:02:22,233 [INFO]   -> 1920x1080 @ 50.000fps  60.02s
2026-09-09 17:02:22,233 [INFO] ffmpeg: F:\Githubrepostotest\Dragon Diffusion Video Prep\venv\Lib\site-packages\static_ffmpeg\bin\win32\ffmpeg.EXE -y -ss 0.0 -to 5.0 -i C:\Users\Andrew Baines\AppData\Local\Temp\gradio\bfc334250631d9c1e1686d927e5436705e0c1737e1411294e20e6985c97ec1c3\redgifs_realisticattractivenightingale.mp4 -vf scale=768:432,fps=25.0 -c:v libx264 -crf 18 -preset slow -c:a aac -b:a 192k F:\Githubrepostotest\Dragon Diffusion Video Prep\output\clip_redgifs_realisticattractivenightingale_0s.mp4
2026-09-09 17:02:22,967 [INFO] ffmpeg OK.
2026-09-09 17:02:22,967 [INFO] Done.
Input:  1920x1080 @ 50.00fps
Output: 768x432 @ 25.00fps
Clip:   0.0s → 5.0s  (5.0s)
Saved:  F:\Githubrepostotest\Dragon Diffusion Video Prep\output\clip_redgifs_realisticattractivenightingale_0s.mp4
2026-09-09 17:02:46,012 [INFO] Tab1 upload received: C:\Users\Andrew Baines\AppData\Local\Temp\gradio\d7c2053a43a291c4635ee4b9f75fde4f97b70e89a423051a6cebd0f4082dcd26\redgifs_scientificfelinedrongo.mp4
2026-09-09 17:02:46,012 [INFO] Probing: C:\Users\Andrew Baines\AppData\Local\Temp\gradio\d7c2053a43a291c4635ee4b9f75fde4f97b70e89a423051a6cebd0f4082dcd26\redgifs_scientificfelinedrongo.mp4
2026-09-09 17:02:46,015 [DEBUG] cmd: F:\Githubrepostotest\Dragon Diffusion Video Prep\venv\Lib\site-packages\static_ffmpeg\bin\win32\ffprobe.EXE -v error -select_streams v:0 -show_entries stream=width,height,r_frame_rate,duration -of csv=p=0 C:\Users\Andrew Baines\AppData\Local\Temp\gradio\d7c2053a43a291c4635ee4b9f75fde4f97b70e89a423051a6cebd0f4082dcd26\redgifs_scientificfelinedrongo.mp4
2026-09-09 17:02:46,061 [DEBUG] stdout: '1920,1080,30000/1001,30.563867\n'  stderr: ''
2026-09-09 17:02:46,061 [INFO]   -> 1920x1080 @ 29.970fps  30.56s
2026-09-09 17:02:47,950 [INFO] Tab1 extract from: C:\Users\Andrew Baines\AppData\Local\Temp\gradio\d7c2053a43a291c4635ee4b9f75fde4f97b70e89a423051a6cebd0f4082dcd26\redgifs_scientificfelinedrongo.mp4  start=0  length=5
2026-09-09 17:02:47,950 [INFO] Probing: C:\Users\Andrew Baines\AppData\Local\Temp\gradio\d7c2053a43a291c4635ee4b9f75fde4f97b70e89a423051a6cebd0f4082dcd26\redgifs_scientificfelinedrongo.mp4
2026-09-09 17:02:47,950 [DEBUG] cmd: F:\Githubrepostotest\Dragon Diffusion Video Prep\venv\Lib\site-packages\static_ffmpeg\bin\win32\ffprobe.EXE -v error -select_streams v:0 -show_entries stream=width,height,r_frame_rate,duration -of csv=p=0 C:\Users\Andrew Baines\AppData\Local\Temp\gradio\d7c2053a43a291c4635ee4b9f75fde4f97b70e89a423051a6cebd0f4082dcd26\redgifs_scientificfelinedrongo.mp4
2026-09-09 17:02:47,981 [DEBUG] stdout: '1920,1080,30000/1001,30.563867\n'  stderr: ''
2026-09-09 17:02:47,981 [INFO]   -> 1920x1080 @ 29.970fps  30.56s
2026-09-09 17:02:47,981 [INFO] ffmpeg: F:\Githubrepostotest\Dragon Diffusion Video Prep\venv\Lib\site-packages\static_ffmpeg\bin\win32\ffmpeg.EXE -y -ss 0.0 -to 5.0 -i C:\Users\Andrew Baines\AppData\Local\Temp\gradio\d7c2053a43a291c4635ee4b9f75fde4f97b70e89a423051a6cebd0f4082dcd26\redgifs_scientificfelinedrongo.mp4 -vf scale=768:432,fps=25.0 -c:v libx264 -crf 18 -preset slow -c:a aac -b:a 192k F:\Githubrepostotest\Dragon Diffusion Video Prep\output\clip_redgifs_scientificfelinedrongo_0s.mp4
2026-09-09 17:02:48,544 [INFO] ffmpeg OK.
2026-09-09 17:02:48,544 [INFO] Done.
Input:  1920x1080 @ 29.97fps
Output: 768x432 @ 25.00fps
Clip:   0.0s → 5.0s  (5.0s)
Saved:  F:\Githubrepostotest\Dragon Diffusion Video Prep\output\clip_redgifs_scientificfelinedrongo_0s.mp4
2026-09-09 17:03:10,203 [INFO] Tab1 upload received: C:\Users\Andrew Baines\AppData\Local\Temp\gradio\3a97683e3ed5582947ca09dc1d91613e2bd07526381eb5025035dbaeb817a419\redgifs_steelbluesuperbcockroach.mp4
2026-09-09 17:03:10,203 [INFO] Probing: C:\Users\Andrew Baines\AppData\Local\Temp\gradio\3a97683e3ed5582947ca09dc1d91613e2bd07526381eb5025035dbaeb817a419\redgifs_steelbluesuperbcockroach.mp4
2026-09-09 17:03:10,203 [DEBUG] cmd: F:\Githubrepostotest\Dragon Diffusion Video Prep\venv\Lib\site-packages\static_ffmpeg\bin\win32\ffprobe.EXE -v error -select_streams v:0 -show_entries stream=width,height,r_frame_rate,duration -of csv=p=0 C:\Users\Andrew Baines\AppData\Local\Temp\gradio\3a97683e3ed5582947ca09dc1d91613e2bd07526381eb5025035dbaeb817a419\redgifs_steelbluesuperbcockroach.mp4
2026-09-09 17:03:10,247 [DEBUG] stdout: '1080,1214,60/1,60.016667\n'  stderr: ''
2026-09-09 17:03:10,247 [INFO]   -> 1080x1214 @ 60.000fps  60.02s
2026-09-09 17:03:15,841 [INFO] Tab1 extract from: C:\Users\Andrew Baines\AppData\Local\Temp\gradio\3a97683e3ed5582947ca09dc1d91613e2bd07526381eb5025035dbaeb817a419\redgifs_steelbluesuperbcockroach.mp4  start=0  length=5
2026-09-09 17:03:15,841 [INFO] Probing: C:\Users\Andrew Baines\AppData\Local\Temp\gradio\3a97683e3ed5582947ca09dc1d91613e2bd07526381eb5025035dbaeb817a419\redgifs_steelbluesuperbcockroach.mp4
2026-09-09 17:03:15,841 [DEBUG] cmd: F:\Githubrepostotest\Dragon Diffusion Video Prep\venv\Lib\site-packages\static_ffmpeg\bin\win32\ffprobe.EXE -v error -select_streams v:0 -show_entries stream=width,height,r_frame_rate,duration -of csv=p=0 C:\Users\Andrew Baines\AppData\Local\Temp\gradio\3a97683e3ed5582947ca09dc1d91613e2bd07526381eb5025035dbaeb817a419\redgifs_steelbluesuperbcockroach.mp4
2026-09-09 17:03:15,872 [DEBUG] stdout: '1080,1214,60/1,60.016667\n'  stderr: ''
2026-09-09 17:03:15,872 [INFO]   -> 1080x1214 @ 60.000fps  60.02s
2026-09-09 17:03:15,872 [INFO] ffmpeg: F:\Githubrepostotest\Dragon Diffusion Video Prep\venv\Lib\site-packages\static_ffmpeg\bin\win32\ffmpeg.EXE -y -ss 0.0 -to 5.0 -i C:\Users\Andrew Baines\AppData\Local\Temp\gradio\3a97683e3ed5582947ca09dc1d91613e2bd07526381eb5025035dbaeb817a419\redgifs_steelbluesuperbcockroach.mp4 -vf scale=684:768,fps=25.0 -c:v libx264 -crf 18 -preset slow -c:a aac -b:a 192k F:\Githubrepostotest\Dragon Diffusion Video Prep\output\clip_redgifs_steelbluesuperbcockroach_0s.mp4
2026-09-09 17:03:16,522 [INFO] ffmpeg OK.
2026-09-09 17:03:16,522 [INFO] Done.
Input:  1080x1214 @ 60.00fps
Output: 684x768 @ 25.00fps
Clip:   0.0s → 5.0s  (5.0s)
Saved:  F:\Githubrepostotest\Dragon Diffusion Video Prep\output\clip_redgifs_steelbluesuperbcockroach_0s.mp4
2026-09-09 17:03:39,735 [INFO] Tab1 upload received: C:\Users\Andrew Baines\AppData\Local\Temp\gradio\bf59fbd2d8cd9756c1b7cf6d00c4552ddc0733003fac63924110cda64963b5b2\redgifs_unwelcomeickywryneck.mp4
2026-09-09 17:03:39,735 [INFO] Probing: C:\Users\Andrew Baines\AppData\Local\Temp\gradio\bf59fbd2d8cd9756c1b7cf6d00c4552ddc0733003fac63924110cda64963b5b2\redgifs_unwelcomeickywryneck.mp4
2026-09-09 17:03:39,740 [DEBUG] cmd: F:\Githubrepostotest\Dragon Diffusion Video Prep\venv\Lib\site-packages\static_ffmpeg\bin\win32\ffprobe.EXE -v error -select_streams v:0 -show_entries stream=width,height,r_frame_rate,duration -of csv=p=0 C:\Users\Andrew Baines\AppData\Local\Temp\gradio\bf59fbd2d8cd9756c1b7cf6d00c4552ddc0733003fac63924110cda64963b5b2\redgifs_unwelcomeickywryneck.mp4
2026-09-09 17:03:39,794 [DEBUG] stdout: '1080,1920,30/1,57.700000\n'  stderr: ''
2026-09-09 17:03:39,794 [INFO]   -> 1080x1920 @ 30.000fps  57.70s
2026-09-09 17:03:51,532 [INFO] Tab1 extract from: C:\Users\Andrew Baines\AppData\Local\Temp\gradio\bf59fbd2d8cd9756c1b7cf6d00c4552ddc0733003fac63924110cda64963b5b2\redgifs_unwelcomeickywryneck.mp4  start=0  length=5
2026-09-09 17:03:51,532 [INFO] Probing: C:\Users\Andrew Baines\AppData\Local\Temp\gradio\bf59fbd2d8cd9756c1b7cf6d00c4552ddc0733003fac63924110cda64963b5b2\redgifs_unwelcomeickywryneck.mp4
2026-09-09 17:03:51,532 [DEBUG] cmd: F:\Githubrepostotest\Dragon Diffusion Video Prep\venv\Lib\site-packages\static_ffmpeg\bin\win32\ffprobe.EXE -v error -select_streams v:0 -show_entries stream=width,height,r_frame_rate,duration -of csv=p=0 C:\Users\Andrew Baines\AppData\Local\Temp\gradio\bf59fbd2d8cd9756c1b7cf6d00c4552ddc0733003fac63924110cda64963b5b2\redgifs_unwelcomeickywryneck.mp4
2026-09-09 17:03:51,576 [DEBUG] stdout: '1080,1920,30/1,57.700000\n'  stderr: ''
2026-09-09 17:03:51,576 [INFO]   -> 1080x1920 @ 30.000fps  57.70s
2026-09-09 17:03:51,576 [INFO] ffmpeg: F:\Githubrepostotest\Dragon Diffusion Video Prep\venv\Lib\site-packages\static_ffmpeg\bin\win32\ffmpeg.EXE -y -ss 0.0 -to 5.0 -i C:\Users\Andrew Baines\AppData\Local\Temp\gradio\bf59fbd2d8cd9756c1b7cf6d00c4552ddc0733003fac63924110cda64963b5b2\redgifs_unwelcomeickywryneck.mp4 -vf scale=432:768,fps=25.0 -c:v libx264 -crf 18 -preset slow -c:a aac -b:a 192k F:\Githubrepostotest\Dragon Diffusion Video Prep\output\clip_redgifs_unwelcomeickywryneck_0s.mp4
2026-09-09 17:03:52,072 [INFO] ffmpeg OK.
2026-09-09 17:03:52,072 [INFO] Done.
Input:  1080x1920 @ 30.00fps
Output: 432x768 @ 25.00fps
Clip:   0.0s → 5.0s  (5.0s)
Saved:  F:\Githubrepostotest\Dragon Diffusion Video Prep\output\clip_redgifs_unwelcomeickywryneck_0s.mp4
2026-09-09 17:04:21,102 [INFO] Tab1 extract from: C:\Users\Andrew Baines\AppData\Local\Temp\gradio\bf59fbd2d8cd9756c1b7cf6d00c4552ddc0733003fac63924110cda64963b5b2\redgifs_unwelcomeickywryneck.mp4  start=14.52276  length=5
2026-09-09 17:04:21,102 [INFO] Probing: C:\Users\Andrew Baines\AppData\Local\Temp\gradio\bf59fbd2d8cd9756c1b7cf6d00c4552ddc0733003fac63924110cda64963b5b2\redgifs_unwelcomeickywryneck.mp4
2026-09-09 17:04:21,102 [DEBUG] cmd: F:\Githubrepostotest\Dragon Diffusion Video Prep\venv\Lib\site-packages\static_ffmpeg\bin\win32\ffprobe.EXE -v error -select_streams v:0 -show_entries stream=width,height,r_frame_rate,duration -of csv=p=0 C:\Users\Andrew Baines\AppData\Local\Temp\gradio\bf59fbd2d8cd9756c1b7cf6d00c4552ddc0733003fac63924110cda64963b5b2\redgifs_unwelcomeickywryneck.mp4
2026-09-09 17:04:21,353 [DEBUG] stdout: '1080,1920,30/1,57.700000\n'  stderr: ''
2026-09-09 17:04:21,353 [INFO]   -> 1080x1920 @ 30.000fps  57.70s
2026-09-09 17:04:21,353 [INFO] ffmpeg: F:\Githubrepostotest\Dragon Diffusion Video Prep\venv\Lib\site-packages\static_ffmpeg\bin\win32\ffmpeg.EXE -y -ss 14.52276 -to 19.522759999999998 -i C:\Users\Andrew Baines\AppData\Local\Temp\gradio\bf59fbd2d8cd9756c1b7cf6d00c4552ddc0733003fac63924110cda64963b5b2\redgifs_unwelcomeickywryneck.mp4 -vf scale=432:768,fps=25.0 -c:v libx264 -crf 18 -preset slow -c:a aac -b:a 192k F:\Githubrepostotest\Dragon Diffusion Video Prep\output\clip_redgifs_unwelcomeickywryneck_14s.mp4
2026-09-09 17:04:22,110 [INFO] ffmpeg OK.
2026-09-09 17:04:22,110 [INFO] Done.
Input:  1080x1920 @ 30.00fps
Output: 432x768 @ 25.00fps
Clip:   14.5s → 19.5s  (5.0s)
Saved:  F:\Githubrepostotest\Dragon Diffusion Video Prep\output\clip_redgifs_unwelcomeickywryneck_14s.mp4
2026-09-09 17:04:52,510 [INFO] Tab1 extract from: C:\Users\Andrew Baines\AppData\Local\Temp\gradio\bf59fbd2d8cd9756c1b7cf6d00c4552ddc0733003fac63924110cda64963b5b2\redgifs_unwelcomeickywryneck.mp4  start=20.286784811254044  length=5
2026-09-09 17:04:52,510 [INFO] Probing: C:\Users\Andrew Baines\AppData\Local\Temp\gradio\bf59fbd2d8cd9756c1b7cf6d00c4552ddc0733003fac63924110cda64963b5b2\redgifs_unwelcomeickywryneck.mp4
2026-09-09 17:04:52,510 [DEBUG] cmd: F:\Githubrepostotest\Dragon Diffusion Video Prep\venv\Lib\site-packages\static_ffmpeg\bin\win32\ffprobe.EXE -v error -select_streams v:0 -show_entries stream=width,height,r_frame_rate,duration -of csv=p=0 C:\Users\Andrew Baines\AppData\Local\Temp\gradio\bf59fbd2d8cd9756c1b7cf6d00c4552ddc0733003fac63924110cda64963b5b2\redgifs_unwelcomeickywryneck.mp4
2026-09-09 17:04:52,540 [DEBUG] stdout: '1080,1920,30/1,57.700000\n'  stderr: ''
2026-09-09 17:04:52,540 [INFO]   -> 1080x1920 @ 30.000fps  57.70s
2026-09-09 17:04:52,540 [INFO] ffmpeg: F:\Githubrepostotest\Dragon Diffusion Video Prep\venv\Lib\site-packages\static_ffmpeg\bin\win32\ffmpeg.EXE -y -ss 20.286784811254044 -to 25.286784811254044 -i C:\Users\Andrew Baines\AppData\Local\Temp\gradio\bf59fbd2d8cd9756c1b7cf6d00c4552ddc0733003fac63924110cda64963b5b2\redgifs_unwelcomeickywryneck.mp4 -vf scale=432:768,fps=25.0 -c:v libx264 -crf 18 -preset slow -c:a aac -b:a 192k F:\Githubrepostotest\Dragon Diffusion Video Prep\output\clip_redgifs_unwelcomeickywryneck_20s.mp4
2026-09-09 17:04:53,059 [INFO] ffmpeg OK.
2026-09-09 17:04:53,060 [INFO] Done.
Input:  1080x1920 @ 30.00fps
Output: 432x768 @ 25.00fps
Clip:   20.3s → 25.3s  (5.0s)
Saved:  F:\Githubrepostotest\Dragon Diffusion Video Prep\output\clip_redgifs_unwelcomeickywryneck_20s.mp4
2026-09-09 17:05:11,631 [INFO] Tab1 extract from: C:\Users\Andrew Baines\AppData\Local\Temp\gradio\bf59fbd2d8cd9756c1b7cf6d00c4552ddc0733003fac63924110cda64963b5b2\redgifs_unwelcomeickywryneck.mp4  start=26.879811  length=5
2026-09-09 17:05:11,632 [INFO] Probing: C:\Users\Andrew Baines\AppData\Local\Temp\gradio\bf59fbd2d8cd9756c1b7cf6d00c4552ddc0733003fac63924110cda64963b5b2\redgifs_unwelcomeickywryneck.mp4
2026-09-09 17:05:11,632 [DEBUG] cmd: F:\Githubrepostotest\Dragon Diffusion Video Prep\venv\Lib\site-packages\static_ffmpeg\bin\win32\ffprobe.EXE -v error -select_streams v:0 -show_entries stream=width,height,r_frame_rate,duration -of csv=p=0 C:\Users\Andrew Baines\AppData\Local\Temp\gradio\bf59fbd2d8cd9756c1b7cf6d00c4552ddc0733003fac63924110cda64963b5b2\redgifs_unwelcomeickywryneck.mp4
2026-09-09 17:05:11,663 [DEBUG] stdout: '1080,1920,30/1,57.700000\n'  stderr: ''
2026-09-09 17:05:11,664 [INFO]   -> 1080x1920 @ 30.000fps  57.70s
2026-09-09 17:05:11,664 [INFO] ffmpeg: F:\Githubrepostotest\Dragon Diffusion Video Prep\venv\Lib\site-packages\static_ffmpeg\bin\win32\ffmpeg.EXE -y -ss 26.879811 -to 31.879811 -i C:\Users\Andrew Baines\AppData\Local\Temp\gradio\bf59fbd2d8cd9756c1b7cf6d00c4552ddc0733003fac63924110cda64963b5b2\redgifs_unwelcomeickywryneck.mp4 -vf scale=432:768,fps=25.0 -c:v libx264 -crf 18 -preset slow -c:a aac -b:a 192k F:\Githubrepostotest\Dragon Diffusion Video Prep\output\clip_redgifs_unwelcomeickywryneck_26s.mp4
2026-09-09 17:05:12,230 [INFO] ffmpeg OK.
2026-09-09 17:05:12,231 [INFO] Done.
Input:  1080x1920 @ 30.00fps
Output: 432x768 @ 25.00fps
Clip:   26.9s → 31.9s  (5.0s)
Saved:  F:\Githubrepostotest\Dragon Diffusion Video Prep\output\clip_redgifs_unwelcomeickywryneck_26s.mp4
2026-09-09 17:05:54,532 [INFO] Tab1 extract from: C:\Users\Andrew Baines\AppData\Local\Temp\gradio\bf59fbd2d8cd9756c1b7cf6d00c4552ddc0733003fac63924110cda64963b5b2\redgifs_unwelcomeickywryneck.mp4  start=33.544602  length=4.5
2026-09-09 17:05:54,532 [INFO] Probing: C:\Users\Andrew Baines\AppData\Local\Temp\gradio\bf59fbd2d8cd9756c1b7cf6d00c4552ddc0733003fac63924110cda64963b5b2\redgifs_unwelcomeickywryneck.mp4
2026-09-09 17:05:54,532 [DEBUG] cmd: F:\Githubrepostotest\Dragon Diffusion Video Prep\venv\Lib\site-packages\static_ffmpeg\bin\win32\ffprobe.EXE -v error -select_streams v:0 -show_entries stream=width,height,r_frame_rate,duration -of csv=p=0 C:\Users\Andrew Baines\AppData\Local\Temp\gradio\bf59fbd2d8cd9756c1b7cf6d00c4552ddc0733003fac63924110cda64963b5b2\redgifs_unwelcomeickywryneck.mp4
2026-09-09 17:05:54,560 [DEBUG] stdout: '1080,1920,30/1,57.700000\n'  stderr: ''
2026-09-09 17:05:54,560 [INFO]   -> 1080x1920 @ 30.000fps  57.70s
2026-09-09 17:05:54,560 [INFO] ffmpeg: F:\Githubrepostotest\Dragon Diffusion Video Prep\venv\Lib\site-packages\static_ffmpeg\bin\win32\ffmpeg.EXE -y -ss 33.544602 -to 38.044602 -i C:\Users\Andrew Baines\AppData\Local\Temp\gradio\bf59fbd2d8cd9756c1b7cf6d00c4552ddc0733003fac63924110cda64963b5b2\redgifs_unwelcomeickywryneck.mp4 -vf scale=432:768,fps=25.0 -c:v libx264 -crf 18 -preset slow -c:a aac -b:a 192k F:\Githubrepostotest\Dragon Diffusion Video Prep\output\clip_redgifs_unwelcomeickywryneck_33s.mp4
2026-09-09 17:05:54,933 [INFO] ffmpeg OK.
2026-09-09 17:05:54,933 [INFO] Done.
Input:  1080x1920 @ 30.00fps
Output: 432x768 @ 25.00fps
Clip:   33.5s → 38.0s  (4.5s)
Saved:  F:\Githubrepostotest\Dragon Diffusion Video Prep\output\clip_redgifs_unwelcomeickywryneck_33s.mp4
2026-09-09 17:06:27,839 [INFO] Tab1 extract from: C:\Users\Andrew Baines\AppData\Local\Temp\gradio\bf59fbd2d8cd9756c1b7cf6d00c4552ddc0733003fac63924110cda64963b5b2\redgifs_unwelcomeickywryneck.mp4  start=38.851120409257135  length=4.5
2026-09-09 17:06:27,839 [INFO] Probing: C:\Users\Andrew Baines\AppData\Local\Temp\gradio\bf59fbd2d8cd9756c1b7cf6d00c4552ddc0733003fac63924110cda64963b5b2\redgifs_unwelcomeickywryneck.mp4
2026-09-09 17:06:27,839 [DEBUG] cmd: F:\Githubrepostotest\Dragon Diffusion Video Prep\venv\Lib\site-packages\static_ffmpeg\bin\win32\ffprobe.EXE -v error -select_streams v:0 -show_entries stream=width,height,r_frame_rate,duration -of csv=p=0 C:\Users\Andrew Baines\AppData\Local\Temp\gradio\bf59fbd2d8cd9756c1b7cf6d00c4552ddc0733003fac63924110cda64963b5b2\redgifs_unwelcomeickywryneck.mp4
2026-09-09 17:06:27,865 [DEBUG] stdout: '1080,1920,30/1,57.700000\n'  stderr: ''
2026-09-09 17:06:27,865 [INFO]   -> 1080x1920 @ 30.000fps  57.70s
2026-09-09 17:06:27,865 [INFO] ffmpeg: F:\Githubrepostotest\Dragon Diffusion Video Prep\venv\Lib\site-packages\static_ffmpeg\bin\win32\ffmpeg.EXE -y -ss 38.851120409257135 -to 43.351120409257135 -i C:\Users\Andrew Baines\AppData\Local\Temp\gradio\bf59fbd2d8cd9756c1b7cf6d00c4552ddc0733003fac63924110cda64963b5b2\redgifs_unwelcomeickywryneck.mp4 -vf scale=432:768,fps=25.0 -c:v libx264 -crf 18 -preset slow -c:a aac -b:a 192k F:\Githubrepostotest\Dragon Diffusion Video Prep\output\clip_redgifs_unwelcomeickywryneck_38s.mp4
2026-09-09 17:06:28,286 [INFO] ffmpeg OK.
2026-09-09 17:06:28,286 [INFO] Done.
Input:  1080x1920 @ 30.00fps
Output: 432x768 @ 25.00fps
Clip:   38.9s → 43.4s  (4.5s)
Saved:  F:\Githubrepostotest\Dragon Diffusion Video Prep\output\clip_redgifs_unwelcomeickywryneck_38s.mp4
2026-09-09 17:07:12,587 [INFO] Tab1 extract from: C:\Users\Andrew Baines\AppData\Local\Temp\gradio\bf59fbd2d8cd9756c1b7cf6d00c4552ddc0733003fac63924110cda64963b5b2\redgifs_unwelcomeickywryneck.mp4  start=44.32096929081162  length=5
2026-09-09 17:07:12,587 [INFO] Probing: C:\Users\Andrew Baines\AppData\Local\Temp\gradio\bf59fbd2d8cd9756c1b7cf6d00c4552ddc0733003fac63924110cda64963b5b2\redgifs_unwelcomeickywryneck.mp4
2026-09-09 17:07:12,587 [DEBUG] cmd: F:\Githubrepostotest\Dragon Diffusion Video Prep\venv\Lib\site-packages\static_ffmpeg\bin\win32\ffprobe.EXE -v error -select_streams v:0 -show_entries stream=width,height,r_frame_rate,duration -of csv=p=0 C:\Users\Andrew Baines\AppData\Local\Temp\gradio\bf59fbd2d8cd9756c1b7cf6d00c4552ddc0733003fac63924110cda64963b5b2\redgifs_unwelcomeickywryneck.mp4
2026-09-09 17:07:12,610 [DEBUG] stdout: '1080,1920,30/1,57.700000\n'  stderr: ''
2026-09-09 17:07:12,610 [INFO]   -> 1080x1920 @ 30.000fps  57.70s
2026-09-09 17:07:12,610 [INFO] ffmpeg: F:\Githubrepostotest\Dragon Diffusion Video Prep\venv\Lib\site-packages\static_ffmpeg\bin\win32\ffmpeg.EXE -y -ss 44.32096929081162 -to 49.32096929081162 -i C:\Users\Andrew Baines\AppData\Local\Temp\gradio\bf59fbd2d8cd9756c1b7cf6d00c4552ddc0733003fac63924110cda64963b5b2\redgifs_unwelcomeickywryneck.mp4 -vf scale=432:768,fps=25.0 -c:v libx264 -crf 18 -preset slow -c:a aac -b:a 192k F:\Githubrepostotest\Dragon Diffusion Video Prep\output\clip_redgifs_unwelcomeickywryneck_44s.mp4
2026-09-09 17:07:13,042 [INFO] ffmpeg OK.
2026-09-09 17:07:13,042 [INFO] Done.
Input:  1080x1920 @ 30.00fps
Output: 432x768 @ 25.00fps
Clip:   44.3s → 49.3s  (5.0s)
Saved:  F:\Githubrepostotest\Dragon Diffusion Video Prep\output\clip_redgifs_unwelcomeickywryneck_44s.mp4
2026-09-09 17:07:29,917 [INFO] Tab1 extract from: C:\Users\Andrew Baines\AppData\Local\Temp\gradio\bf59fbd2d8cd9756c1b7cf6d00c4552ddc0733003fac63924110cda64963b5b2\redgifs_unwelcomeickywryneck.mp4  start=50.435436  length=5
2026-09-09 17:07:29,917 [INFO] Probing: C:\Users\Andrew Baines\AppData\Local\Temp\gradio\bf59fbd2d8cd9756c1b7cf6d00c4552ddc0733003fac63924110cda64963b5b2\redgifs_unwelcomeickywryneck.mp4
2026-09-09 17:07:29,917 [DEBUG] cmd: F:\Githubrepostotest\Dragon Diffusion Video Prep\venv\Lib\site-packages\static_ffmpeg\bin\win32\ffprobe.EXE -v error -select_streams v:0 -show_entries stream=width,height,r_frame_rate,duration -of csv=p=0 C:\Users\Andrew Baines\AppData\Local\Temp\gradio\bf59fbd2d8cd9756c1b7cf6d00c4552ddc0733003fac63924110cda64963b5b2\redgifs_unwelcomeickywryneck.mp4
2026-09-09 17:07:29,942 [DEBUG] stdout: '1080,1920,30/1,57.700000\n'  stderr: ''
2026-09-09 17:07:29,942 [INFO]   -> 1080x1920 @ 30.000fps  57.70s
2026-09-09 17:07:29,942 [INFO] ffmpeg: F:\Githubrepostotest\Dragon Diffusion Video Prep\venv\Lib\site-packages\static_ffmpeg\bin\win32\ffmpeg.EXE -y -ss 50.435436 -to 55.435436 -i C:\Users\Andrew Baines\AppData\Local\Temp\gradio\bf59fbd2d8cd9756c1b7cf6d00c4552ddc0733003fac63924110cda64963b5b2\redgifs_unwelcomeickywryneck.mp4 -vf scale=432:768,fps=25.0 -c:v libx264 -crf 18 -preset slow -c:a aac -b:a 192k F:\Githubrepostotest\Dragon Diffusion Video Prep\output\clip_redgifs_unwelcomeickywryneck_50s.mp4
2026-09-09 17:07:30,400 [INFO] ffmpeg OK.
2026-09-09 17:07:30,400 [INFO] Done.
Input:  1080x1920 @ 30.00fps
Output: 432x768 @ 25.00fps
Clip:   50.4s → 55.4s  (5.0s)
Saved:  F:\Githubrepostotest\Dragon Diffusion Video Prep\output\clip_redgifs_unwelcomeickywryneck_50s.mp4
2026-09-09 17:07:37,693 [INFO] Tab1 upload received: C:\Users\Andrew Baines\AppData\Local\Temp\gradio\3e73e33d13b42ce6cdf5e88ecc50616afe2e6726d392f2eb6cbc12e7cd76d12d\redgifs_welcomeachinggoral.mp4
2026-09-09 17:07:37,693 [INFO] Probing: C:\Users\Andrew Baines\AppData\Local\Temp\gradio\3e73e33d13b42ce6cdf5e88ecc50616afe2e6726d392f2eb6cbc12e7cd76d12d\redgifs_welcomeachinggoral.mp4
2026-09-09 17:07:37,696 [DEBUG] cmd: F:\Githubrepostotest\Dragon Diffusion Video Prep\venv\Lib\site-packages\static_ffmpeg\bin\win32\ffprobe.EXE -v error -select_streams v:0 -show_entries stream=width,height,r_frame_rate,duration -of csv=p=0 C:\Users\Andrew Baines\AppData\Local\Temp\gradio\3e73e33d13b42ce6cdf5e88ecc50616afe2e6726d392f2eb6cbc12e7cd76d12d\redgifs_welcomeachinggoral.mp4
2026-09-09 17:07:37,734 [DEBUG] stdout: '1902,1080,30/1,19.066667\n'  stderr: ''
2026-09-09 17:07:37,734 [INFO]   -> 1902x1080 @ 30.000fps  19.07s
2026-09-09 17:08:13,474 [INFO] Tab1 extract from: C:\Users\Andrew Baines\AppData\Local\Temp\gradio\3e73e33d13b42ce6cdf5e88ecc50616afe2e6726d392f2eb6cbc12e7cd76d12d\redgifs_welcomeachinggoral.mp4  start=6.32036809910287  length=5
2026-09-09 17:08:13,474 [INFO] Probing: C:\Users\Andrew Baines\AppData\Local\Temp\gradio\3e73e33d13b42ce6cdf5e88ecc50616afe2e6726d392f2eb6cbc12e7cd76d12d\redgifs_welcomeachinggoral.mp4
2026-09-09 17:08:13,474 [DEBUG] cmd: F:\Githubrepostotest\Dragon Diffusion Video Prep\venv\Lib\site-packages\static_ffmpeg\bin\win32\ffprobe.EXE -v error -select_streams v:0 -show_entries stream=width,height,r_frame_rate,duration -of csv=p=0 C:\Users\Andrew Baines\AppData\Local\Temp\gradio\3e73e33d13b42ce6cdf5e88ecc50616afe2e6726d392f2eb6cbc12e7cd76d12d\redgifs_welcomeachinggoral.mp4
2026-09-09 17:08:13,503 [DEBUG] stdout: '1902,1080,30/1,19.066667\n'  stderr: ''
2026-09-09 17:08:13,503 [INFO]   -> 1902x1080 @ 30.000fps  19.07s
2026-09-09 17:08:13,503 [INFO] ffmpeg: F:\Githubrepostotest\Dragon Diffusion Video Prep\venv\Lib\site-packages\static_ffmpeg\bin\win32\ffmpeg.EXE -y -ss 6.32036809910287 -to 11.32036809910287 -i C:\Users\Andrew Baines\AppData\Local\Temp\gradio\3e73e33d13b42ce6cdf5e88ecc50616afe2e6726d392f2eb6cbc12e7cd76d12d\redgifs_welcomeachinggoral.mp4 -vf scale=768:436,fps=25.0 -c:v libx264 -crf 18 -preset slow -c:a aac -b:a 192k F:\Githubrepostotest\Dragon Diffusion Video Prep\output\clip_redgifs_welcomeachinggoral_6s.mp4
2026-09-09 17:08:14,078 [INFO] ffmpeg OK.
2026-09-09 17:08:14,078 [INFO] Done.
Input:  1902x1080 @ 30.00fps
Output: 768x436 @ 25.00fps
Clip:   6.3s → 11.3s  (5.0s)
Saved:  F:\Githubrepostotest\Dragon Diffusion Video Prep\output\clip_redgifs_welcomeachinggoral_6s.mp4
